time,open,high,low,close
1672531200,16530,16532,16507,16521
1672534800,16520,16542,16519,16542
1672538400,16540,16546,16532,16537
1672542000,16537,16537,16515,16522
1672545600,16523,16523,16509,16509
1672549200,16512,16519,16507,16518
1672552800,16519,16535,16519,16530
1672556400,16531,16533,16496,16517
1672560000,16517,16521,16501,16504
1672563600,16504,16529,16498,16529
1672567200,16527,16533,16524,16533
1672570800,16533,16544,16532,16544
1672574400,16544,16560,16544,16555
1672578000,16555,16559,16537,16541
1672581600,16544,16550,16540,16542
1672585200,16542,16546,16535,16546
1672588800,16546,16569,16546,16558
1672592400,16562,16586,16557,16572
1672596000,16573,16592,16573,16584
1672599600,16588,16612,16588,16597
1672603200,16597,16617,16594,16602
1672606800,16603,16603,16592,16602
1672610400,16603,16604,16590,16599
1672614000,16599,16622,16599,16615
1672617600,16615,16620,16584,16584
1672621200,16584,16584,16552,16561
1672624800,16560,16582,16556,16582
1672628400,16582,16688,16579,16661
1672632000,16660,16664,16630,16631
1672635600,16631,16648,16618,16641
1672639200,16642,16650,16633,16636
1672642800,16636,16746,16632,16718
1672646400,16716,16752,16710,16725
1672650000,16728,16738,16710,16712
1672653600,16712,16744,16706,16723
1672657200,16723,16730,16706,16730
1672660800,16730,16735,16718,16718
1672664400,16718,16719,16682,16688
1672668000,16689,16700,16672,16695
1672671600,16696,16739,16691,16727
1672675200,16732,16734,16708,16709
1672678800,16708,16715,16706,16709
1672682400,16709,16722,16704,16718
1672686000,16718,16728,16711,16727
1672689600,16728,16730,16706,16724
1672693200,16724,16782,16719,16751
1672696800,16753,16755,16690,16694
1672700400,16693,16716,16665,16673
1672704000,16668,16700,16655,16694
1672707600,16691,16691,16654,16672
1672711200,16672,16681,16668,16673
1672714800,16672,16694,16666,16689
1672718400,16690,16694,16682,16687
1672722000,16683,16720,16682,16720
1672725600,16720,16766,16720,16723
1672729200,16724,16727,16712,16727
1672732800,16727,16730,16699,16711
1672736400,16711,16748,16710,16736
1672740000,16741,16745,16722,16723
1672743600,16723,16728,16708,16716
1672747200,16715,16718,16702,16703
1672750800,16702,16728,16702,16723
1672754400,16722,16764,16646,16657
1672758000,16654,16676,16614,16673
1672761600,16672,16678,16611,16617
1672765200,16614,16632,16605,16620
1672768800,16621,16646,16621,16638
1672772400,16639,16645,16621,16635
1672776000,16635,16660,16635,16657
1672779600,16657,16666,16653,16658
1672783200,16660,16666,16648,16666
1672786800,16666,16684,16666,16670
1672790400,16673,16673,16652,16655
1672794000,16655,16718,16653,16695
1672797600,16695,16740,16695,16733
1672801200,16730,16867,16730,16860
1672804800,16865,16896,16850,16860
1672808400,16860,16860,16839,16850
1672812000,16850,16867,16845,16867
1672815600,16867,16876,16847,16867
1672819200,16867,16906,16840,16860
1672822800,16860,16863,16834,16841
1672826400,16841,16843,16836,16842
1672830000,16842,16847,16834,16834
1672833600,16834,16837,16776,16805
1672837200,16804,16828,16803,16822
1672840800,16823,16848,16794,16825
1672844400,16822,16847,16760,16847
1672848000,16847,16885,16829,16859
1672851600,16859,16931,16848,16890
1672855200,16890,16978,16874,16948
1672858800,16948,16984,16790,16833
1672862400,16832,16843,16778,16801
1672866000,16798,16821,16792,16821
1672869600,16821,16841,16809,16826
1672873200,16825,16861,16815,16849
1672876800,16847,16869,16828,16828
1672880400,16827,16843,16810,16834
1672884000,16833,16837,16826,16833
1672887600,16833,16833,16820,16823
1672891200,16824,16839,16818,16836
1672894800,16836,16851,16835,16843
1672898400,16843,16843,16811,16814
1672902000,16814,16818,16789,16818
1672905600,16819,16824,16794,16804
1672909200,16803,16807,16784,16801
1672912800,16801,16828,16798,16822
1672916400,16822,16831,16814,16830
1672920000,16831,16831,16816,16820
1672923600,16820,16825,16773,16773
1672927200,16775,16827,16755,16825
1672930800,16823,16871,16818,16840
1672934400,16840,16853,16818,16831
1672938000,16829,16835,16810,16810
1672941600,16809,16841,16798,16839
1672945200,16839,16869,16829,16860
1672948800,16860,16866,16845,16856
1672952400,16856,16859,16835,16845
1672956000,16845,16851,16831,16833
1672959600,16833,16842,16817,16826
1672963200,16826,16865,16821,16855
1672966800,16855,16858,16821,16822
1672970400,16822,16830,16802,16830
1672974000,16830,16834,16821,16830
1672977600,16830,16833,16808,16817
1672981200,16816,16817,16792,16806
1672984800,16802,16811,16780,16782
1672988400,16782,16794,16778,16784
1672992000,16784,16805,16784,16796
1672995600,16795,16796,16759,16782
1672999200,16782,16792,16760,16760
1673002800,16760,16765,16712,16733
1673006400,16733,16736,16713,16722
1673010000,16721,16802,16669,16768
1673013600,16768,16780,16717,16746
1673017200,16746,16835,16745,16834
1673020800,16834,16841,16804,16823
1673024400,16827,16835,16810,16813
1673028000,16814,16855,16814,16845
1673031600,16849,16956,16842,16935
1673035200,16935,17024,16888,16893
1673038800,16894,16942,16889,16930
1673042400,16932,16965,16932,16957
1673046000,16963,16975,16944,16950
1673049600,16951,16973,16940,16973
1673053200,16973,16975,16948,16949
1673056800,16949,16953,16937,16941
1673060400,16941,16953,16936,16951
1673064000,16951,16951,16937,16938
1673067600,16938,16939,16932,16934
1673071200,16933,16934,16924,16931
1673074800,16931,16946,16931,16946
1673078400,16946,16949,16928,16929
1673082000,16929,16929,16922,16928
1673085600,16928,16928,16914,16921
1673089200,16920,16920,16910,16918
1673092800,16917,16918,16907,16916
1673096400,16916,16928,16912,16916
1673100000,16915,16940,16908,16937
1673103600,16936,16943,16934,16936
1673107200,16936,16936,16917,16917
1673110800,16917,16930,16916,16929
1673114400,16929,16936,16928,16936
1673118000,16936,16942,16935,16940
1673121600,16940,16946,16936,16942
1673125200,16942,16946,16936,16939
1673128800,16939,16939,16931,16937
1673132400,16937,16946,16932,16945
1673136000,16946,16953,16915,16923
1673139600,16922,16934,16917,16929
1673143200,16929,16931,16920,16928
1673146800,16928,16938,16927,16938
1673150400,16938,16940,16937,16937
1673154000,16937,16942,16936,16942
1673157600,16942,16946,16936,16946
1673161200,16946,16951,16945,16950
1673164800,16951,16953,16943,16944
1673168400,16945,16961,16929,16933
1673172000,16934,16939,16932,16939
1673175600,16939,16939,16929,16929
1673179200,16929,16932,16924,16924
1673182800,16925,16933,16924,16932
1673186400,16931,16948,16931,16948
1673190000,16948,17009,16940,16998
1673193600,17001,17012,16919,16936
1673197200,16936,16946,16922,16926
1673200800,16925,16930,16922,16926
1673204400,16926,16935,16925,16929
1673208000,16929,16975,16926,16965
1673211600,16964,16981,16949,16954
1673215200,16954,16973,16953,16965
1673218800,16967,17163,16967,17119
1673222400,17124,17189,17108,17184
1673226000,17180,17212,17150,17178
1673229600,17176,17245,17166,17191
1673233200,17194,17211,17183,17199
1673236800,17199,17243,17198,17228
1673240400,17228,17250,17205,17208
1673244000,17208,17212,17184,17189
1673247600,17189,17209,17188,17203
1673251200,17202,17231,17187,17195
1673254800,17195,17264,17191,17240
1673258400,17240,17278,17238,17264
1673262000,17264,17276,17241,17241
1673265600,17240,17252,17231,17250
1673269200,17247,17290,17198,17225
1673272800,17225,17268,17211,17263
1673276400,17263,17328,17230,17271
1673280000,17270,17355,17270,17325
1673283600,17333,17373,17321,17359
1673287200,17359,17393,17329,17350
1673290800,17350,17350,17298,17298
1673294400,17296,17310,17185,17209
1673298000,17217,17246,17167,17178
1673301600,17179,17223,17167,17203
1673305200,17203,17204,17136,17179
1673308800,17177,17215,17176,17214
1673312400,17214,17230,17187,17193
1673316000,17193,17212,17147,17180
1673319600,17181,17206,17173,17206
1673323200,17205,17216,17198,17215
1673326800,17217,17230,17209,17226
1673330400,17225,17231,17193,17204
1673334000,17203,17208,17193,17198
1673337600,17200,17260,17191,17257
1673341200,17257,17272,17246,17249
1673344800,17248,17272,17238,17272
1673348400,17272,17279,17254,17256
1673352000,17254,17256,17220,17220
1673355600,17222,17253,17215,17244
1673359200,17246,17322,17220,17287
1673362800,17282,17368,17233,17328
1673366400,17329,17340,17290,17307
1673370000,17295,17341,17292,17331
1673373600,17330,17439,17327,17434
1673377200,17439,17452,17407,17431
1673380800,17435,17490,17407,17473
1673384400,17476,17489,17451,17467
1673388000,17463,17463,17426,17439
1673391600,17434,17451,17410,17446
1673395200,17448,17494,17434,17471
1673398800,17471,17504,17442,17460
1673402400,17460,17462,17390,17390
1673406000,17389,17427,17371,17419
1673409600,17419,17426,17398,17413
1673413200,17413,17435,17402,17409
1673416800,17409,17446,17395,17442
1673420400,17440,17458,17436,17449
1673424000,17449,17450,17412,17450
1673427600,17447,17468,17444,17446
1673431200,17448,17460,17441,17442
1673434800,17442,17455,17430,17438
1673438400,17435,17436,17406,17418
1673442000,17419,17435,17389,17415
1673445600,17414,17431,17379,17411
1673449200,17414,17432,17318,17328
1673452800,17328,17367,17325,17347
1673456400,17348,17394,17344,17383
1673460000,17382,17549,17382,17488
1673463600,17488,17551,17475,17549
1673467200,17551,17577,17514,17555
1673470800,17555,17572,17534,17559
1673474400,17561,17589,17519,17572
1673478000,17559,17992,17553,17930
1673481600,17948,18266,17911,18245
1673485200,18248,18284,18143,18232
1673488800,18225,18370,18183,18200
1673492400,18202,18236,18200,18224
1673496000,18226,18229,18199,18217
1673499600,18216,18234,18081,18086
1673503200,18090,18158,18090,18148
1673506800,18154,18172,18115,18137
1673510400,18134,18144,18073,18144
1673514000,18146,18168,18131,18167
1673517600,18167,18208,18145,18184
1673521200,18184,18216,18163,18206
1673524800,18199,18273,18178,18268
1673528400,18269,18334,17933,18291
1673532000,18290,18350,17936,17994
1673535600,17996,18135,17994,18090
1673539200,18087,18142,18060,18135
1673542800,18131,18877,18112,18840
1673546400,18820,18972,18619,18802
1673550000,18810,19036,18769,18898
1673553600,18895,19079,18830,19059
1673557200,19060,19114,18770,18830
1673560800,18836,18932,18788,18919
1673564400,18915,18916,18853,18853
1673568000,18852,18888,18720,18777
1673571600,18772,18816,18750,18808
1673575200,18810,18836,18791,18836
1673578800,18836,18879,18826,18879
1673582400,18877,18878,18824,18824
1673586000,18822,18836,18784,18790
1673589600,18789,18863,18785,18856
1673593200,18856,18857,18791,18824
1673596800,18828,18858,18816,18844
1673600400,18845,18931,18845,18913
1673604000,18909,19050,18865,19046
1673607600,19042,19042,18896,18922
1673611200,18917,18935,18818,18859
1673614800,18865,18899,18822,18858
1673618400,18857,19137,18841,19016
1673622000,19019,19304,19012,19267
1673625600,19279,19279,19075,19131
1673629200,19132,19389,19110,19259
1673632800,19260,19382,19260,19300
1673636400,19296,19370,19253,19364
1673640000,19365,19491,19326,19477
1673643600,19478,19898,19385,19814
1673647200,19818,19991,19799,19856
1673650800,19859,19938,19748,19931
1673654400,19936,21247,19895,20906
1673658000,20893,21095,20701,20937
1673661600,20933,21039,20841,20933
1673665200,20939,20982,20791,20969
1673668800,20969,21014,20889,20901
1673672400,20902,20914,20787,20840
1673676000,20840,20971,20840,20964
1673679600,20957,20967,20860,20901
1673683200,20900,21021,20881,21005
1673686800,21009,21009,20320,20521
1673690400,20520,20520,20244,20508
1673694000,20493,20744,20483,20732
1673697600,20729,20961,20587,20911
1673701200,20911,20983,20799,20942
1673704800,20939,21162,20575,20828
1673708400,20832,20866,20649,20785
1673712000,20781,20853,20756,20805
1673715600,20811,20908,20734,20762
1673719200,20749,20798,20667,20761
1673722800,20760,20866,20727,20795
1673726400,20791,20896,20766,20881
1673730000,20881,20944,20839,20900
1673733600,20903,21020,20869,20992
1673737200,20988,21070,20951,20960
1673740800,20961,21007,20647,20771
1673744400,20765,20791,20654,20775
1673748000,20780,20818,20677,20679
1673751600,20691,20741,20549,20730
1673755200,20726,20762,20688,20702
1673758800,20709,20786,20685,20749
1673762400,20749,20788,20713,20718
1673766000,20724,20738,20673,20738
1673769600,20737,20755,20602,20617
1673773200,20620,20752,20586,20752
1673776800,20744,20759,20701,20735
1673780400,20735,20743,20671,20728
1673784000,20721,20746,20662,20700
1673787600,20697,20846,20694,20714
1673791200,20711,20820,20694,20798
1673794800,20802,20994,20788,20921
1673798400,20926,20963,20863,20879
1673802000,20886,21052,20880,20923
1673805600,20923,20925,20677,20819
1673809200,20821,20900,20781,20873
1673812800,20880,20926,20844,20904
1673816400,20902,20931,20873,20905
1673820000,20904,20953,20765,20925
1673823600,20921,20921,20852,20885
1673827200,20879,21003,20785,20978
1673830800,20981,21315,20926,21195
1673834400,21190,21411,21136,21212
1673838000,21213,21233,21044,21082
1673841600,21091,21170,21054,21161
1673845200,21159,21217,21133,21200
1673848800,21196,21258,21123,21159
1673852400,21163,21164,21080,21118
1673856000,21119,21119,20691,20751
1673859600,20751,20844,20726,20837
1673863200,20833,20904,20810,20849
1673866800,20857,20867,20799,20823
1673870400,20827,20874,20791,20800
1673874000,20810,20872,20779,20826
1673877600,20826,20891,20763,20867
1673881200,20879,21048,20634,21000
1673884800,20997,21051,20925,21000
1673888400,21006,21158,20992,21106
1673892000,21106,21287,21064,21284
1673895600,21285,21402,21235,21310
1673899200,21321,21456,21219,21286
1673902800,21290,21290,21064,21135
1673906400,21134,21222,21132,21191
1673910000,21191,21228,21110,21189
1673913600,21186,21297,21075,21112
1673917200,21112,21147,20863,21050
1673920800,21045,21107,20993,21102
1673924400,21104,21166,21070,21126
1673928000,21127,21230,21107,21160
1673931600,21162,21187,21136,21147
1673935200,21151,21155,21072,21072
1673938800,21075,21174,21069,21137
1673942400,21138,21212,21135,21206
1673946000,21206,21245,21152,21177
1673949600,21176,21178,21090,21136
1673953200,21132,21232,21106,21226
1673956800,21228,21344,21198,21257
1673960400,21257,21269,21186,21235
1673964000,21232,21594,21065,21279
1673967600,21280,21378,21043,21187
1673971200,21173,21240,21087,21163
1673974800,21164,21243,21092,21228
1673978400,21229,21422,21194,21351
1673982000,21372,21385,21290,21341
1673985600,21342,21396,21271,21386
1673989200,21398,21409,21282,21320
1673992800,21316,21343,21217,21232
1673996400,21232,21274,21133,21134
1674000000,21136,21240,21115,21208
1674003600,21207,21261,21183,21236
1674007200,21249,21350,21159,21297
1674010800,21296,21377,21267,21267
1674014400,21264,21297,21233,21285
1674018000,21288,21316,21259,21314
1674021600,21318,21318,21252,21263
1674025200,21263,21312,21249,21310
1674028800,21311,21317,21219,21250
1674032400,21250,21280,21168,21233
1674036000,21233,21258,21171,21187
1674039600,21181,21237,21176,21209
1674043200,21205,21294,21205,21263
1674046800,21263,21465,21217,21415
1674050400,21416,21646,21324,21420
1674054000,21438,21548,20853,21029
1674057600,21028,21028,20358,20867
1674061200,20859,21123,20749,20882
1674064800,20874,21050,20843,20934
1674068400,20937,20977,20880,20898
1674072000,20899,20933,20675,20732
1674075600,20720,20833,20716,20780
1674079200,20779,20808,20629,20808
1674082800,20799,20811,20647,20670
1674086400,20678,20756,20678,20696
1674090000,20696,20771,20684,20710
1674093600,20716,20769,20654,20762
1674097200,20761,20806,20747,20750
1674100800,20745,20865,20745,20808
1674104400,20808,20847,20797,20812
1674108000,20815,20856,20804,20828
1674111600,20834,20844,20804,20811
1674115200,20822,20841,20766,20774
1674118800,20768,20802,20736,20796
1674122400,20796,20800,20756,20793
1674126000,20793,20793,20714,20738
1674129600,20739,20769,20694,20734
1674133200,20731,20806,20679,20783
1674136800,20783,20870,20721,20801
1674140400,20792,20952,20789,20877
1674144000,20876,20919,20833,20877
1674147600,20875,20941,20800,20841
1674151200,20848,21017,20834,20981
1674154800,20981,21130,20955,21093
1674158400,21095,21185,21050,21103
1674162000,21105,21113,20944,20946
1674165600,20945,21085,20944,21072
1674169200,21072,21125,21025,21086
1674172800,21085,21120,21033,21055
1674176400,21059,21143,21020,21123
1674180000,21121,21220,21091,21091
1674183600,21090,21114,21071,21095
1674187200,21095,21128,20981,20997
1674190800,20992,21034,20962,20988
1674194400,20983,20994,20934,20944
1674198000,20944,20998,20869,20970
1674201600,20968,20985,20911,20948
1674205200,20948,20991,20916,20962
1674208800,20962,20967,20920,20965
1674212400,20965,20985,20942,20965
1674216000,20964,21123,20962,21097
1674219600,21096,21143,21047,21060
1674223200,21060,21161,21023,21152
1674226800,21151,21242,21114,21144
1674230400,21150,21416,21148,21304
1674234000,21323,21409,21288,21361
1674237600,21370,21435,21300,21391
1674241200,21396,21530,21366,21505
1674244800,21528,22375,21518,22279
1674248400,22287,22429,22218,22320
1674252000,22322,22721,22322,22593
1674255600,22600,22750,22589,22678
1674259200,22670,22790,22442,22582
1674262800,22578,22620,22557,22567
1674266400,22567,22629,22522,22554
1674270000,22566,22575,22504,22554
1674273600,22558,22645,22524,22605
1674277200,22604,22623,22525,22577
1674280800,22575,22625,22564,22624
1674284400,22623,22675,22613,22647
1674288000,22647,22782,22636,22712
1674291600,22711,23101,22692,23031
1674295200,23032,23333,22631,22787
1674298800,22778,22952,22667,22910
1674302400,22913,23073,22897,23050
1674306000,23050,23054,22868,22934
1674309600,22941,23022,22889,22969
1674313200,22972,23285,22952,22997
1674316800,23018,23269,22998,23205
1674320400,23200,23362,23145,23238
1674324000,23237,23268,23076,23253
1674327600,23266,23310,23190,23289
1674331200,23285,23307,23095,23109
1674334800,23101,23221,23054,23200
1674338400,23203,23208,22780,22780
1674342000,22780,22969,22713,22783
1674345600,22791,22965,22717,22881
1674349200,22879,22890,22702,22803
1674352800,22797,22836,22615,22711
1674356400,22712,22776,22678,22766
1674360000,22763,22866,22726,22854
1674363600,22856,22894,22846,22882
1674367200,22881,22968,22869,22926
1674370800,22927,22964,22892,22901
1674374400,22900,22926,22821,22900
1674378000,22916,22936,22839,22862
1674381600,22860,22900,22842,22878
1674385200,22881,22882,22741,22782
1674388800,22787,22868,22711,22863
1674392400,22869,22927,22855,22909
1674396000,22903,23034,22876,23002
1674399600,23006,23076,22650,22787
1674403200,22803,22860,22702,22815
1674406800,22824,22959,22786,22928
1674410400,22936,22939,22828,22838
1674414000,22828,22859,22700,22726
1674417600,22737,22737,22314,22460
1674421200,22467,22640,22327,22599
1674424800,22592,22694,22546,22687
1674428400,22675,22775,22655,22717
1674432000,22708,22809,22670,22751
1674435600,22757,22821,22700,22701
1674439200,22711,22757,22699,22755
1674442800,22755,22772,22662,22675
1674446400,22671,22760,22671,22759
1674450000,22765,22772,22715,22727
1674453600,22730,22796,22698,22779
1674457200,22781,22787,22618,22700
1674460800,22705,22766,22675,22725
1674464400,22725,22787,22711,22787
1674468000,22787,22959,22773,22913
1674471600,22924,22931,22834,22909
1674475200,22911,22974,22817,22912
1674478800,22921,22944,22685,22803
1674482400,22798,23117,22525,22623
1674486000,22637,22919,22608,22862
1674489600,22876,22932,22777,22910
1674493200,22917,23059,22857,23059
1674496800,23069,23167,22880,22950
1674500400,22935,22964,22662,22789
1674504000,22785,23031,22767,23029
1674507600,23029,23041,22947,23001
1674511200,23000,23031,22866,22926
1674514800,22925,22960,22877,22922
1674518400,22922,23004,22876,22991
1674522000,22991,23103,22935,23094
1674525600,23100,23143,23047,23047
1674529200,23054,23086,23012,23084
1674532800,23087,23126,23074,23076
1674536400,23079,23162,23033,23125
1674540000,23125,23160,23070,23103
1674543600,23103,23131,23025,23055
1674547200,23058,23094,23044,23053
1674550800,23054,23061,22782,22857
1674554400,22859,22948,22856,22913
1674558000,22912,22937,22872,22922
1674561600,22923,23031,22892,22973
1674565200,22973,23018,22795,22865
1674568800,22865,22958,22723,22866
1674572400,22859,22956,22765,22928
1674576000,22938,22949,22849,22876
1674579600,22876,22924,22784,22914
1674583200,22913,23042,22882,23003
1674586800,23003,23068,22968,23026
1674590400,23027,23042,22889,23022
1674594000,23018,23082,22833,22902
1674597600,22902,22927,22686,22763
1674601200,22735,22783,22473,22637
1674604800,22636,22710,22507,22660
1674608400,22650,22665,22334,22497
1674612000,22490,22591,22490,22552
1674615600,22548,22653,22540,22651
1674619200,22652,22661,22630,22631
1674622800,22633,22730,22615,22676
1674626400,22680,22738,22643,22718
1674630000,22717,22768,22705,22726
1674633600,22719,22740,22665,22671
1674637200,22667,22703,22583,22617
1674640800,22618,22632,22488,22622
1674644400,22620,22627,22568,22601
1674648000,22601,22741,22599,22693
1674651600,22701,22729,22577,22603
1674655200,22602,22621,22430,22442
1674658800,22433,22602,22348,22582
1674662400,22581,22691,22525,22633
1674666000,22637,22657,22522,22583
1674669600,22576,22734,22565,22732
1674673200,22735,22762,22664,22758
1674676800,22761,22950,22761,22938
1674680400,22950,23709,22846,23604
1674684000,23624,23815,22864,22955
1674687600,22942,23212,22895,23054
1674691200,23063,23282,23063,23243
1674694800,23251,23251,23146,23156
1674698400,23169,23265,23149,23190
1674702000,23186,23232,23118,23134
1674705600,23143,23195,23116,23194
1674709200,23185,23196,23135,23152
1674712800,23155,23166,22946,23090
1674716400,23090,23093,22963,22982
1674720000,22971,23050,22932,23005
1674723600,23003,23036,22917,22974
1674727200,22964,23004,22869,22930
1674730800,22935,23000,22904,22999
1674734400,22999,23141,22970,23133
1674738000,23133,23154,22905,23124
1674741600,23132,23243,22931,23028
1674745200,23009,23181,22905,22961
1674748800,22953,23025,22866,23003
1674752400,23002,23057,22965,22983
1674756000,22983,23104,22967,23042
1674759600,23041,23091,22986,23077
1674763200,23075,23168,23046,23115
1674766800,23122,23122,22972,23076
1674770400,23081,23141,22994,23000
1674774000,22995,23036,22971,23010
1674777600,23011,23076,22908,22929
1674781200,22924,22968,22541,22649
1674784800,22646,22817,22620,22791
1674788400,22795,22845,22775,22776
1674792000,22776,22858,22772,22811
1674795600,22819,23099,22813,23029
1674799200,23043,23060,22980,23009
1674802800,23010,23087,22946,23083
1674806400,23081,23090,22941,22965
1674810000,22973,22986,22920,22956
1674813600,22956,22994,22916,22951
1674817200,22951,22977,22926,22972
1674820800,22974,22994,22883,22936
1674824400,22935,23021,22872,22904
1674828000,22908,23053,22845,22971
1674831600,22980,23148,22937,22937
1674835200,22937,23143,22932,23139
1674838800,23139,23242,23091,23216
1674842400,23217,23250,23144,23191
1674846000,23189,23289,23168,23262
1674849600,23263,23500,23028,23116
1674853200,23125,23198,23066,23092
1674856800,23089,23104,22973,23016
1674860400,23016,23090,23016,23083
1674864000,23082,23187,23053,23161
1674867600,23160,23176,23079,23098
1674871200,23098,23133,23078,23096
1674874800,23095,23146,23089,23121
1674878400,23122,23138,23091,23100
1674882000,23100,23115,23039,23073
1674885600,23074,23086,23024,23047
1674889200,23048,23049,22966,22999
1674892800,22993,23021,22963,22983
1674896400,22987,23024,22920,23001
1674900000,23008,23014,22965,22983
1674903600,22982,23001,22951,22986
1674907200,22989,22990,22930,22958
1674910800,22961,22977,22894,22977
1674914400,22976,22988,22960,22961
1674918000,22960,23043,22948,23021
1674921600,23024,23051,23017,23029
1674925200,23029,23032,22989,23025
1674928800,23025,23029,22992,23004
1674932400,23004,23050,23002,23047
1674936000,23048,23048,22965,22966
1674939600,22968,23010,22956,23009
1674943200,23004,23018,22988,22988
1674946800,22986,23037,22975,23033
1674950400,23031,23144,22981,23119
1674954000,23122,23498,23122,23244
1674957600,23245,23284,23067,23149
1674961200,23150,23205,23113,23197
1674964800,23205,23242,23154,23236
1674968400,23243,23254,23203,23252
1674972000,23254,23271,23193,23207
1674975600,23207,23226,23185,23212
1674979200,23212,23227,23165,23173
1674982800,23177,23373,23167,23302
1674986400,23310,23489,23310,23450
1674990000,23449,23613,23287,23431
1674993600,23435,23540,23363,23477
1674997200,23486,23656,23469,23537
1675000800,23544,23595,23433,23547
1675004400,23547,23553,23483,23529
1675008000,23531,23651,23479,23588
1675011600,23601,23639,23560,23597
1675015200,23599,23755,23544,23688
1675018800,23687,23954,23667,23907
1675022400,23909,23910,23627,23702
1675026000,23699,23822,23655,23800
1675029600,23798,23822,23730,23774
1675033200,23762,23878,23732,23746
1675036800,23748,23799,23689,23757
1675040400,23757,23768,23632,23670
1675044000,23669,23675,23578,23645
1675047600,23645,23704,23630,23703
1675051200,23708,23764,23704,23718
1675054800,23718,23731,23668,23728
1675058400,23731,23744,23668,23697
1675062000,23697,23707,23609,23649
1675065600,23643,23675,23515,23553
1675069200,23550,23550,23142,23192
1675072800,23190,23302,23115,23246
1675076400,23246,23278,23028,23087
1675080000,23081,23148,22968,23074
1675083600,23075,23125,23052,23064
1675087200,23061,23282,23036,23282
1675090800,23285,23299,23056,23180
1675094400,23179,23243,23120,23171
1675098000,23170,23240,23095,23109
1675101600,23103,23180,23076,23136
1675105200,23140,23140,22639,22788
1675108800,22775,22809,22565,22689
1675112400,22698,22793,22687,22748
1675116000,22735,22772,22504,22736
1675119600,22737,22840,22714,22831
1675123200,22831,22869,22724,22833
1675126800,22837,22861,22761,22834
1675130400,22833,22908,22821,22858
1675134000,22859,22869,22823,22835
1675137600,22840,22864,22805,22864
1675141200,22866,22871,22762,22762
1675144800,22760,22864,22750,22814
1675148400,22814,22985,22812,22976
1675152000,22985,22990,22842,22911
1675155600,22911,22938,22886,22896
1675159200,22893,22904,22821,22830
1675162800,22829,22880,22816,22864
1675166400,22864,22921,22856,22898
1675170000,22906,23118,22890,23118
1675173600,23120,23187,23060,23127
1675177200,23129,23198,23081,23124
1675180800,23128,23215,23087,23111
1675184400,23110,23181,23089,23153
1675188000,23157,23185,23121,23171
1675191600,23170,23184,23094,23169
1675195200,23169,23172,23057,23101
1675198800,23087,23121,22823,22949
1675202400,22953,23318,22881,23180
1675206000,23180,23182,23092,23127
1675209600,23134,23167,23007,23084
1675213200,23094,23174,23060,23125
1675216800,23124,23124,23082,23104
1675220400,23109,23126,23044,23122
1675224000,23131,23157,23116,23139
1675227600,23137,23164,23115,23123
1675231200,23123,23131,23058,23066
1675234800,23059,23116,23024,23079
1675238400,23069,23087,22949,22984
1675242000,22984,23019,22927,22996
1675245600,22998,23013,22950,22999
1675249200,22999,23095,22993,23080
1675252800,23082,23104,23051,23057
1675256400,23054,23134,23026,23084
1675260000,23084,23140,23043,23102
1675263600,23107,23107,22950,22986
1675267200,22984,23036,22924,23005
1675270800,23002,23038,22939,22993
1675274400,22992,23119,22949,23068
1675278000,23068,23498,22768,23392
1675281600,23392,23648,23330,23567
1675285200,23579,23799,23540,23687
1675288800,23687,23810,23662,23719
1675292400,23725,23790,23689,23735
1675296000,23736,24258,23703,24190
1675299600,24199,24210,23959,23961
1675303200,23962,23993,23845,23887
1675306800,23891,23938,23856,23856
1675310400,23861,23914,23845,23888
1675314000,23893,23926,23800,23809
1675317600,23811,23834,23672,23795
1675321200,23795,23836,23749,23789
1675324800,23790,23856,23777,23807
1675328400,23806,23840,23759,23838
1675332000,23841,23841,23780,23786
1675335600,23787,23856,23781,23829
1675339200,23827,23835,23770,23805
1675342800,23805,23815,23713,23767
1675346400,23760,23942,23540,23615
1675350000,23608,23926,23560,23847
1675353600,23847,23903,23779,23793
1675357200,23793,23936,23787,23900
1675360800,23899,24141,23897,24061
1675364400,24065,24071,23738,23809
1675368000,23800,23858,23757,23858
1675371600,23871,23919,23420,23454
1675375200,23454,23614,23377,23562
1675378800,23562,23600,23433,23498
1675382400,23503,23585,23446,23560
1675386000,23559,23591,23531,23560
1675389600,23560,23585,23424,23489
1675393200,23483,23537,23420,23531
1675396800,23543,23563,23513,23518
1675400400,23519,23553,23507,23529
1675404000,23527,23556,23514,23519
1675407600,23519,23548,23450,23452
1675411200,23458,23473,23329,23424
1675414800,23425,23447,23399,23424
1675418400,23421,23443,23360,23436
1675422000,23436,23540,23422,23539
1675425600,23540,23568,23491,23529
1675429200,23528,23547,23250,23347
1675432800,23341,23595,23237,23518
1675436400,23521,23706,23422,23608
1675440000,23614,23719,23524,23524
1675443600,23524,23662,23512,23512
1675447200,23509,23526,23376,23420
1675450800,23419,23440,23307,23309
1675454400,23307,23399,23212,23337
1675458000,23339,23397,23307,23384
1675461600,23386,23444,23385,23426
1675465200,23426,23473,23410,23434
1675468800,23421,23460,23389,23411
1675472400,23412,23445,23377,23382
1675476000,23377,23402,23355,23391
1675479600,23394,23397,23337,23345
1675483200,23345,23362,23321,23337
1675486800,23336,23340,23273,23318
1675490400,23316,23351,23266,23346
1675494000,23346,23359,23301,23333
1675497600,23333,23346,23304,23305
1675501200,23305,23351,23293,23346
1675504800,23341,23366,23337,23340
1675508400,23341,23373,23339,23364
1675512000,23366,23416,23347,23414
1675515600,23414,23582,23414,23504
1675519200,23504,23507,23405,23467
1675522800,23467,23470,23397,23425
1675526400,23422,23449,23371,23408
1675530000,23411,23461,23399,23443
1675533600,23445,23469,23409,23451
1675537200,23450,23459,23423,23429
1675540800,23429,23443,23396,23414
1675544400,23416,23421,23381,23420
1675548000,23419,23449,23398,23404
1675551600,23412,23426,23271,23330
1675555200,23328,23372,23241,23284
1675558800,23290,23334,23276,23322
1675562400,23323,23350,23297,23298
1675566000,23294,23346,23294,23340
1675569600,23348,23379,23335,23376
1675573200,23373,23391,23369,23382
1675576800,23382,23428,23351,23401
1675580400,23401,23411,23368,23387
1675584000,23384,23421,23373,23401
1675587600,23401,23404,23364,23366
1675591200,23369,23405,23366,23397
1675594800,23397,23405,23358,23367
1675598400,23366,23374,23025,23168
1675602000,23160,23214,23084,23170
1675605600,23169,23212,23154,23168
1675609200,23173,23210,23071,23105
1675612800,23103,23159,23007,23077
1675616400,23081,23106,22828,22858
1675620000,22856,22938,22831,22854
1675623600,22857,22921,22766,22901
1675627200,22901,22941,22864,22892
1675630800,22892,22906,22805,22904
1675634400,22905,23037,22897,22997
1675638000,22987,23005,22914,22937
1675641600,22942,23093,22937,23057
1675645200,23061,23070,22977,22986
1675648800,22984,23009,22879,22885
1675652400,22886,22928,22842,22901
1675656000,22901,22933,22881,22881
1675659600,22882,22895,22643,22779
1675663200,22781,22803,22726,22790
1675666800,22790,22886,22765,22882
1675670400,22886,22937,22846,22869
1675674000,22869,22885,22821,22841
1675677600,22840,22866,22808,22849
1675681200,22848,22891,22749,22888
1675684800,22887,22935,22838,22892
1675688400,22892,22926,22817,22831
1675692000,22831,22897,22783,22838
1675695600,22834,23044,22755,23043
1675699200,23044,23148,22937,23004
1675702800,23006,23069,22959,23032
1675706400,23041,23075,22959,23022
1675710000,23034,23120,22990,23034
1675713600,23031,23031,22975,23009
1675717200,23009,23011,22909,22916
1675720800,22916,22924,22850,22880
1675724400,22877,22882,22651,22763
1675728000,22761,22823,22751,22799
1675731600,22799,22861,22797,22851
1675735200,22853,22883,22813,22883
1675738800,22883,22891,22854,22880
1675742400,22881,22924,22866,22874
1675746000,22877,22943,22870,22937
1675749600,22943,22977,22925,22928
1675753200,22929,22960,22898,22913
1675756800,22911,22922,22868,22875
1675760400,22877,23032,22877,23010
1675764000,23024,23056,22977,22989
1675767600,22988,23023,22969,22980
1675771200,22980,23032,22972,23032
1675774800,23027,23038,22943,22987
1675778400,22984,23013,22936,22979
1675782000,22975,22983,22887,22908
1675785600,22906,23018,22880,22980
1675789200,22980,23326,22901,23285
1675792800,23290,23338,22790,22927
1675796400,22927,23126,22927,23090
1675800000,23093,23245,23038,23203
1675803600,23203,23260,23180,23201
1675807200,23198,23299,23150,23234
1675810800,23250,23295,23235,23252
1675814400,23246,23352,23233,23328
1675818000,23329,23439,23286,23290
1675821600,23290,23310,23240,23249
1675825200,23255,23282,23236,23263
1675828800,23270,23287,23244,23253
1675832400,23256,23260,23198,23227
1675836000,23222,23239,23192,23203
1675839600,23195,23240,23184,23237
1675843200,23237,23240,23173,23208
1675846800,23208,23225,23147,23199
1675850400,23202,23202,23140,23165
1675854000,23165,23186,23142,23164
1675857600,23162,23199,23098,23122
1675861200,23113,23134,23059,23113
1675864800,23114,23126,23007,23053
1675868400,23052,23052,22790,22869
1675872000,22868,22962,22686,22962
1675875600,22962,23018,22911,23000
1675879200,23009,23032,22841,22897
1675882800,22890,22926,22831,22878
1675886400,22871,22910,22787,22835
1675890000,22831,22979,22831,22958
1675893600,22955,22978,22918,22932
1675897200,22931,22962,22878,22961
1675900800,22965,23003,22937,22985
1675904400,22986,22989,22943,22947
1675908000,22950,22954,22818,22818
1675911600,22812,22812,22460,22519
1675915200,22506,22605,22378,22572
1675918800,22570,22631,22544,22607
1675922400,22605,22724,22581,22723
1675926000,22724,22727,22647,22680
1675929600,22679,22760,22678,22727
1675933200,22722,22747,22684,22738
1675936800,22742,22743,22679,22702
1675940400,22704,22733,22674,22689
1675944000,22692,22781,22573,22711
1675947600,22716,22762,22686,22748
1675951200,22758,22821,22681,22698
1675954800,22703,22709,22567,22606
1675958400,22613,22621,22464,22507
1675962000,22502,22592,22462,22536
1675965600,22536,22596,22467,22514
1675969200,22516,22523,21897,22033
1675972800,22034,22082,21842,21994
1675976400,21993,21993,21700,21859
1675980000,21848,21957,21711,21774
1675983600,21769,21858,21757,21802
1675987200,21803,21879,21768,21831
1675990800,21830,21894,21807,21894
1675994400,21893,21939,21865,21928
1675998000,21932,21935,21831,21833
1676001600,21834,21834,21724,21793
1676005200,21788,21845,21633,21805
1676008800,21790,21879,21790,21879
1676012400,21878,21932,21840,21926
1676016000,21921,21933,21878,21901
1676019600,21904,21911,21822,21828
1676023200,21832,21862,21810,21857
1676026800,21857,21857,21727,21740
1676030400,21745,21795,21696,21726
1676034000,21723,21827,21721,21774
1676037600,21775,21886,21765,21846
1676041200,21847,21897,21534,21661
1676044800,21661,21737,21585,21611
1676048400,21608,21698,21565,21694
1676052000,21698,21732,21678,21707
1676055600,21713,21796,21664,21775
1676059200,21777,21789,21727,21730
1676062800,21726,21730,21454,21542
1676066400,21541,21638,21527,21579
1676070000,21578,21657,21564,21639
1676073600,21631,21685,21610,21665
1676077200,21660,21696,21620,21647
1676080800,21641,21680,21626,21655
1676084400,21657,21719,21655,21683
1676088000,21683,21697,21669,21691
1676091600,21691,21712,21675,21679
1676095200,21679,21684,21663,21673
1676098800,21674,21717,21649,21694
1676102400,21694,21708,21686,21692
1676106000,21695,21705,21679,21705
1676109600,21704,21704,21664,21674
1676113200,21674,21702,21671,21701
1676116800,21700,21764,21671,21718
1676120400,21717,21839,21703,21752
1676124000,21751,21760,21720,21757
1676127600,21755,21763,21725,21737
1676131200,21737,21739,21685,21696
1676134800,21698,21703,21674,21701
1676138400,21701,21732,21629,21657
1676142000,21656,21674,21648,21665
1676145600,21666,21723,21653,21678
1676149200,21675,21840,21667,21830
1676152800,21824,21879,21784,21830
1676156400,21830,21904,21815,21868
1676160000,21868,21884,21814,21821
1676163600,21821,21849,21794,21813
1676167200,21811,21825,21773,21824
1676170800,21822,21826,21787,21787
1676174400,21787,21793,21770,21787
1676178000,21790,21807,21779,21804
1676181600,21807,21819,21798,21816
1676185200,21817,21821,21732,21802
1676188800,21802,21847,21802,21814
1676192400,21814,21950,21804,21914
1676196000,21916,21918,21813,21882
1676199600,21884,21889,21869,21889
1676203200,21889,21895,21824,21830
1676206800,21830,21834,21774,21816
1676210400,21816,21987,21816,21926
1676214000,21928,21970,21893,21948
1676217600,21947,22086,21934,22013
1676221200,22018,22053,21973,21986
1676224800,21997,21998,21956,21977
1676228400,21982,22031,21934,22005
1676232000,22004,22030,21957,21970
1676235600,21971,21980,21712,21741
1676239200,21742,21826,21649,21800
1676242800,21804,21827,21729,21789
1676246400,21790,21878,21703,21821
1676250000,21816,21835,21673,21719
1676253600,21715,21769,21643,21762
1676257200,21763,21821,21756,21813
1676260800,21814,21860,21803,21844
1676264400,21844,21868,21829,21839
1676268000,21841,21860,21812,21829
1676271600,21833,21897,21806,21891
1676275200,21893,21895,21730,21742
1676278800,21737,21771,21519,21609
1676282400,21608,21678,21476,21636
1676286000,21633,21665,21609,21625
1676289600,21622,21718,21613,21683
1676293200,21686,21692,21591,21591
1676296800,21591,21693,21574,21685
1676300400,21692,21692,21572,21577
1676304000,21579,21656,21430,21516
1676307600,21515,21549,21376,21482
1676311200,21473,21682,21470,21651
1676314800,21649,21675,21555,21627
1676318400,21627,21683,21583,21669
1676322000,21678,21684,21599,21631
1676325600,21631,21691,21619,21653
1676329200,21653,21856,21652,21790
1676332800,21790,21827,21748,21753
1676336400,21753,21770,21691,21716
1676340000,21716,21752,21711,21732
1676343600,21736,21764,21709,21716
1676347200,21718,21754,21705,21729
1676350800,21728,21755,21721,21749
1676354400,21747,21783,21738,21760
1676358000,21767,21807,21756,21785
1676361600,21785,21791,21697,21713
1676365200,21714,21885,21701,21831
1676368800,21844,21854,21800,21819
1676372400,21823,21831,21794,21816
1676376000,21823,21900,21811,21863
1676379600,21870,21899,21569,21736
1676383200,21749,22267,21582,22262
1676386800,22273,22316,21881,22050
1676390400,22053,22135,21939,22011
1676394000,22016,22090,22016,22061
1676397600,22060,22177,22056,22129
1676401200,22117,22249,22075,22224
1676404800,22226,22262,22182,22262
1676408400,22261,22284,22136,22256
1676412000,22256,22266,22162,22196
1676415600,22196,22264,22179,22211
1676419200,22208,22208,22129,22158
1676422800,22159,22179,22109,22111
1676426400,22120,22138,22064,22088
1676430000,22079,22137,22079,22110
1676433600,22108,22129,22085,22093
1676437200,22094,22153,22093,22146
1676440800,22145,22163,22122,22125
1676444400,22125,22187,22111,22121
1676448000,22121,22139,22099,22109
1676451600,22103,22198,22103,22174
1676455200,22179,22262,22156,22241
1676458800,22250,22494,22236,22448
1676462400,22459,22906,22459,22768
1676466000,22783,22784,22684,22703
1676469600,22702,22793,22630,22692
1676473200,22691,22880,22678,22816
1676476800,22815,22943,22757,22770
1676480400,22770,22836,22760,22807
1676484000,22809,23048,22780,22978
1676487600,22981,23348,22951,23319
1676491200,23328,24301,23306,24132
1676494800,24158,24248,24027,24173
1676498400,24181,24374,24126,24152
1676502000,24165,24345,24165,24332
1676505600,24332,24895,24320,24591
1676509200,24603,24684,24571,24631
1676512800,24633,24719,24626,24692
1676516400,24701,24753,24679,24742
1676520000,24749,24754,24646,24646
1676523600,24641,24712,24612,24685
1676527200,24687,24735,24585,24586
1676530800,24590,24634,24450,24615
1676534400,24615,24665,24578,24588
1676538000,24579,24658,24566,24656
1676541600,24654,24662,24611,24625
1676545200,24625,24629,24523,24572
1676548800,24572,24613,24468,24591
1676552400,24594,24663,24368,24448
1676556000,24438,24503,24301,24425
1676559600,24428,25086,24391,25083
1676563200,25063,25270,24644,24905
1676566800,24903,24954,24783,24885
1676570400,24901,25031,24865,24972
1676574000,24974,25002,24843,24881
1676577600,24871,24881,24459,24563
1676581200,24564,24570,24374,24531
1676584800,24538,24550,23982,24009
1676588400,24002,24089,23520,23521
1676592000,23518,23773,23369,23720
1676595600,23719,23850,23647,23850
1676599200,23853,23853,23765,23777
1676602800,23772,23905,23755,23840
1676606400,23852,23884,23730,23815
1676610000,23808,23815,23699,23710
1676613600,23711,23758,23625,23667
1676617200,23672,23784,23640,23641
1676620800,23640,23807,23542,23803
1676624400,23788,23862,23722,23724
1676628000,23748,23787,23688,23749
1676631600,23760,23837,23743,23789
1676635200,23809,23907,23773,23875
1676638800,23875,23889,23760,23791
1676642400,23788,24250,23730,23873
1676646000,23868,24267,23859,24126
1676649600,24127,24322,23933,24087
1676653200,24087,24515,24087,24300
1676656800,24302,24412,24231,24365
1676660400,24366,24559,24247,24528
1676664000,24533,25014,24524,24825
1676667600,24833,24841,24441,24487
1676671200,24482,24738,24083,24689
1676674800,24684,24739,24529,24580
1676678400,24577,24781,24545,24639
1676682000,24636,24689,24589,24672
1676685600,24667,24677,24520,24563
1676689200,24560,24637,24544,24613
1676692800,24616,24656,24603,24637
1676696400,24634,24651,24610,24650
1676700000,24650,24676,24614,24629
1676703600,24625,24625,24453,24522
1676707200,24524,24603,24469,24594
1676710800,24597,24599,24551,24562
1676714400,24564,24570,24462,24464
1676718000,24456,24549,24450,24530
1676721600,24526,24641,24501,24629
1676725200,24623,24651,24576,24588
1676728800,24590,24727,24551,24701
1676732400,24700,24727,24639,24680
1676736000,24673,24697,24647,24651
1676739600,24651,24717,24589,24694
1676743200,24696,24869,24653,24718
1676746800,24717,24740,24582,24617
1676750400,24616,24633,24539,24604
1676754000,24609,24644,24590,24622
1676757600,24622,24668,24606,24633
1676761200,24633,24668,24626,24640
1676764800,24638,24764,24634,24747
1676768400,24752,24772,24647,24714
1676772000,24715,24736,24674,24695
1676775600,24691,24714,24666,24686
1676779200,24688,24731,24678,24720
1676782800,24737,24842,24720,24764
1676786400,24764,24764,24622,24642
1676790000,24635,24669,24577,24580
1676793600,24587,24631,24571,24576
1676797200,24575,24629,24575,24606
1676800800,24605,24678,24582,24658
1676804400,24659,24711,24652,24675
1676808000,24685,24714,24666,24707
1676811600,24706,24718,24680,24686
1676815200,24681,24796,24680,24767
1676818800,24771,25038,24750,24929
1676822400,24930,25183,24652,24781
1676826000,24786,24807,24340,24373
1676829600,24367,24530,24294,24479
1676833200,24479,24565,24467,24526
1676836800,24521,24529,24275,24525
1676840400,24519,24575,24493,24548
1676844000,24549,24568,24460,24497
1676847600,24494,24494,24211,24296
1676851200,24271,24415,24164,24223
1676854800,24212,24292,23862,24248
1676858400,24242,24380,24166,24352
1676862000,24350,24475,24332,24418
1676865600,24426,24550,24412,24484
1676869200,24495,24515,24436,24500
1676872800,24498,24532,24431,24510
1676876400,24507,24535,24457,24506
1676880000,24509,24559,24412,24459
1676883600,24459,24943,24383,24884
1676887200,24886,24978,24778,24921
1676890800,24920,24954,24720,24891
1676894400,24898,24919,24733,24829
1676898000,24820,24919,24812,24861
1676901600,24858,25118,24796,24986
1676905200,24976,25086,24868,24946
1676908800,24947,24958,24643,24871
1676912400,24883,24904,24775,24813
1676916000,24822,24838,24760,24822
1676919600,24822,24886,24808,24877
1676923200,24876,24881,24777,24807
1676926800,24804,24823,24757,24771
1676930400,24772,24783,24668,24707
1676934000,24708,24843,24703,24843
1676937600,24843,24936,24787,24857
1676941200,24860,24933,24812,24874
1676944800,24868,25092,24862,24924
1676948400,24885,25011,24854,24930
1676952000,24928,24944,24862,24901
1676955600,24898,24967,24876,24953
1676959200,24954,25041,24930,25030
1676962800,25028,25043,24949,25004
1676966400,25005,25250,24644,24666
1676970000,24673,24834,24562,24804
1676973600,24804,24808,24681,24706
1676977200,24702,24754,24572,24576
1676980800,24576,24667,24500,24641
1676984400,24641,24692,24523,24564
1676988000,24560,24778,24558,24687
1676991600,24683,24723,24429,24563
1676995200,24565,24587,24289,24407
1676998800,24402,24664,24379,24664
1677002400,24664,24746,24568,24692
1677006000,24690,24694,24556,24612
1677009600,24609,24642,24435,24472
1677013200,24463,24539,24170,24190
1677016800,24194,24422,24165,24392
1677020400,24386,24450,24344,24450
1677024000,24450,24474,24278,24417
1677027600,24425,24435,24121,24187
1677031200,24175,24196,23878,24178
1677034800,24174,24265,24146,24207
1677038400,24209,24222,24035,24159
1677042000,24156,24169,24005,24105
1677045600,24110,24126,23942,23951
1677049200,23951,24098,23940,24065
1677052800,24065,24070,23871,23972
1677056400,23965,24165,23948,24115
1677060000,24114,24196,24091,24184
1677063600,24180,24209,24054,24168
1677067200,24165,24231,24101,24141
1677070800,24140,24153,23972,24120
1677074400,24122,24122,23928,23935
1677078000,23946,24001,23641,23726
1677081600,23717,23764,23594,23644
1677085200,23634,23777,23600,23745
1677088800,23749,23830,23735,23745
1677092400,23744,23968,23668,23799
1677096000,23807,23877,23748,23783
1677099600,23808,23844,23751,23801
1677103200,23805,24100,23786,24100
1677106800,24100,24213,24099,24188
1677110400,24188,24237,24134,24134
1677114000,24134,24208,24134,24195
1677117600,24201,24585,24178,24529
1677121200,24539,24590,24445,24457
1677124800,24461,24523,24433,24523
1677128400,24521,24522,24359,24398
1677132000,24400,24414,24324,24386
1677135600,24394,24432,24368,24385
1677139200,24383,24488,24371,24411
1677142800,24413,24471,24276,24293
1677146400,24284,24313,24214,24249
1677150000,24260,24272,23665,23789
1677153600,23791,24005,23636,23914
1677157200,23916,24225,23857,24016
1677160800,24014,24158,23925,24009
1677164400,24012,24058,23878,23952
1677168000,23951,24002,23767,23769
1677171600,23765,23976,23757,23849
1677175200,23845,23902,23742,23863
1677178800,23870,24048,23842,23977
1677182400,23995,24066,23914,23940
1677186000,23952,24012,23877,23877
1677189600,23901,23903,23769,23870
1677193200,23866,23956,23840,23939
1677196800,23939,24017,23899,23960
1677200400,23960,24124,23960,24005
1677204000,24007,24024,23925,23943
1677207600,23946,23995,23930,23947
1677211200,23960,23990,23933,23947
1677214800,23946,23950,23868,23893
1677218400,23899,23915,23793,23902
1677222000,23898,23909,23784,23835
1677225600,23831,23970,23770,23904
1677229200,23905,23930,23823,23836
1677232800,23833,23890,23793,23861
1677236400,23866,23900,23842,23892
1677240000,23892,24025,23874,23890
1677243600,23889,23995,23695,23787
1677247200,23781,23856,23694,23820
1677250800,23809,23836,23332,23355
1677254400,23346,23346,23000,23201
1677258000,23191,23210,23029,23073
1677261600,23071,23153,23026,23090
1677265200,23090,23190,22865,23190
1677268800,23190,23329,23162,23220
1677272400,23215,23241,23068,23111
1677276000,23101,23160,22985,23111
1677279600,23119,23201,23028,23189
1677283200,23186,23201,23117,23168
1677286800,23168,23204,23139,23186
1677290400,23187,23215,23060,23091
1677294000,23086,23129,23052,23072
1677297600,23081,23131,23061,23131
1677301200,23130,23130,23035,23046
1677304800,23050,23101,23046,23092
1677308400,23094,23122,23080,23121
1677312000,23123,23157,23103,23104
1677315600,23104,23120,23012,23063
1677319200,23064,23065,22937,22937
1677322800,22936,23013,22920,22986
1677326400,22986,23018,22868,23018
1677330000,23018,23079,22994,23000
1677333600,23000,23046,22985,23005
1677337200,23011,23032,22977,23011
1677340800,23011,23082,23000,23019
1677344400,23006,23052,23006,23043
1677348000,23043,23043,22979,22984
1677351600,22982,23016,22924,22991
1677355200,22989,23001,22770,22925
1677358800,22930,22957,22860,22939
1677362400,22935,23164,22909,23114
1677366000,23123,23181,23110,23161
1677369600,23166,23166,23085,23100
1677373200,23100,23130,23077,23119
1677376800,23116,23248,23068,23243
1677380400,23234,23249,23192,23219
1677384000,23219,23228,23163,23195
1677387600,23195,23205,23138,23138
1677391200,23135,23172,23102,23172
1677394800,23174,23210,23149,23153
1677398400,23155,23173,23125,23162
1677402000,23162,23286,23162,23282
1677405600,23281,23281,23222,23234
1677409200,23240,23260,23210,23252
1677412800,23259,23296,23143,23172
1677416400,23169,23217,23149,23212
1677420000,23217,23318,23192,23203
1677423600,23201,23254,23191,23253
1677427200,23253,23259,23174,23185
1677430800,23189,23237,23149,23237
1677434400,23246,23528,23232,23479
1677438000,23490,23537,23374,23506
1677441600,23512,23678,23469,23644
1677445200,23649,23654,23559,23559
1677448800,23564,23594,23329,23478
1677452400,23472,23629,23458,23562
1677456000,23560,23567,23464,23494
1677459600,23497,23565,23443,23556
1677463200,23561,23646,23529,23561
1677466800,23571,23636,23547,23555
1677470400,23555,23560,23474,23495
1677474000,23494,23510,23360,23396
1677477600,23387,23436,23379,23406
1677481200,23410,23460,23410,23425
1677484800,23436,23457,23354,23360
1677488400,23361,23437,23341,23393
1677492000,23393,23421,23353,23379
1677495600,23384,23444,23374,23430
1677499200,23430,23439,23383,23399
1677502800,23403,23791,23402,23711
1677506400,23719,23850,23678,23812
1677510000,23806,23890,23487,23555
1677513600,23562,23617,23174,23398
1677517200,23397,23419,23282,23345
1677520800,23337,23370,23170,23290
1677524400,23287,23358,23234,23278
1677528000,23274,23332,23126,23326
1677531600,23326,23391,23304,23386
1677535200,23387,23557,23371,23490
1677538800,23490,23574,23458,23493
1677542400,23497,23549,23425,23431
1677546000,23430,23464,23360,23448
1677549600,23447,23474,23397,23435
1677553200,23446,23515,23438,23467
1677556800,23466,23469,23392,23416
1677560400,23416,23449,23374,23383
1677564000,23379,23415,23369,23394
1677567600,23393,23395,23233,23237
1677571200,23228,23303,23218,23269
1677574800,23267,23317,23254,23276
1677578400,23276,23384,23257,23368
1677582000,23372,23419,23341,23397
1677585600,23398,23500,23393,23455
1677589200,23471,23484,23373,23411
1677592800,23416,23571,23329,23436
1677596400,23430,23541,23415,23524
1677600000,23523,23594,23435,23450
1677603600,23458,23559,23456,23537
1677607200,23534,23551,23446,23485
1677610800,23486,23493,23221,23262
1677614400,23263,23343,23178,23279
1677618000,23277,23278,23048,23144
1677621600,23146,23246,23110,23172
1677625200,23165,23200,23107,23136
1677628800,23146,23221,23040,23109
1677632400,23098,23293,23089,23252
1677636000,23253,23332,23240,23332
1677639600,23332,23491,23311,23442
1677643200,23442,23840,23432,23793
1677646800,23813,23823,23643,23691
1677650400,23703,23792,23670,23761
1677654000,23760,23762,23696,23720
1677657600,23723,23990,23690,23871
1677661200,23883,23911,23737,23757
1677664800,23763,23787,23683,23781
1677668400,23781,23793,23709,23741
1677672000,23744,23824,23707,23731
1677675600,23725,23737,23621,23697
1677679200,23692,23879,23583,23685
1677682800,23684,23767,23582,23728
1677686400,23713,23742,23561,23701
1677690000,23698,23749,23675,23710
1677693600,23709,23729,23655,23695
1677697200,23696,23697,23343,23358
1677700800,23346,23469,23318,23409
1677704400,23416,23585,23377,23559
1677708000,23558,23579,23452,23539
1677711600,23527,23673,23508,23634
1677715200,23632,23791,23608,23609
1677718800,23609,23639,23461,23516
1677722400,23518,23549,23461,23500
1677726000,23498,23517,23437,23501
1677729600,23500,23549,23476,23543
1677733200,23543,23548,23423,23452
1677736800,23445,23477,23387,23446
1677740400,23446,23451,23342,23394
1677744000,23388,23468,23354,23449
1677747600,23449,23471,23394,23401
1677751200,23400,23432,23347,23377
1677754800,23386,23430,23365,23415
1677758400,23422,23433,23329,23355
1677762000,23350,23406,23255,23308
1677765600,23309,23347,23206,23315
1677769200,23312,23377,23288,23370
1677772800,23365,23385,23254,23282
1677776400,23279,23315,23238,23271
1677780000,23269,23452,23259,23452
1677783600,23450,23506,23398,23474
1677787200,23472,23566,23427,23469
1677790800,23467,23475,23394,23417
1677794400,23418,23549,23418,23471
1677798000,23465,23509,23435,23466
1677801600,23469,23477,23409,23421
1677805200,23421,23425,22000,22160
1677808800,22165,22459,22123,22369
1677812400,22360,22411,22295,22333
1677816000,22333,22399,22269,22388
1677819600,22388,22418,22344,22353
1677823200,22353,22412,22339,22387
1677826800,22386,22406,22340,22367
1677830400,22367,22451,22360,22436
1677834000,22437,22475,22357,22374
1677837600,22373,22396,22348,22354
1677841200,22354,22370,22319,22349
1677844800,22349,22372,22328,22350
1677848400,22351,22421,22177,22414
1677852000,22400,22490,22367,22394
1677855600,22387,22414,22244,22338
1677859200,22341,22385,22330,22379
1677862800,22381,22445,22381,22417
1677866400,22419,22425,22239,22314
1677870000,22316,22392,22298,22362
1677873600,22361,22379,22283,22308
1677877200,22308,22316,22160,22245
1677880800,22245,22343,22232,22325
1677884400,22325,22375,22321,22359
1677888000,22359,22386,22335,22370
1677891600,22370,22391,22342,22347
1677895200,22347,22361,22339,22346
1677898800,22349,22358,22331,22353
1677902400,22353,22372,22334,22344
1677906000,22342,22349,22284,22330
1677909600,22330,22401,22319,22372
1677913200,22371,22379,22356,22362
1677916800,22361,22364,22337,22346
1677920400,22347,22377,22344,22356
1677924000,22355,22362,22327,22337
1677927600,22336,22357,22333,22352
1677931200,22351,22394,22346,22390
1677934800,22387,22387,22364,22366
1677938400,22361,22364,22340,22347
1677942000,22345,22357,22300,22318
1677945600,22318,22346,22302,22329
1677949200,22327,22338,22308,22311
1677952800,22310,22334,22257,22324
1677956400,22326,22330,22236,22251
1677960000,22253,22267,22196,22248
1677963600,22255,22255,22170,22217
1677967200,22217,22356,22208,22301
1677970800,22304,22348,22294,22347
1677974400,22347,22380,22318,22379
1677978000,22379,22652,22354,22578
1677981600,22603,22610,22212,22361
1677985200,22361,22432,22361,22391
1677988800,22392,22464,22383,22451
1677992400,22447,22449,22401,22428
1677996000,22422,22429,22406,22422
1677999600,22423,22423,22371,22378
1678003200,22383,22403,22332,22337
1678006800,22347,22398,22322,22371
1678010400,22373,22445,22368,22417
1678014000,22412,22428,22389,22401
1678017600,22401,22437,22399,22424
1678021200,22427,22488,22427,22469
1678024800,22470,22478,22427,22432
1678028400,22434,22470,22429,22437
1678032000,22440,22459,22427,22443
1678035600,22445,22459,22426,22426
1678039200,22427,22447,22427,22437
1678042800,22437,22454,22382,22408
1678046400,22408,22424,22399,22415
1678050000,22414,22552,22339,22490
1678053600,22489,22489,22391,22435
1678057200,22427,22458,22373,22428
1678060800,22427,22467,22367,22448
1678064400,22448,22507,22333,22386
1678068000,22380,22403,22263,22393
1678071600,22394,22413,22303,22390
1678075200,22390,22400,22336,22346
1678078800,22347,22372,22320,22372
1678082400,22369,22432,22369,22404
1678086000,22407,22431,22391,22394
1678089600,22395,22445,22362,22415
1678093200,22415,22422,22366,22398
1678096800,22401,22410,22373,22399
1678100400,22401,22401,22360,22383
1678104000,22384,22409,22362,22401
1678107600,22401,22480,22392,22442
1678111200,22439,22479,22409,22444
1678114800,22446,22590,22432,22554
1678118400,22562,22580,22473,22522
1678122000,22526,22533,22477,22480
1678125600,22481,22537,22473,22504
1678129200,22504,22513,22367,22396
1678132800,22396,22415,22338,22351
1678136400,22352,22438,22327,22413
1678140000,22413,22449,22412,22436
1678143600,22434,22446,22390,22407
1678147200,22414,22425,22380,22413
1678150800,22415,22509,22412,22481
1678154400,22485,22508,22455,22499
1678158000,22497,22547,22448,22456
1678161600,22455,22477,22452,22475
1678165200,22477,22479,22450,22460
1678168800,22462,22462,22414,22443
1678172400,22437,22453,22415,22419
1678176000,22423,22426,22400,22423
1678179600,22422,22422,22356,22381
1678183200,22378,22429,22373,22374
1678186800,22373,22397,22332,22337
1678190400,22347,22407,22339,22403
1678194000,22401,22409,22356,22363
1678197600,22359,22381,22213,22318
1678201200,22315,22478,21931,22322
1678204800,22318,22394,22195,22232
1678208400,22238,22356,22224,22308
1678212000,22311,22329,22174,22201
1678215600,22199,22247,22072,22128
1678219200,22124,22141,21995,22058
1678222800,22060,22111,21952,22057
1678226400,22048,22119,21989,22109
1678230000,22096,22223,22079,22200
1678233600,22197,22275,22193,22244
1678237200,22246,22255,22143,22171
1678240800,22172,22203,22162,22172
1678244400,22171,22185,22083,22147
1678248000,22153,22163,22104,22142
1678251600,22143,22143,21858,21951
1678255200,21945,22042,21933,22026
1678258800,22025,22034,21960,21974
1678262400,21973,22031,21945,21987
1678266000,21998,22022,21973,22010
1678269600,22016,22131,22001,22112
1678273200,22110,22132,22055,22069
1678276800,22069,22104,21998,22016
1678280400,22010,22056,21948,21990
1678284000,21995,22025,21934,21976
1678287600,21974,22212,21885,22143
1678291200,22140,22209,22062,22142
1678294800,22143,22148,22026,22027
1678298400,22028,22059,21951,22021
1678302000,22020,22055,21989,21996
1678305600,21995,22121,21970,22095
1678309200,22100,22110,21910,22010
1678312800,22003,22013,21646,21801
1678316400,21798,21828,21590,21704
1678320000,21697,21757,21678,21718
1678323600,21719,21755,21635,21702
1678327200,21702,21784,21702,21770
1678330800,21769,21798,21747,21769
1678334400,21771,21771,21724,21739
1678338000,21738,21756,21726,21736
1678341600,21734,21743,21691,21740
1678345200,21740,21740,21669,21684
1678348800,21681,21692,21608,21681
1678352400,21670,21695,21590,21633
1678356000,21635,21670,21534,21643
1678359600,21642,21667,21616,21667
1678363200,21666,21668,21601,21604
1678366800,21607,21714,21552,21699
1678370400,21705,21824,21680,21719
1678374000,21718,21797,21636,21644
1678377600,21638,21664,21427,21470
1678381200,21470,21515,21395,21457
1678384800,21461,21480,20969,21008
1678388400,21006,21006,20774,20841
1678392000,20833,20864,20043,20120
1678395600,20112,20429,20112,20233
1678399200,20228,20490,20227,20351
1678402800,20350,20378,20291,20367
1678406400,20368,20368,20037,20122
1678410000,20124,20157,19810,20114
1678413600,20109,20138,20036,20036
1678417200,20035,20131,19986,20054
1678420800,20053,20065,19843,19877
1678424400,19874,20044,19861,19997
1678428000,19994,20025,19850,19879
1678431600,19882,20032,19791,19950
1678435200,19955,19967,19882,19957
1678438800,19953,19965,19841,19860
1678442400,19861,19911,19569,19621
1678446000,19643,19795,19578,19763
1678449600,19768,19992,19734,19946
1678453200,19933,20298,19891,20186
1678456800,20189,20189,19668,19827
1678460400,19838,20032,19776,20012
1678464000,20002,20300,19939,20014
1678467600,20012,20076,19832,19922
1678471200,19931,20004,19829,19851
1678474800,19849,20065,19849,20018
1678478400,20027,20068,19949,19977
1678482000,19980,20144,19864,20102
1678485600,20092,20224,20062,20160
1678489200,20157,20308,20149,20220
1678492800,20226,20393,20212,20337
1678496400,20345,20874,20345,20780
1678500000,20783,20835,20555,20649
1678503600,20649,20659,20437,20554
1678507200,20549,20563,20370,20409
1678510800,20402,20505,20367,20484
1678514400,20483,20499,20283,20389
1678518000,20393,20432,19955,19968
1678521600,19974,20304,19893,20162
1678525200,20152,20235,20062,20213
1678528800,20203,20268,20117,20152
1678532400,20153,20214,20092,20188
1678536000,20186,20229,20137,20137
1678539600,20139,20254,20137,20200
1678543200,20196,20315,20175,20246
1678546800,20245,20285,20195,20259
1678550400,20243,20320,20185,20301
1678554000,20300,20489,20277,20430
1678557600,20439,20521,20401,20459
1678561200,20458,20480,20369,20455
1678564800,20456,20657,20437,20545
1678568400,20532,20535,20438,20501
1678572000,20503,20600,20477,20487
1678575600,20493,20674,20493,20618
1678579200,20615,20654,20502,20614
1678582800,20615,20643,20549,20565
1678586400,20580,20593,20481,20550
1678590000,20566,20642,20545,20572
1678593600,20574,20604,20534,20603
1678597200,20603,20694,20586,20589
1678600800,20607,20625,20547,20547
1678604400,20547,20569,20456,20534
1678608000,20521,20576,20521,20561
1678611600,20559,20599,20525,20550
1678615200,20549,20592,20526,20582
1678618800,20587,20631,20575,20593
1678622400,20594,20594,20474,20541
1678626000,20538,20632,20538,20568
1678629600,20568,20626,20548,20564
1678633200,20569,20650,20522,20596
1678636800,20586,20647,20570,20626
1678640400,20628,21050,20608,21034
1678644000,21042,21605,20962,21408
1678647600,21393,21529,21065,21089
1678651200,21084,21581,21065,21532
1678654800,21496,21532,21362,21488
1678658400,21491,22120,21322,21898
1678662000,21899,22269,21818,22183
1678665600,22190,22775,22058,22643
1678669200,22662,22664,22445,22473
1678672800,22473,22536,22255,22334
1678676400,22333,22382,22244,22330
1678680000,22331,22536,22319,22438
1678683600,22444,22491,22388,22489
1678687200,22490,22568,22351,22482
1678690800,22477,22598,22421,22565
1678694400,22561,22627,22255,22280
1678698000,22267,22324,21918,22028
1678701600,22026,22239,21900,22203
1678705200,22201,22282,22085,22166
1678708800,22167,22188,22007,22168
1678712400,22168,22632,22168,22552
1678716000,22558,23725,22488,23633
1678719600,23642,24618,23627,24087
1678723200,24100,24326,23894,24064
1678726800,24068,24257,23929,24189
1678730400,24194,24400,24077,24377
1678734000,24377,24479,24237,24388
1678737600,24400,24412,24182,24230
1678741200,24245,24328,24164,24189
1678744800,24194,24347,24193,24298
1678748400,24299,24307,24010,24209
1678752000,24210,24342,24070,24285
1678755600,24281,24526,24219,24501
1678759200,24495,24576,24342,24372
1678762800,24375,24501,24333,24490
1678766400,24493,24541,24436,24535
1678770000,24536,24917,24380,24455
1678773600,24463,24565,24431,24472
1678777200,24478,24542,24296,24390
1678780800,24390,24431,24272,24351
1678784400,24352,24396,24233,24395
1678788000,24396,24724,24374,24692
1678791600,24700,24929,24579,24866
1678795200,24867,26150,24655,26000
1678798800,25991,26533,25705,25859
1678802400,25861,26179,25729,25926
1678806000,25920,26032,25847,26002
1678809600,26002,26095,25822,25959
1678813200,25957,25980,25661,25703
1678816800,25702,25706,24896,25051
1678820400,25042,25176,24350,25128
1678824000,25134,25240,24569,24651
1678827600,24649,24692,24092,24620
1678831200,24615,24819,24477,24796
1678834800,24785,24843,24689,24750
1678838400,24745,24785,24409,24785
1678842000,24787,25122,24729,24979
1678845600,24985,25047,24885,24909
1678849200,24917,24945,24754,24823
1678852800,24819,24918,24780,24916
1678856400,24918,24991,24800,24819
1678860000,24818,24963,24731,24886
1678863600,24898,25024,24834,24996
1678867200,24988,25029,24870,24870
1678870800,24871,24899,24621,24664
1678874400,24660,24750,24518,24654
1678878000,24657,24930,24393,24859
1678881600,24857,25273,24550,24939
1678885200,24950,25246,24852,24881
1678888800,24879,25032,24544,24804
1678892400,24822,24897,24459,24547
1678896000,24554,24581,24112,24149
1678899600,24157,24403,23940,24324
1678903200,24340,24560,24196,24478
1678906800,24481,24538,24234,24442
1678910400,24430,24503,24306,24408
1678914000,24395,24538,24378,24513
1678917600,24532,24733,24394,24469
1678921200,24450,24532,24319,24368
1678924800,24361,24471,24246,24298
1678928400,24310,24427,24229,24413
1678932000,24418,24519,24396,24452
1678935600,24452,24458,24318,24345
1678939200,24351,24394,24278,24343
1678942800,24349,24535,24318,24431
1678946400,24436,24668,24426,24648
1678950000,24635,24746,24610,24692
1678953600,24695,24729,24633,24657
1678957200,24660,24906,24459,24734
1678960800,24737,25132,24653,25015
1678964400,25011,25012,24793,24908
1678968000,24909,24988,24740,24795
1678971600,24803,24909,24611,24899
1678975200,24900,25083,24752,24912
1678978800,24917,24987,24825,24938
1678982400,24942,24964,24740,24821
1678986000,24818,24844,24665,24734
1678989600,24733,24876,24672,24853
1678993200,24852,25217,24850,25033
1678996800,25022,25022,24710,24760
1679000400,24756,25131,24722,24971
1679004000,24979,25053,24901,25043
1679007600,25052,25132,24982,25050
1679011200,25051,25052,24954,24977
1679014800,24977,25779,24975,25725
1679018400,25729,25956,25559,25668
1679022000,25657,25847,25641,25834
1679025600,25848,25937,25776,25799
1679029200,25806,25838,25734,25829
1679032800,25829,26270,25829,26184
1679036400,26209,26234,25956,26139
1679040000,26141,26273,26018,26070
1679043600,26077,26392,26072,26327
1679047200,26306,26866,26306,26773
1679050800,26774,27025,26656,26984
1679054400,26984,26998,26430,26707
1679058000,26703,26818,26433,26503
1679061600,26503,26672,26193,26365
1679065200,26341,26541,26283,26447
1679068800,26464,26599,26411,26439
1679072400,26442,26692,26428,26540
1679076000,26543,26656,26346,26656
1679079600,26656,26909,26613,26887
1679083200,26892,26920,26649,26826
1679086800,26823,27279,26799,27170
1679090400,27178,27818,27072,27584
1679094000,27603,27748,27320,27466
1679097600,27466,27704,27144,27685
1679101200,27696,27776,27330,27398
1679104800,27403,27537,27299,27367
1679108400,27358,27424,27261,27380
1679112000,27387,27465,27291,27396
1679115600,27399,27675,27372,27650
1679119200,27657,27682,27530,27579
1679122800,27576,27581,27379,27430
1679126400,27430,27430,27166,27276
1679130000,27276,27505,27206,27471
1679133600,27478,27567,27445,27550
1679137200,27550,27566,27404,27534
1679140800,27532,27719,27386,27588
1679144400,27575,27614,27435,27502
1679148000,27503,27704,27481,27628
1679151600,27629,27630,27163,27318
1679155200,27313,27532,26707,27419
1679158800,27414,27552,26992,27382
1679162400,27381,27436,27314,27412
1679166000,27400,27517,27364,27425
1679169600,27419,27533,27346,27411
1679173200,27405,27428,27242,27284
1679176800,27271,27315,26960,27001
1679180400,27015,27140,26894,26980
1679184000,26992,27200,26990,27153
1679187600,27153,27255,27125,27188
1679191200,27190,27254,27129,27187
1679194800,27187,27317,27161,27274
1679198400,27265,27351,27194,27221
1679202000,27218,27265,27121,27132
1679205600,27143,27152,26975,27007
1679209200,27008,27081,26900,27042
1679212800,27043,27165,26960,27049
1679216400,27059,27169,26996,27120
1679220000,27121,27171,27060,27138
1679223600,27131,27259,27022,27259
1679227200,27241,27450,27225,27328
1679230800,27322,27368,27200,27264
1679234400,27260,27442,27260,27415
1679238000,27415,27820,27392,27654
1679241600,27644,28269,27564,28007
1679245200,28028,28134,27800,27980
1679248800,27987,28396,27930,28396
1679252400,28400,28460,28255,28347
1679256000,28345,28474,27853,27972
1679259600,27961,28298,27961,28056
1679263200,28076,28250,27965,28202
1679266800,28194,28372,27997,28054
1679270400,28081,28134,27888,27913
1679274000,27908,27963,27680,27765
1679277600,27754,27824,27357,27517
1679281200,27523,27570,27231,27372
1679284800,27357,27548,27255,27525
1679288400,27526,27623,27455,27621
1679292000,27618,27813,27568,27730
1679295600,27729,28338,27729,28269
1679299200,28292,28519,28098,28410
1679302800,28413,28567,28128,28290
1679306400,28293,28338,28034,28198
1679310000,28202,28362,28146,28296
1679313600,28284,28351,28180,28326
1679317200,28315,28315,27816,27902
1679320800,27906,28214,27900,28133
1679324400,28139,28191,27712,27780
1679328000,27781,27851,27555,27647
1679331600,27638,27885,27584,27716
1679335200,27716,28122,27680,28069
1679338800,28068,28092,27736,27870
1679342400,27866,28108,27854,28080
1679346000,28069,28250,28019,28076
1679349600,28084,28135,27961,28048
1679353200,28045,28100,27683,27815
1679356800,27808,28039,27759,27938
1679360400,27935,28012,27806,27953
1679364000,27952,27988,27857,27881
1679367600,27876,27914,27814,27851
1679371200,27870,28051,27870,28002
1679374800,27989,28000,27835,27880
1679378400,27879,27879,27723,27735
1679382000,27739,27781,27436,27599
1679385600,27616,27776,27500,27748
1679389200,27747,28169,27696,28026
1679392800,28024,28257,28003,28045
1679396400,28057,28166,27960,28139
1679400000,28139,28314,28018,28268
1679403600,28282,28290,27983,28102
1679407200,28108,28181,27811,27949
1679410800,27954,28165,27918,28106
1679414400,28122,28497,28084,28423
1679418000,28423,28480,28051,28077
1679421600,28074,28240,28021,28230
1679425200,28219,28303,28165,28205
1679428800,28204,28282,28125,28154
1679432400,28154,28178,27985,28077
1679436000,28069,28144,28006,28117
1679439600,28117,28222,28068,28192
1679443200,28184,28196,28037,28111
1679446800,28112,28186,28061,28178
1679450400,28176,28226,28124,28125
1679454000,28117,28349,28091,28239
1679457600,28232,28303,28204,28275
1679461200,28277,28369,28259,28277
1679464800,28263,28288,28217,28280
1679468400,28276,28320,28112,28171
1679472000,28170,28278,28127,28154
1679475600,28140,28202,28072,28175
1679479200,28172,28250,28137,28222
1679482800,28222,28264,28187,28189
1679486400,28192,28323,28181,28297
1679490000,28295,28464,28250,28364
1679493600,28364,28781,28360,28615
1679497200,28637,28784,28498,28646
1679500800,28654,28749,28539,28700
1679504400,28700,28700,28369,28577
1679508000,28595,28936,27867,28090
1679511600,28089,28094,26700,26700
1679515200,26739,27448,26688,27391
1679518800,27397,27500,27147,27177
1679522400,27151,27312,27052,27285
1679526000,27282,27405,27259,27320
1679529600,27320,27513,27272,27384
1679533200,27395,27395,27187,27227
1679536800,27224,27410,27214,27410
1679540400,27412,27478,27371,27433
1679544000,27431,27491,27336,27360
1679547600,27362,27773,27355,27714
1679551200,27714,27771,27638,27727
1679554800,27734,27758,27633,27724
1679558400,27717,27810,27651,27712
1679562000,27725,27732,27670,27723
1679565600,27717,27717,27714,27714
1679569200,27638,27720,27617,27680
1679572800,27667,27733,27537,27554
1679576400,27554,27578,27369,27439
1679580000,27440,28149,27368,28117
1679583600,28109,28818,28039,28650
1679587200,28649,28719,28430,28515
1679590800,28522,28560,28213,28348
1679594400,28355,28435,27860,27947
1679598000,27971,28499,27828,28405
1679601600,28425,28425,28152,28335
1679605200,28334,28337,28041,28209
1679608800,28215,28319,28148,28276
1679612400,28243,28488,28243,28343
1679616000,28352,28428,28239,28250
1679619600,28248,28364,28213,28300
1679623200,28300,28357,28186,28227
1679626800,28230,28285,28210,28265
1679630400,28263,28294,28149,28177
1679634000,28177,28342,28177,28322
1679637600,28322,28366,28278,28295
1679641200,28293,28362,28193,28320
1679644800,28321,28338,27984,28077
1679648400,28077,28228,28045,28091
1679652000,28084,28131,27987,28078
1679655600,28070,28156,27460,27650
1679659200,27627,28161,27600,28008
1679662800,28007,28023,27706,28011
1679666400,28008,29380,27859,28036
1679670000,28036,28113,27905,28060
1679673600,28063,28094,27860,27860
1679677200,27861,27925,27574,27658
1679680800,27654,27840,27609,27772
1679684400,27780,27913,27724,27855
1679688000,27852,27893,27524,27620
1679691600,27620,27653,27043,27382
1679695200,27365,27471,27320,27332
1679698800,27325,27546,27321,27493
1679702400,27497,27614,27462,27593
1679706000,27602,27612,27462,27532
1679709600,27534,27691,27497,27640
1679713200,27635,27683,27592,27618
1679716800,27625,27662,27530,27571
1679720400,27567,27583,27422,27491
1679724000,27492,27575,27445,27531
1679727600,27532,27610,27516,27526
1679731200,27525,27547,27374,27471
1679734800,27470,27547,27363,27519
1679738400,27512,27560,27437,27519
1679742000,27514,27555,27458,27490
1679745600,27492,27521,27423,27489
1679749200,27489,27638,27398,27599
1679752800,27614,27670,27585,27616
1679756400,27582,27810,27532,27686
1679760000,27687,27758,27662,27685
1679763600,27684,27699,27445,27525
1679767200,27525,27604,27486,27498
1679770800,27504,27504,27228,27243
1679774400,27246,27460,27210,27386
1679778000,27386,27468,27382,27449
1679781600,27439,27550,27432,27457
1679785200,27471,27519,27440,27499
1679788800,27493,27652,27453,27569
1679792400,27569,27673,27556,27630
1679796000,27629,27644,27595,27625
1679799600,27624,27640,27535,27558
1679803200,27560,27562,27500,27545
1679806800,27545,27588,27507,27583
1679810400,27582,27607,27520,27530
1679814000,27532,27570,27520,27538
1679817600,27539,27783,27522,27696
1679821200,27698,27764,27647,27716
1679824800,27718,27738,27669,27704
1679828400,27709,27930,27683,27903
1679832000,27927,28004,27870,27948
1679835600,27947,28217,27913,28174
1679839200,28185,28187,27746,27818
1679842800,27820,27905,27755,27841
1679846400,27838,27906,27680,27728
1679850000,27727,27880,27696,27860
1679853600,27860,27952,27805,27841
1679857200,27841,27881,27816,27852
1679860800,27852,27925,27716,27808
1679864400,27808,27862,27783,27862
1679868000,27862,28096,27835,28069
1679871600,28073,28160,27978,28004
1679875200,27992,28051,27948,28022
1679878800,28026,28047,27846,27856
1679882400,27854,27916,27816,27908
1679886000,27904,27950,27856,27913
1679889600,27913,27965,27898,27935
1679893200,27934,27944,27710,27749
1679896800,27730,27829,27703,27818
1679900400,27814,27882,27788,27851
1679904000,27835,27886,27800,27863
1679907600,27869,27994,27845,27951
1679911200,27963,27969,27890,27932
1679914800,27934,28004,27864,27916
1679918400,27913,27943,27721,27754
1679922000,27760,27850,27644,27691
1679925600,27709,27742,26990,27003
1679929200,26991,27031,26541,26916
1679932800,26916,27323,26877,27150
1679936400,27158,27224,26954,26959
1679940000,26971,27181,26961,27108
1679943600,27108,27157,26961,26970
1679947200,26980,27066,26898,27046
1679950800,27047,27194,27017,27180
1679954400,27180,27250,27096,27102
1679958000,27117,27181,27083,27142
1679961600,27142,27168,26963,26967
1679965200,26974,27183,26798,27084
1679968800,27079,27101,26990,27049
1679972400,27059,27063,26931,26984
1679976000,26986,27008,26917,26976
1679979600,26974,27007,26900,26980
1679983200,26983,27146,26983,27080
1679986800,27093,27108,26947,26965
1679990400,26972,27039,26943,27021
1679994000,27031,27055,26826,26906
1679997600,26891,26937,26647,26742
1680001200,26757,27153,26743,27071
1680004800,27089,27214,26871,26987
1680008400,26975,27030,26850,26879
1680012000,26886,27020,26855,26949
1680015600,26949,27081,26932,27009
1680019200,27010,27037,26860,26883
1680022800,26888,26923,26760,26868
1680026400,26868,27389,26842,27342
1680030000,27342,27514,27171,27427
1680033600,27453,27486,27251,27311
1680037200,27320,27334,27112,27204
1680040800,27195,27238,27150,27226
1680044400,27230,27341,27226,27272
1680048000,27272,27343,27258,27291
1680051600,27287,27482,27282,27343
1680055200,27326,27427,27313,27414
1680058800,27418,27424,27342,27378
1680062400,27378,27614,27367,27583
1680066000,27584,27653,27533,27555
1680069600,27557,28145,27516,28039
1680073200,28064,28159,27980,28095
1680076800,28106,28650,28048,28511
1680080400,28517,28564,28318,28331
1680084000,28323,28438,28258,28382
1680087600,28380,28381,28275,28351
1680091200,28354,28483,28250,28461
1680094800,28453,28488,28336,28404
1680098400,28430,28584,28280,28293
1680102000,28302,28492,28277,28449
1680105600,28449,28455,28153,28166
1680109200,28164,28338,28160,28257
1680112800,28256,28352,28208,28325
1680116400,28327,28445,28291,28417
1680120000,28422,28471,28361,28399
1680123600,28396,28496,28301,28301
1680127200,28308,28432,28224,28397
1680130800,28397,28454,28329,28353
1680134400,28353,28467,28251,28341
1680138000,28331,28386,28259,28357
1680141600,28359,29170,28354,28967
1680145200,28965,28996,28152,28493
1680148800,28496,28699,28455,28600
1680152400,28597,28633,28502,28622
1680156000,28619,28677,28573,28625
1680159600,28623,28777,28596,28734
1680163200,28727,28744,28587,28589
1680166800,28586,28603,28512,28588
1680170400,28589,28631,28526,28612
1680174000,28612,28712,28590,28656
1680177600,28664,28696,28573,28638
1680181200,28653,28653,28435,28524
1680184800,28524,28548,28284,28438
1680188400,28450,28484,28193,28314
1680192000,28311,28311,28054,28250
1680195600,28247,28282,27747,27826
1680199200,27823,27946,27706,27913
1680202800,27899,28072,27892,27977
1680206400,28005,28172,27904,28158
1680210000,28170,28192,28032,28092
1680213600,28074,28141,27805,27920
1680217200,27902,28058,27858,28039
1680220800,28036,28340,27932,28259
1680224400,28258,28376,28126,28157
1680228000,28157,28214,28093,28156
1680231600,28155,28240,28121,28178
1680235200,28176,28216,28108,28193
1680238800,28192,28221,27964,28038
1680242400,28044,28113,28020,28091
1680246000,28095,28102,27533,27749
1680249600,27737,27850,27708,27808
1680253200,27817,27883,27785,27838
1680256800,27833,28007,27816,27913
1680260400,27914,27989,27859,27943
1680264000,27946,28182,27881,28118
1680267600,28124,28556,28100,28373
1680271200,28387,28653,28332,28508
1680274800,28561,28590,28350,28496
1680278400,28503,28536,28367,28433
1680282000,28435,28476,28284,28334
1680285600,28343,28424,28274,28315
1680289200,28314,28516,28282,28460
1680292800,28462,28470,28348,28392
1680296400,28392,28577,28370,28485
1680300000,28488,28632,28447,28579
1680303600,28592,28599,28476,28476
1680307200,28476,28558,28427,28450
1680310800,28450,28628,28430,28624
1680314400,28621,28816,28492,28592
1680318000,28603,28621,28513,28553
1680321600,28552,28638,28539,28595
1680325200,28593,28602,28545,28581
1680328800,28582,28586,28376,28485
1680332400,28486,28490,28373,28441
1680336000,28439,28499,28408,28456
1680339600,28458,28479,28432,28439
1680343200,28436,28480,28403,28480
1680346800,28479,28488,28382,28389
1680350400,28393,28445,28343,28445
1680354000,28441,28462,28401,28440
1680357600,28440,28445,28320,28340
1680361200,28337,28420,28237,28420
1680364800,28419,28453,28306,28348
1680368400,28348,28401,28339,28393
1680372000,28392,28405,28354,28393
1680375600,28394,28400,28362,28398
1680379200,28398,28581,28398,28463
1680382800,28463,28534,28446,28500
1680386400,28498,28565,28498,28536
1680390000,28537,28570,28467,28469
1680393600,28469,28517,28376,28380
1680397200,28403,28449,28376,28408
1680400800,28408,28449,28394,28423
1680404400,28420,28544,28420,28487
1680408000,28497,28503,28397,28397
1680411600,28396,28486,28396,28484
1680415200,28486,28500,28436,28485
1680418800,28485,28498,28433,28436
1680422400,28434,28436,28380,28394
1680426000,28394,28456,28378,28430
1680429600,28430,28430,28380,28383
1680433200,28383,28399,28331,28367
1680436800,28368,28371,28260,28273
1680440400,28275,28352,28160,28294
1680444000,28294,28355,28254,28290
1680447600,28289,28289,28064,28143
1680451200,28136,28156,27960,28132
1680454800,28140,28240,28133,28216
1680458400,28213,28231,28170,28181
1680462000,28170,28194,27893,27966
1680465600,27951,28098,27933,28077
1680469200,28075,28168,28013,28041
1680472800,28035,28122,27891,28114
1680476400,28122,28216,28058,28186
1680480000,28179,28197,28086,28129
1680483600,28125,28156,27600,27730
1680487200,27706,27836,27688,27740
1680490800,27732,27794,27646,27772
1680494400,27770,27773,27608,27714
1680498000,27714,27782,27692,27697
1680501600,27696,27808,27669,27797
1680505200,27803,27984,27789,27983
1680508800,27984,28465,27984,28336
1680512400,28363,28395,28315,28341
1680516000,28341,28506,28318,28318
1680519600,28318,28327,28230,28266
1680523200,28265,28265,28085,28181
1680526800,28174,28383,28131,28267
1680530400,28273,28313,27981,28018
1680534000,28008,28121,27977,28066
1680537600,28057,28139,27941,27943
1680541200,27940,28094,27905,27997
1680544800,27996,28235,27949,28160
1680548400,28175,28240,28047,28098
1680552000,28104,28105,27494,27593
1680555600,27581,27776,27236,27728
1680559200,27730,27953,27683,27815
1680562800,27815,28013,27756,27816
1680566400,27820,27881,27686,27775
1680570000,27791,27903,27707,27824
1680573600,27825,27954,27793,27866
1680577200,27864,27967,27862,27871
1680580800,27871,27896,27793,27842
1680584400,27831,27951,27831,27903
1680588000,27911,28150,27879,28097
1680591600,28103,28149,27981,28034
1680595200,28037,28155,27953,28108
1680598800,28113,28221,28056,28209
1680602400,28209,28354,28171,28228
1680606000,28247,28447,28184,28295
1680609600,28299,28381,28225,28277
1680613200,28282,28407,28089,28113
1680616800,28121,28275,28102,28141
1680620400,28139,28155,27967,28042
1680624000,28040,28137,27978,28110
1680627600,28110,28241,28092,28231
1680631200,28242,28260,28099,28114
1680634800,28121,28204,28091,28201
1680638400,28201,28315,28186,28262
1680642000,28258,28264,28166,28230
1680645600,28231,28271,28193,28200
1680649200,28200,28225,28095,28178
1680652800,28179,28737,28114,28692
1680656400,28692,28737,28553,28600
1680660000,28604,28782,28537,28576
1680663600,28578,28589,28446,28561
1680667200,28558,28596,28497,28515
1680670800,28514,28629,28490,28600
1680674400,28592,28610,28503,28545
1680678000,28546,28556,28466,28531
1680681600,28534,28603,28451,28550
1680685200,28553,28602,28511,28514
1680688800,28514,28539,28405,28500
1680692400,28500,28574,28483,28562
1680696000,28565,28729,28343,28574
1680699600,28569,28592,28327,28412
1680703200,28415,28476,28101,28119
1680706800,28108,28134,27874,28044
1680710400,28038,28062,27823,27969
1680714000,27951,28112,27932,28038
1680717600,28036,28071,27944,28037
1680721200,28039,28308,27981,28258
1680724800,28248,28304,28142,28158
1680728400,28169,28226,28150,28192
1680732000,28191,28245,28141,28186
1680735600,28185,28218,28147,28183
1680739200,28181,28191,27933,28002
1680742800,28001,28090,27893,28073
1680746400,28068,28095,27988,28052
1680750000,28049,28159,28036,28146
1680753600,28136,28138,28078,28080
1680757200,28080,28094,27982,28050
1680760800,28050,28081,28019,28074
1680764400,28074,28099,27920,27920
1680768000,27920,27995,27860,27959
1680771600,27959,28031,27918,27919
1680775200,27918,27918,27723,27858
1680778800,27856,27964,27856,27951
1680782400,27959,28085,27875,27920
1680786000,27911,27995,27773,27902
1680789600,27908,27984,27901,27964
1680793200,27964,28199,27956,28116
1680796800,28124,28178,28063,28070
1680800400,28078,28099,28037,28058
1680804000,28057,28118,27974,27990
1680807600,27978,28065,27972,28037
1680811200,28031,28137,27988,27996
1680814800,27994,28065,27977,28004
1680818400,28000,28029,27921,28028
1680822000,28028,28077,28028,28051
1680825600,28054,28115,28019,28113
1680829200,28115,28118,28059,28079
1680832800,28078,28089,27949,28044
1680836400,28044,28069,28003,28057
1680840000,28057,28083,28016,28037
1680843600,28037,28041,27907,27997
1680847200,27999,28007,27924,27977
1680850800,27973,27977,27800,27855
1680854400,27846,27948,27824,27836
1680858000,27831,27915,27797,27890
1680861600,27887,27984,27884,27956
1680865200,27953,27956,27824,27855
1680868800,27854,27995,27820,27911
1680872400,27911,27946,27856,27916
1680876000,27916,28003,27914,27941
1680879600,27943,27974,27933,27964
1680883200,27964,27971,27877,27897
1680886800,27897,27962,27897,27929
1680890400,27929,27950,27899,27913
1680894000,27917,27930,27894,27923
1680897600,27920,27947,27862,27896
1680901200,27891,27932,27891,27919
1680904800,27920,28004,27898,27984
1680908400,27984,27997,27918,27931
1680912000,27931,27951,27891,27908
1680915600,27911,27960,27905,27936
1680919200,27936,27992,27933,27989
1680922800,27988,28077,27976,28045
1680926400,28045,28066,27995,28006
1680930000,28004,28171,27998,28151
1680933600,28162,28174,28108,28139
1680937200,28143,28144,28089,28112
1680940800,28103,28143,28058,28064
1680944400,28059,28086,28042,28044
1680948000,28044,28057,28026,28039
1680951600,28042,28053,28023,28042
1680955200,28043,28056,27980,28007
1680958800,28007,28065,27992,28047
1680962400,28041,28083,28039,28058
1680966000,28057,28061,28017,28048
1680969600,28042,28074,28035,28038
1680973200,28039,28052,27938,27965
1680976800,27959,27984,27903,27931
1680980400,27924,27977,27905,27951
1680984000,27947,27988,27945,27948
1680987600,27947,27958,27929,27952
1680991200,27952,27980,27910,27979
1680994800,27967,28018,27961,27969
1680998400,27968,28098,27961,28060
1681002000,28060,28105,28056,28104
1681005600,28105,28112,28049,28053
1681009200,28054,28076,28039,28057
1681012800,28056,28068,28045,28066
1681016400,28066,28107,28029,28029
1681020000,28031,28031,27891,27899
1681023600,27909,27947,27877,27944
1681027200,27944,27968,27857,27935
1681030800,27931,27965,27912,27926
1681034400,27929,27934,27889,27914
1681038000,27915,27959,27888,27953
1681041600,27955,27991,27895,27954
1681045200,27951,27951,27908,27932
1681048800,27939,27948,27833,27891
1681052400,27891,27940,27863,27915
1681056000,27921,27970,27911,27922
1681059600,27921,27947,27895,27931
1681063200,27929,28077,27929,28053
1681066800,28058,28268,28029,28167
1681070400,28174,28185,28117,28140
1681074000,28140,28490,28140,28467
1681077600,28480,28544,28382,28384
1681081200,28392,28438,28327,28340
1681084800,28353,28450,28318,28402
1681088400,28402,28405,28273,28323
1681092000,28322,28367,28291,28318
1681095600,28327,28344,28293,28297
1681099200,28297,28331,28237,28259
1681102800,28269,28327,28218,28300
1681106400,28308,28316,28274,28301
1681110000,28302,28321,28204,28309
1681113600,28309,28395,28309,28316
1681117200,28313,28363,28293,28332
1681120800,28333,28377,28315,28355
1681124400,28354,28384,28308,28328
1681128000,28325,28333,28269,28291
1681131600,28291,28311,28184,28219
1681135200,28214,28355,28212,28333
1681138800,28330,28579,28330,28463
1681142400,28463,29173,28403,29068
1681146000,29077,29308,29044,29184
1681149600,29188,29303,29143,29279
1681153200,29297,29311,29080,29198
1681156800,29194,29239,29101,29147
1681160400,29147,29306,29123,29254
1681164000,29262,29775,29262,29625
1681167600,29623,29789,29607,29652
1681171200,29657,30000,29617,29955
1681174800,29957,30329,29783,30214
1681178400,30209,30438,30031,30102
1681182000,30101,30150,29966,30147
1681185600,30145,30194,30062,30124
1681189200,30133,30171,29830,29919
1681192800,29917,30116,29913,30072
1681196400,30064,30179,30063,30141
1681200000,30140,30189,30075,30101
1681203600,30122,30122,30006,30088
1681207200,30075,30166,30033,30149
1681210800,30148,30159,30078,30080
1681214400,30077,30208,30042,30123
1681218000,30121,30280,30097,30280
1681221600,30280,30301,30008,30082
1681225200,30086,30278,30069,30227
1681228800,30224,30290,30141,30154
1681232400,30156,30249,30070,30241
1681236000,30237,30268,30182,30260
1681239600,30262,30575,30157,30158
1681243200,30158,30203,29960,30201
1681246800,30191,30272,30167,30254
1681250400,30239,30304,30197,30304
1681254000,30301,30308,30198,30246
1681257600,30255,30386,30251,30276
1681261200,30280,30330,30157,30195
1681264800,30204,30205,29875,29953
1681268400,29948,30027,29892,29963
1681272000,29956,30031,29921,30019
1681275600,30019,30033,29935,29956
1681279200,29944,29993,29884,29967
1681282800,29967,30089,29950,30019
1681286400,30023,30080,29938,29944
1681290000,29942,30033,29919,30032
1681293600,30031,30057,30004,30015
1681297200,30022,30047,29889,30042
1681300800,30041,30503,29959,30199
1681304400,30197,30366,30001,30083
1681308000,30093,30279,30047,30047
1681311600,30047,30088,29689,29994
1681315200,29992,30055,29943,29972
1681318800,29964,30112,29941,30051
1681322400,30066,30084,29876,29941
1681326000,29942,29975,29783,29802
1681329600,29818,29975,29798,29970
1681333200,29970,30001,29928,29973
1681336800,29974,29994,29830,29866
1681340400,29868,29968,29849,29903
1681344000,29914,30067,29889,30016
1681347600,30017,30112,29979,30097
1681351200,30097,30245,30033,30148
1681354800,30143,30154,30079,30108
1681358400,30117,30141,30084,30090
1681362000,30096,30160,30079,30139
1681365600,30140,30155,30034,30053
1681369200,30052,30136,30034,30105
1681372800,30103,30295,30072,30222
1681376400,30231,30396,30191,30239
1681380000,30244,30284,30188,30245
1681383600,30245,30272,30187,30192
1681387200,30192,30336,30179,30309
1681390800,30307,30364,30200,30211
1681394400,30211,30577,30205,30471
1681398000,30490,30614,30341,30470
1681401600,30480,30505,30302,30366
1681405200,30363,30468,30319,30464
1681408800,30464,30578,30450,30485
1681412400,30485,30485,30348,30364
1681416000,30365,30366,30243,30288
1681419600,30287,30366,30277,30324
1681423200,30336,30428,30327,30341
1681426800,30341,30423,30318,30410
1681430400,30411,30825,30349,30777
1681434000,30788,30923,30731,30824
1681437600,30820,30844,30569,30632
1681441200,30636,30770,30590,30734
1681444800,30737,30789,30712,30743
1681448400,30742,30867,30729,30817
1681452000,30823,31035,30753,30974
1681455600,30976,31000,30762,30780
1681459200,30774,30825,30695,30760
1681462800,30760,30829,30731,30825
1681466400,30823,30856,30786,30801
1681470000,30801,30839,30761,30833
1681473600,30833,30883,30609,30650
1681477200,30646,30776,30636,30749
1681480800,30749,30793,30534,30639
1681484400,30628,30656,30127,30267
1681488000,30253,30292,30001,30172
1681491600,30171,30300,30154,30298
1681495200,30293,30371,30265,30295
1681498800,30297,30370,30220,30342
1681502400,30347,30542,30303,30469
1681506000,30471,30552,30426,30483
1681509600,30477,30486,30442,30465
1681513200,30466,30511,30403,30498
1681516800,30498,30620,30403,30403
1681520400,30422,30430,30315,30400
1681524000,30400,30470,30380,30410
1681527600,30410,30455,30396,30411
1681531200,30414,30423,30372,30388
1681534800,30389,30474,30389,30457
1681538400,30457,30457,30399,30413
1681542000,30425,30493,30422,30462
1681545600,30460,30489,30398,30414
1681549200,30414,30497,30414,30491
1681552800,30495,30497,30434,30447
1681556400,30446,30470,30402,30423
1681560000,30423,30480,30412,30460
1681563600,30460,30476,30328,30372
1681567200,30370,30414,30336,30398
1681570800,30398,30454,30357,30358
1681574400,30362,30375,30300,30357
1681578000,30356,30358,30249,30286
1681581600,30293,30344,30287,30339
1681585200,30339,30370,30263,30368
1681588800,30368,30382,30300,30315
1681592400,30314,30334,30280,30298
1681596000,30298,30395,30281,30385
1681599600,30384,30395,30321,30332
1681603200,30327,30350,30301,30311
1681606800,30310,30310,30157,30272
1681610400,30271,30322,30259,30312
1681614000,30303,30303,30264,30287
1681617600,30285,30353,30282,30332
1681621200,30331,30377,30331,30343
1681624800,30342,30381,30337,30339
1681628400,30339,30419,30332,30379
1681632000,30380,30385,30358,30364
1681635600,30363,30363,30283,30299
1681639200,30301,30325,30290,30325
1681642800,30326,30362,30259,30260
1681646400,30260,30299,30249,30288
1681650000,30284,30289,30204,30277
1681653600,30277,30351,30277,30342
1681657200,30339,30387,30329,30359
1681660800,30361,30370,30289,30365
1681664400,30365,30400,30321,30330
1681668000,30328,30498,30325,30498
1681671600,30498,30567,30313,30322
1681675200,30338,30426,30219,30372
1681678800,30365,30418,30296,30417
1681682400,30416,30432,30327,30356
1681686000,30359,30380,30274,30330
1681689600,30328,30337,29817,29872
1681693200,29845,30019,29777,29973
1681696800,29971,30116,29909,30044
1681700400,30034,30057,29974,30004
1681704000,30002,30009,29937,30002
1681707600,30003,30036,29960,30028
1681711200,30026,30028,29920,29927
1681714800,29934,29962,29860,29860
1681718400,29865,29935,29828,29934
1681722000,29928,29941,29875,29902
1681725600,29904,29914,29796,29913
1681729200,29907,29913,29301,29601
1681732800,29592,29613,29459,29549
1681736400,29545,29557,29247,29420
1681740000,29415,29497,29372,29459
1681743600,29457,29485,29255,29374
1681747200,29369,29494,29341,29476
1681750800,29473,29543,29447,29486
1681754400,29481,29582,29475,29542
1681758000,29539,29590,29467,29469
1681761600,29484,29513,29435,29461
1681765200,29461,29482,29406,29468
1681768800,29469,29552,29469,29518
1681772400,29521,29529,29410,29448
1681776000,29452,29470,29290,29372
1681779600,29374,29423,29122,29383
1681783200,29383,29499,29383,29465
1681786800,29483,29512,29459,29461
1681790400,29461,29524,29455,29514
1681794000,29514,29638,29514,29551
1681797600,29555,29747,29555,29733
1681801200,29737,29808,29683,29780
1681804800,29786,29834,29706,29716
1681808400,29715,29932,29708,29903
1681812000,29912,29972,29877,29907
1681815600,29912,30387,29894,30387
1681819200,30387,30483,30293,30297
1681822800,30318,30438,30287,30388
1681826400,30385,30390,30137,30255
1681830000,30271,30295,30117,30199
1681833600,30199,30275,30169,30230
1681837200,30230,30270,30040,30046
1681840800,30040,30278,29974,30158
1681844400,30158,30240,30118,30236
1681848000,30234,30454,30170,30423
1681851600,30435,30443,30297,30379
1681855200,30375,30409,30306,30371
1681858800,30371,30417,30316,30395
1681862400,30388,30423,30297,30329
1681866000,30334,30359,30235,30258
1681869600,30248,30265,30135,30211
1681873200,30206,30284,30193,30221
1681876800,30212,30244,30157,30211
1681880400,30210,30334,30176,30279
1681884000,30279,30282,30037,30037
1681887600,30037,30129,30015,30088
1681891200,30093,30093,29015,29191
1681894800,29189,29341,29076,29211
1681898400,29204,29280,29110,29266
1681902000,29263,29340,29243,29324
1681905600,29321,29321,29190,29228
1681909200,29226,29345,29183,29340
1681912800,29338,29518,29338,29410
1681916400,29413,29448,29148,29291
1681920000,29284,29386,29262,29338
1681923600,29336,29347,29107,29335
1681927200,29334,29371,29240,29301
1681930800,29287,29363,29217,29245
1681934400,29225,29334,29172,29251
1681938000,29251,29272,28837,29178
1681941600,29180,29244,29053,29090
1681945200,29081,29108,28603,28827
1681948800,28814,28971,28740,28935
1681952400,28935,29006,28852,28949
1681956000,28948,28976,28743,28754
1681959600,28755,28898,28572,28866
1681963200,28872,28972,28872,28890
1681966800,28905,28955,28838,28905
1681970400,28919,29098,28907,28945
1681974000,28955,28968,28867,28879
1681977600,28877,28959,28770,28835
1681981200,28833,28917,28831,28870
1681984800,28868,28914,28790,28862
1681988400,28859,28870,28607,28617
1681992000,28620,28985,28360,28894
1681995600,28898,28898,28725,28827
1681999200,28844,28873,28691,28717
1682002800,28725,28732,28453,28509
1682006400,28509,28660,28260,28449
1682010000,28452,28608,28361,28459
1682013600,28459,28527,28278,28363
1682017200,28362,28362,28005,28092
1682020800,28088,28321,28018,28206
1682024400,28202,28284,28166,28229
1682028000,28230,28357,28176,28242
1682031600,28252,28321,28187,28238
1682035200,28240,28362,28085,28284
1682038800,28299,28319,28197,28208
1682042400,28202,28247,28143,28246
1682046000,28246,28332,28242,28323
1682049600,28327,28342,28233,28241
1682053200,28247,28263,28162,28162
1682056800,28162,28220,27828,27918
1682060400,27919,28172,27845,28160
1682064000,28166,28231,28022,28084
1682067600,28084,28107,27972,28061
1682071200,28058,28149,27950,28002
1682074800,27999,28088,27918,28059
1682078400,28059,28209,27968,28195
1682082000,28200,28268,28071,28081
1682085600,28080,28188,28017,28044
1682089200,28045,28131,27977,28033
1682092800,28032,28081,27942,28036
1682096400,28031,28044,27783,27891
1682100000,27889,27977,27721,27771
1682103600,27766,27781,27193,27275
1682107200,27276,27400,27181,27272
1682110800,27256,27374,27229,27277
1682114400,27262,27343,27140,27260
1682118000,27257,27338,27232,27254
1682121600,27253,27323,27208,27223
1682125200,27222,27299,27137,27284
1682128800,27285,27307,27229,27231
1682132400,27235,27358,27232,27322
1682136000,27326,27366,27304,27350
1682139600,27350,27394,27311,27394
1682143200,27396,27396,27309,27346
1682146800,27351,27357,27232,27282
1682150400,27282,27310,27195,27215
1682154000,27215,27276,27215,27242
1682157600,27248,27261,27189,27251
1682161200,27249,27323,27243,27291
1682164800,27291,27359,27291,27339
1682168400,27339,27357,27241,27260
1682172000,27262,27498,27251,27484
1682175600,27499,27561,27396,27483
1682179200,27499,27684,27496,27589
1682182800,27592,27770,27576,27673
1682186400,27674,27676,27527,27610
1682190000,27604,27661,27593,27627
1682193600,27628,27700,27628,27640
1682197200,27638,27674,27574,27674
1682200800,27663,27879,27655,27860
1682204400,27858,27883,27808,27817
1682208000,27820,27820,27440,27547
1682211600,27552,27666,27491,27561
1682215200,27562,27617,27501,27607
1682218800,27601,27648,27548,27570
1682222400,27563,27632,27551,27620
1682226000,27615,27628,27549,27594
1682229600,27595,27641,27578,27598
1682233200,27598,27757,27559,27736
1682236800,27729,27772,27681,27719
1682240400,27723,27732,27603,27637
1682244000,27631,27657,27502,27536
1682247600,27532,27656,27528,27646
1682251200,27657,27738,27606,27622
1682254800,27619,27666,27588,27640
1682258400,27636,27686,27517,27563
1682262000,27544,27582,27347,27483
1682265600,27484,27688,27390,27590
1682269200,27591,27639,27490,27521
1682272800,27519,27550,27350,27455
1682276400,27463,27531,27435,27471
1682280000,27474,27543,27416,27512
1682283600,27512,27551,27496,27515
1682287200,27518,27640,27431,27599
1682290800,27599,27649,27557,27596
1682294400,27594,27856,27438,27809
1682298000,27827,27998,27703,27768
1682301600,27785,27826,27679,27740
1682305200,27744,27789,27679,27781
1682308800,27790,27790,27699,27704
1682312400,27702,27758,27645,27657
1682316000,27656,27703,27472,27549
1682319600,27538,27538,27353,27449
1682323200,27448,27516,27045,27181
1682326800,27175,27361,27161,27306
1682330400,27312,27432,27310,27414
1682334000,27423,27544,27379,27540
1682337600,27545,27587,27433,27441
1682341200,27440,27711,27396,27629
1682344800,27634,27699,27287,27432
1682348400,27432,27432,27232,27266
1682352000,27266,27392,27055,27116
1682355600,27111,27405,26981,27381
1682359200,27389,27567,27293,27337
1682362800,27337,27414,27319,27380
1682366400,27382,27473,27339,27453
1682370000,27460,27463,27330,27414
1682373600,27414,27509,27380,27468
1682377200,27465,27557,27442,27512
1682380800,27515,27587,27441,27459
1682384400,27458,27513,27372,27403
1682388000,27399,27425,27330,27391
1682391600,27399,27425,27323,27347
1682395200,27347,27437,27327,27404
1682398800,27415,27440,27323,27416
1682402400,27415,27445,27353,27362
1682406000,27361,27399,27246,27269
1682409600,27260,27432,27197,27429
1682413200,27431,27432,27284,27314
1682416800,27317,27347,27291,27332
1682420400,27332,27428,27317,27387
1682424000,27396,27468,27353,27380
1682427600,27394,27462,27327,27342
1682431200,27342,27385,27218,27291
1682434800,27292,27427,27269,27343
1682438400,27342,27417,27317,27393
1682442000,27395,27642,27319,27626
1682445600,27626,27779,27565,27590
1682449200,27578,27655,27487,27612
1682452800,27629,28047,27625,27985
1682456400,27990,28301,27990,28271
1682460000,28280,28392,28212,28245
1682463600,28252,28361,28170,28300
1682467200,28306,28474,28276,28311
1682470800,28317,28393,28260,28387
1682474400,28396,28408,28355,28396
1682478000,28395,28465,28316,28318
1682481600,28314,28379,28308,28333
1682485200,28340,28417,28340,28402
1682488800,28410,28570,28354,28400
1682492400,28395,28415,28325,28387
1682496000,28389,28770,28379,28740
1682499600,28743,28941,28690,28884
1682503200,28883,29107,28792,29015
1682506800,29016,29137,28916,28956
1682510400,28971,29997,28971,29967
1682514000,29997,30022,29668,29847
1682517600,29858,29883,29532,29706
1682521200,29710,29846,29677,29821
1682524800,29821,29889,29727,29796
1682528400,29810,29837,29659,29726
1682532000,29718,29796,29709,29732
1682535600,29730,29730,27723,27897
1682539200,27891,28427,27242,28427
1682542800,28431,28710,28106,28690
1682546400,28698,28740,28190,28312
1682550000,28296,28460,28294,28428
1682553600,28427,29483,28389,29258
1682557200,29234,29339,28561,28751
1682560800,28780,29100,28780,29044
1682564400,29043,29051,28854,28906
1682568000,28898,29154,28883,29123
1682571600,29109,29288,29063,29086
1682575200,29098,29098,28663,28821
1682578800,28814,28963,28721,28901
1682582400,28901,29100,28789,28962
1682586000,28966,29039,28877,28945
1682589600,28942,29042,28905,28994
1682593200,29005,29156,28892,28947
1682596800,28954,29069,28683,28873
1682600400,28882,28968,28866,28943
1682604000,28945,29100,28945,28981
1682607600,28981,29483,28856,29150
1682611200,29150,29210,29024,29137
1682614800,29144,29439,29100,29308
1682618400,29313,29887,29237,29783
1682622000,29783,29867,29459,29662
1682625600,29701,29768,29483,29637
1682629200,29635,29787,29558,29655
1682632800,29645,29670,29285,29398
1682636400,29396,29506,29396,29485
1682640000,29486,29568,29371,29566
1682643600,29568,29600,29421,29529
1682647200,29526,29553,29393,29396
1682650800,29407,29446,29343,29429
1682654400,29432,29546,29422,29507
1682658000,29507,29572,29469,29492
1682661600,29493,29524,29408,29486
1682665200,29476,29536,29452,29504
1682668800,29506,29510,29167,29264
1682672400,29269,29303,29159,29217
1682676000,29209,29360,29189,29275
1682679600,29275,29337,29215,29255
1682683200,29254,29462,29212,29244
1682686800,29239,29359,28922,29042
1682690400,29038,29312,29019,29098
1682694000,29098,29184,28960,29156
1682697600,29155,29311,29124,29286
1682701200,29286,29298,29165,29249
1682704800,29250,29269,29131,29262
1682708400,29268,29451,29268,29337
1682712000,29338,29425,29314,29354
1682715600,29370,29385,29321,29347
1682719200,29353,29454,29343,29368
1682722800,29371,29414,29300,29333
1682726400,29339,29376,29227,29272
1682730000,29283,29324,29243,29299
1682733600,29301,29419,29297,29408
1682737200,29406,29420,29365,29372
1682740800,29374,29460,29365,29389
1682744400,29401,29447,29379,29383
1682748000,29391,29405,29317,29352
1682751600,29356,29391,29324,29377
1682755200,29374,29384,29303,29341
1682758800,29343,29343,29279,29327
1682762400,29327,29339,29268,29292
1682766000,29293,29355,29266,29350
1682769600,29356,29362,29308,29308
1682773200,29308,29409,29306,29399
1682776800,29407,29412,29348,29360
1682780400,29358,29365,29254,29300
1682784000,29295,29322,29277,29305
1682787600,29309,29310,29061,29181
1682791200,29181,29236,29151,29206
1682794800,29204,29328,29193,29267
1682798400,29262,29288,29233,29252
1682802000,29252,29282,29205,29257
1682805600,29256,29258,29198,29229
1682809200,29222,29256,29166,29247
1682812800,29252,29253,29151,29151
1682816400,29162,29188,29115,29124
1682820000,29119,29201,29118,29200
1682823600,29200,29212,29173,29192
1682827200,29201,29234,29196,29234
1682830800,29229,29278,29228,29278
1682834400,29280,29296,29256,29296
1682838000,29296,29314,29287,29289
1682841600,29292,29356,29265,29291
1682845200,29293,29293,29247,29278
1682848800,29278,29330,29212,29243
1682852400,29242,29261,29182,29220
1682856000,29218,29268,29208,29258
1682859600,29256,29339,29256,29315
1682863200,29315,29447,29274,29413
1682866800,29415,29961,29415,29672
1682870400,29694,29875,29650,29727
1682874000,29743,29835,29665,29665
1682877600,29660,29689,29543,29589
1682881200,29598,29612,29247,29383
1682884800,29374,29374,29188,29353
1682888400,29348,29504,29337,29431
1682892000,29430,29449,29379,29392
1682895600,29391,29434,29195,29235
1682899200,29254,29344,29232,29320
1682902800,29320,29325,28434,28543
1682906400,28515,28684,28439,28561
1682910000,28563,28605,28458,28573
1682913600,28564,28594,28500,28563
1682917200,28560,28642,28289,28495
1682920800,28494,28603,28463,28603
1682924400,28598,28715,28593,28633
1682928000,28637,28641,28554,28587
1682931600,28578,28669,28507,28529
1682935200,28529,28573,28498,28558
1682938800,28557,28589,28518,28524
1682942400,28528,28612,28455,28591
1682946000,28606,28631,28454,28457
1682949600,28458,28576,28317,28471
1682953200,28471,28488,28084,28166
1682956800,28182,28368,28023,28352
1682960400,28351,28394,28170,28280
1682964000,28279,28290,28077,28176
1682967600,28181,28181,27783,27821
1682971200,27809,27912,27666,27696
1682974800,27682,28101,27682,27990
1682978400,27995,28138,27954,28027
1682982000,28014,28145,28014,28079
1682985600,28079,28141,27983,28058
1682989200,28060,28089,27929,27931
1682992800,27941,28030,27933,28007
1682996400,28006,28030,27919,28020
1683000000,28024,28029,27921,27922
1683003600,27920,27997,27876,27996
1683007200,27992,28014,27968,27997
1683010800,27995,28142,27989,28061
1683014400,28056,28125,28020,28030
1683018000,28028,28058,27946,27987
1683021600,27982,28050,27965,28019
1683025200,28025,28093,28015,28082
1683028800,28087,28256,28000,28109
1683032400,28112,28141,27950,28009
1683036000,28009,28621,27923,28375
1683039600,28374,28764,28277,28544
1683043200,28544,28623,28461,28477
1683046800,28490,28607,28453,28593
1683050400,28602,28804,28555,28735
1683054000,28749,28894,28675,28708
1683057600,28705,28807,28653,28695
1683061200,28695,28713,28639,28681
1683064800,28680,28836,28674,28756
1683068400,28759,28785,28644,28680
1683072000,28682,28708,28509,28523
1683075600,28519,28609,28507,28560
1683079200,28556,28561,28360,28526
1683082800,28526,28550,28464,28533
1683086400,28532,28538,28454,28525
1683090000,28526,28535,28474,28491
1683093600,28495,28688,28453,28619
1683097200,28619,28685,28597,28671
1683100800,28671,28780,28606,28719
1683104400,28708,28708,28622,28679
1683108000,28673,28694,28581,28582
1683111600,28577,28656,28543,28563
1683115200,28560,28580,28260,28320
1683118800,28308,28406,28152,28386
1683122400,28381,28396,28138,28213
1683126000,28229,28352,28169,28323
1683129600,28322,28499,28260,28486
1683133200,28490,28782,28425,28574
1683136800,28573,28777,28245,28457
1683140400,28452,28507,28226,28331
1683144000,28324,28584,28297,28530
1683147600,28533,29063,28533,28934
1683151200,28949,29276,28946,29132
1683154800,29121,29138,28954,29033
1683158400,29043,29118,28969,29055
1683162000,29062,29093,28997,29082
1683165600,29086,29194,29009,29074
1683169200,29079,29114,29027,29110
1683172800,29114,29129,29076,29111
1683176400,29112,29220,29069,29206
1683180000,29215,29242,29106,29177
1683183600,29177,29191,29054,29072
1683187200,29072,29121,28999,29107
1683190800,29101,29126,29048,29103
1683194400,29106,29378,29075,29251
1683198000,29255,29270,29132,29171
1683201600,29174,29245,29002,29066
1683205200,29070,29104,28694,28777
1683208800,28773,28940,28750,28785
1683212400,28783,28946,28783,28879
1683216000,28882,28980,28820,28938
1683219600,28936,28973,28808,28852
1683223200,28852,28865,28691,28811
1683226800,28811,28907,28747,28902
1683230400,28907,28932,28828,28884
1683234000,28896,28915,28810,28855
1683237600,28858,28867,28767,28796
1683241200,28803,28869,28793,28851
1683244800,28860,28971,28841,28947
1683248400,28950,29359,28894,29343
1683252000,29348,29529,29222,29258
1683255600,29267,29301,29161,29207
1683259200,29211,29292,29200,29250
1683262800,29247,29271,29174,29218
1683266400,29224,29243,29151,29184
1683270000,29185,29247,29063,29083
1683273600,29082,29135,29061,29076
1683277200,29075,29155,29048,29116
1683280800,29116,29149,29089,29132
1683284400,29125,29207,29094,29156
1683288000,29177,29276,28832,28967
1683291600,28964,29254,28922,29190
1683295200,29190,29456,29135,29300
1683298800,29284,29392,29188,29385
1683302400,29393,29701,29393,29606
1683306000,29607,29691,29496,29496
1683309600,29491,29579,29352,29422
1683313200,29427,29586,29407,29586
1683316800,29589,29613,29489,29532
1683320400,29525,29581,29482,29522
1683324000,29515,29674,29510,29622
1683327600,29615,29631,29520,29547
1683331200,29537,29851,29523,29703
1683334800,29701,29728,29558,29579
1683338400,29586,29587,29497,29505
1683342000,29499,29512,29402,29403
1683345600,29403,29446,29380,29389
1683349200,29388,29428,29373,29390
1683352800,29382,29423,29311,29423
1683356400,29422,29465,29408,29416
1683360000,29416,29419,29205,29386
1683363600,29363,29394,29319,29327
1683367200,29323,29358,29247,29281
1683370800,29268,29309,29247,29305
1683374400,29309,29310,29061,29142
1683378000,29141,29142,28929,28990
1683381600,28977,28977,28619,28656
1683385200,28645,28677,28422,28634
1683388800,28628,28770,28596,28760
1683392400,28755,28895,28729,28830
1683396000,28829,29018,28829,28971
1683399600,28969,29013,28905,28905
1683403200,28919,28931,28853,28860
1683406800,28854,28889,28718,28868
1683410400,28866,28915,28825,28896
1683414000,28889,28939,28866,28911
1683417600,28909,29007,28854,29002
1683421200,29005,29194,28891,28944
1683424800,28948,29005,28874,28875
1683428400,28876,28898,28818,28865
1683432000,28863,28914,28863,28901
1683435600,28901,28960,28881,28934
1683439200,28941,28983,28913,28959
1683442800,28962,28999,28948,28961
1683446400,28975,29002,28905,28908
1683450000,28908,28926,28836,28856
1683453600,28860,28907,28854,28892
1683457200,28890,28954,28770,28885
1683460800,28891,28984,28887,28965
1683464400,28967,29032,28942,28957
1683468000,28968,29135,28932,29090
1683471600,29093,29093,28947,28990
1683475200,28994,29017,28862,28988
1683478800,28991,29058,28922,28949
1683482400,28944,28999,28905,28905
1683486000,28901,28970,28836,28950
1683489600,28957,28991,28930,28957
1683493200,28942,28991,28818,28821
1683496800,28818,28893,28784,28784
1683500400,28782,28835,28444,28472
1683504000,28485,28667,28410,28608
1683507600,28602,28629,28122,28268
1683511200,28269,28342,28179,28328
1683514800,28320,28321,28074,28230
1683518400,28228,28269,28153,28160
1683522000,28155,28300,28113,28294
1683525600,28298,28298,28174,28213
1683529200,28209,28229,27872,28020
1683532800,28019,28023,27617,27749
1683536400,27744,27981,27719,27953
1683540000,27963,27990,27905,27972
1683543600,27972,27990,27908,27965
1683547200,27967,27974,27776,27799
1683550800,27806,27987,27759,27875
1683554400,27879,28000,27709,27990
1683558000,27996,28095,27882,27908
1683561600,27907,27953,27857,27891
1683565200,27891,27929,27577,27577
1683568800,27577,27628,27317,27497
1683572400,27490,27519,27313,27363
1683576000,27358,27570,27290,27560
1683579600,27556,27679,27441,27564
1683583200,27570,27680,27553,27678
1683586800,27677,27719,27610,27690
1683590400,27688,27689,27564,27601
1683594000,27600,27763,27585,27721
1683597600,27721,27721,27585,27665
1683601200,27651,27669,27572,27651
1683604800,27644,27664,27594,27633
1683608400,27640,27640,27548,27571
1683612000,27560,27600,27461,27565
1683615600,27558,27686,27528,27679
1683619200,27680,27680,27574,27590
1683622800,27587,27614,27552,27597
1683626400,27592,27664,27568,27605
1683630000,27604,27736,27540,27693
1683633600,27692,27841,27659,27773
1683637200,27772,27834,27577,27638
1683640800,27638,27647,27435,27561
1683644400,27554,27598,27395,27418
1683648000,27415,27705,27372,27700
1683651600,27709,27753,27583,27626
1683655200,27626,27693,27540,27565
1683658800,27567,27723,27504,27723
1683662400,27729,27779,27619,27663
1683666000,27655,27668,27603,27613
1683669600,27619,27619,27545,27593
1683673200,27598,27676,27593,27650
1683676800,27648,27798,27641,27757
1683680400,27764,27855,27690,27713
1683684000,27716,27760,27672,27680
1683687600,27690,27735,27669,27700
1683691200,27699,27702,27662,27700
1683694800,27699,27728,27664,27666
1683698400,27662,27662,27598,27633
1683702000,27634,27653,27544,27552
1683705600,27551,27607,27484,27588
1683709200,27587,27613,27555,27581
1683712800,27580,27620,27557,27603
1683716400,27602,27686,27602,27686
1683720000,27688,28196,27651,28192
1683723600,28196,28328,28044,28172
1683727200,28190,28260,28074,28085
1683730800,28119,28226,28099,28170
1683734400,28181,28311,28163,28199
1683738000,28214,28229,26842,27495
1683741600,27523,27543,27386,27451
1683745200,27435,27800,27415,27717
1683748800,27702,28000,27678,27890
1683752400,27878,27879,27300,27527
1683756000,27526,27721,27511,27699
1683759600,27693,27723,27607,27618
1683763200,27624,27640,27446,27537
1683766800,27536,27603,27495,27573
1683770400,27576,27600,27517,27521
1683774000,27517,27517,27395,27468
1683777600,27461,27515,27424,27515
1683781200,27516,27547,27446,27547
1683784800,27547,27547,27481,27521
1683788400,27519,27567,27447,27471
1683792000,27468,27468,27310,27407
1683795600,27408,27461,27373,27437
1683799200,27438,27502,27428,27476
1683802800,27475,27498,27398,27423
1683806400,27429,27637,27325,27401
1683810000,27417,27505,27134,27210
1683813600,27211,27347,26967,27127
1683817200,27130,27235,27062,27195
1683820800,27193,27232,27121,27144
1683824400,27142,27160,26778,26926
1683828000,26918,27006,26796,26981
1683831600,26977,27066,26720,26852
1683835200,26854,27040,26822,27009
1683838800,27008,27066,26964,26995
1683842400,27005,27066,26915,26921
1683846000,26924,27064,26837,26991
1683849600,26987,27052,26939,27043
1683853200,27046,27093,26865,26888
1683856800,26892,26901,26566,26658
1683860400,26652,26719,26549,26595
1683864000,26597,26714,26533,26670
1683867600,26666,26681,26193,26286
1683871200,26285,26350,26100,26310
1683874800,26307,26398,26277,26311
1683878400,26321,26387,26249,26297
1683882000,26299,26446,26299,26393
1683885600,26391,26444,26352,26355
1683889200,26355,26428,26345,26359
1683892800,26362,26494,26338,26417
1683896400,26433,26550,26376,26466
1683900000,26464,26611,26312,26333
1683903600,26338,26407,26284,26327
1683907200,26330,26408,26250,26298
1683910800,26303,26403,26281,26313
1683914400,26314,26369,26306,26306
1683918000,26306,26500,25800,26473
1683921600,26484,26492,26367,26449
1683925200,26452,26829,26452,26782
1683928800,26796,26900,26656,26702
1683932400,26709,26820,26675,26811
1683936000,26816,26850,26710,26840
1683939600,26856,26994,26810,26845
1683943200,26852,26853,26784,26794
1683946800,26793,26871,26789,26824
1683950400,26836,26859,26781,26807
1683954000,26810,26884,26755,26757
1683957600,26757,26770,26730,26753
1683961200,26753,26813,26711,26795
1683964800,26793,26823,26764,26815
1683968400,26823,26856,26801,26855
1683972000,26857,26881,26789,26848
1683975600,26847,26876,26815,26842
1683979200,26837,26910,26791,26837
1683982800,26836,26899,26803,26840
1683986400,26840,26866,26759,26800
1683990000,26792,26835,26781,26831
1683993600,26831,26845,26796,26837
1683997200,26834,26855,26811,26824
1684000800,26824,27052,26785,26803
1684004400,26798,26965,26783,26853
1684008000,26869,26927,26850,26920
1684011600,26922,26952,26871,26871
1684015200,26881,26915,26855,26907
1684018800,26905,26942,26770,26789
1684022400,26805,26817,26598,26762
1684026000,26759,26763,26656,26737
1684029600,26739,26846,26733,26821
1684033200,26826,26884,26791,26876
1684036800,26883,26883,26809,26833
1684040400,26837,26858,26818,26842
1684044000,26850,26904,26840,26858
1684047600,26863,26888,26847,26872
1684051200,26871,26894,26849,26862
1684054800,26859,26883,26826,26860
1684058400,26858,26863,26834,26840
1684062000,26846,26846,26811,26817
1684065600,26822,26884,26762,26884
1684069200,26885,26939,26839,26937
1684072800,26937,26981,26868,26979
1684076400,26983,27202,26983,27092
1684080000,27100,27140,26942,26985
1684083600,26964,26985,26878,26947
1684087200,26952,26963,26874,26935
1684090800,26932,26952,26842,26891
1684094400,26890,26961,26854,26955
1684098000,26955,26971,26898,26914
1684101600,26915,26951,26877,26912
1684105200,26913,26942,26869,26933
1684108800,26933,26942,26736,26813
1684112400,26811,27300,26791,27220
1684116000,27221,27263,27135,27174
1684119600,27173,27267,27173,27244
1684123200,27260,27304,27191,27297
1684126800,27300,27386,27250,27346
1684130400,27365,27549,27332,27484
1684134000,27491,27503,27398,27421
1684137600,27424,27455,27398,27442
1684141200,27454,27494,27353,27401
1684144800,27404,27437,27366,27437
1684148400,27428,27466,27328,27343
1684152000,27348,27412,27348,27406
1684155600,27402,27455,27365,27383
1684159200,27386,27537,27235,27417
1684162800,27425,27465,27386,27413
1684166400,27416,27585,27389,27498
1684170000,27499,27666,27434,27518
1684173600,27519,27536,27396,27442
1684177200,27448,27452,27339,27413
1684180800,27424,27424,27342,27355
1684184400,27357,27388,27325,27374
1684188000,27373,27375,27258,27315
1684191600,27309,27317,27121,27166
1684195200,27166,27297,27100,27212
1684198800,27208,27256,26868,27032
1684202400,27018,27093,26979,27089
1684206000,27086,27147,27075,27135
1684209600,27143,27150,27085,27120
1684213200,27122,27160,27045,27073
1684216800,27074,27093,27010,27078
1684220400,27074,27261,27074,27261
1684224000,27259,27300,27181,27209
1684227600,27204,27225,27085,27093
1684231200,27095,27117,27010,27021
1684234800,27022,27125,27007,27065
1684238400,27069,27137,26997,27065
1684242000,27065,27132,26985,26989
1684245600,26985,27041,26913,26990
1684249200,26991,27079,26980,27039
1684252800,27040,27146,26979,27056
1684256400,27062,27098,26968,27095
1684260000,27096,27114,26999,27057
1684263600,27064,27079,26891,26934
1684267200,26933,26997,26897,26958
1684270800,26958,27052,26928,27016
1684274400,27013,27043,26975,27002
1684278000,27001,27051,26966,27037
1684281600,27037,27114,26988,27101
1684285200,27103,27243,27061,27169
1684288800,27178,27196,27069,27075
1684292400,27066,27130,27046,27062
1684296000,27063,27106,27059,27076
1684299600,27074,27074,26991,26996
1684303200,26993,27010,26940,26999
1684306800,27004,27036,26778,26853
1684310400,26840,26862,26783,26820
1684314000,26813,26875,26799,26873
1684317600,26868,26908,26839,26870
1684321200,26869,26870,26550,26633
1684324800,26635,26759,26600,26675
1684328400,26674,26755,26600,26631
1684332000,26629,26857,26554,26782
1684335600,26787,26837,26720,26796
1684339200,26795,26929,26742,26902
1684342800,26907,27161,26861,27085
1684346400,27086,27200,27073,27093
1684350000,27106,27440,27101,27375
1684353600,27409,27460,27279,27339
1684357200,27337,27488,27272,27371
1684360800,27382,27385,27306,27337
1684364400,27347,27428,27345,27404
1684368000,27413,27481,27360,27360
1684371600,27360,27395,27310,27327
1684375200,27329,27384,27298,27354
1684378800,27353,27380,27335,27357
1684382400,27367,27369,27303,27308
1684386000,27305,27319,27228,27228
1684389600,27229,27262,27158,27216
1684393200,27213,27449,27200,27399
1684396800,27395,27438,27354,27393
1684400400,27393,27428,27358,27401
1684404000,27402,27420,27340,27351
1684407600,27349,27403,27347,27402
1684411200,27403,27467,27237,27237
1684414800,27236,27274,27184,27260
1684418400,27255,27404,27052,27233
1684422000,27228,27296,27054,27081
1684425600,27078,27112,26991,27078
1684429200,27076,27095,26374,26496
1684432800,26487,26651,26428,26615
1684436400,26619,26843,26590,26755
1684440000,26726,26776,26698,26724
1684443600,26732,27057,26730,26919
1684447200,26912,26940,26845,26889
1684450800,26890,26892,26817,26818
1684454400,26824,26926,26804,26891
1684458000,26889,26914,26756,26810
1684461600,26811,26852,26764,26803
1684465200,26811,26880,26774,26837
1684468800,26838,26881,26815,26875
1684472400,26877,26891,26827,26882
1684476000,26882,26939,26878,26911
1684479600,26912,26959,26855,26863
1684483200,26861,26929,26847,26893
1684486800,26893,26913,26829,26845
1684490400,26852,26882,26803,26828
1684494000,26830,26877,26806,26862
1684497600,26869,26992,26868,26914
1684501200,26916,26953,26854,26875
1684504800,26872,26872,26771,26830
1684508400,26837,27176,26651,26891
1684512000,26890,26970,26817,26846
1684515600,26844,26969,26837,26924
1684519200,26924,26946,26882,26902
1684522800,26893,26893,26789,26836
1684526400,26838,26872,26815,26835
1684530000,26836,26911,26836,26908
1684533600,26905,26913,26869,26875
1684537200,26876,26903,26870,26893
1684540800,26889,26910,26840,26856
1684544400,26857,26889,26857,26870
1684548000,26871,26883,26845,26849
1684551600,26858,26881,26852,26870
1684555200,26875,26881,26862,26878
1684558800,26879,26880,26853,26875
1684562400,26876,26881,26850,26853
1684566000,26863,26866,26852,26863
1684569600,26863,26923,26863,26918
1684573200,26923,26923,26881,26890
1684576800,26891,26908,26884,26899
1684580400,26897,26913,26883,26891
1684584000,26897,26947,26897,26905
1684587600,26905,26923,26888,26897
1684591200,26897,26929,26897,26929
1684594800,26929,26978,26903,26959
1684598400,26959,26959,26928,26930
1684602000,26928,27145,26926,27134
1684605600,27145,27153,27041,27042
1684609200,27055,27082,26986,27075
1684612800,27082,27097,27016,27025
1684616400,27023,27060,26983,27045
1684620000,27041,27082,27022,27077
1684623600,27073,27139,27061,27115
1684627200,27123,27277,27070,27252
1684630800,27256,27264,27165,27167
1684634400,27185,27199,27163,27180
1684638000,27180,27201,27169,27189
1684641600,27191,27191,27137,27138
1684645200,27144,27151,27104,27107
1684648800,27110,27113,27082,27093
1684652400,27094,27097,27064,27072
1684656000,27070,27082,27039,27053
1684659600,27052,27083,27039,27083
1684663200,27085,27091,26907,26962
1684666800,26950,26950,26800,26838
1684670400,26833,26955,26819,26946
1684674000,26948,26950,26901,26902
1684677600,26902,26978,26900,26911
1684681200,26904,26984,26829,26911
1684684800,26912,26927,26870,26904
1684688400,26893,26944,26847,26882
1684692000,26882,26908,26857,26884
1684695600,26882,26930,26874,26913
1684699200,26921,26935,26834,26853
1684702800,26847,26857,26688,26762
1684706400,26757,26799,26746,26767
1684710000,26767,26807,26739,26750
1684713600,26753,26785,26555,26663
1684717200,26655,26687,26576,26588
1684720800,26589,26662,26547,26654
1684724400,26654,26675,26637,26652
1684728000,26653,26726,26650,26701
1684731600,26705,26810,26703,26763
1684735200,26766,26916,26761,26826
1684738800,26832,26879,26803,26846
1684742400,26846,26900,26833,26833
1684746000,26835,26890,26833,26866
1684749600,26869,26884,26807,26841
1684753200,26839,26842,26777,26832
1684756800,26827,26867,26739,26740
1684760400,26739,27078,26711,27006
1684764000,27016,27034,26784,26950
1684767600,26950,26973,26823,26871
1684771200,26874,26921,26835,26848
1684774800,26872,26898,26788,26852
1684778400,26847,26920,26836,26880
1684782000,26879,26887,26827,26856
1684785600,26856,26933,26833,26897
1684789200,26897,26953,26879,26905
1684792800,26904,26918,26877,26877
1684796400,26877,26885,26843,26856
1684800000,26854,26939,26810,26818
1684803600,26824,27132,26813,27002
1684807200,27008,27168,27008,27132
1684810800,27132,27415,27122,27368
1684814400,27379,27435,27350,27384
1684818000,27383,27478,27379,27393
1684821600,27410,27419,27294,27302
1684825200,27298,27332,27220,27306
1684828800,27310,27333,27261,27333
1684832400,27333,27340,27274,27281
1684836000,27278,27340,27259,27331
1684839600,27331,27346,27284,27335
1684843200,27335,27386,27248,27284
1684846800,27291,27311,27187,27236
1684850400,27236,27356,27236,27325
1684854000,27328,27359,27299,27323
1684857600,27324,27332,27212,27231
1684861200,27230,27275,27192,27207
1684864800,27205,27223,27130,27143
1684868400,27136,27222,27111,27195
1684872000,27187,27243,27158,27222
1684875600,27217,27242,27189,27201
1684879200,27200,27225,27178,27201
1684882800,27200,27254,27200,27226
1684886400,27225,27225,27134,27161
1684890000,27152,27189,27138,27138
1684893600,27139,27175,27121,27166
1684897200,27165,27167,26678,26790
1684900800,26773,26813,26720,26801
1684904400,26809,26829,26728,26778
1684908000,26765,26766,26623,26705
1684911600,26698,26752,26654,26674
1684915200,26676,26753,26676,26753
1684918800,26749,26832,26738,26750
1684922400,26751,26763,26714,26730
1684926000,26726,26762,26688,26735
1684929600,26743,26743,26672,26694
1684933200,26694,26710,26278,26449
1684936800,26431,26433,26154,26248
1684940400,26223,26367,26076,26312
1684944000,26311,26323,26162,26230
1684947600,26221,26351,26165,26282
1684951200,26275,26320,26212,26217
1684954800,26210,26392,26199,26246
1684958400,26243,26478,26239,26401
1684962000,26401,26457,26317,26359
1684965600,26362,26407,26316,26349
1684969200,26351,26389,26321,26325
1684972800,26325,26381,26200,26237
1684976400,26234,26311,25878,26119
1684980000,26110,26140,26048,26119
1684983600,26124,26212,26124,26175
1684987200,26172,26244,26143,26226
1684990800,26213,26266,26206,26252
1684994400,26257,26281,26215,26254
1684998000,26254,26257,26127,26127
1685001600,26130,26247,26127,26223
1685005200,26223,26278,26220,26278
1685008800,26278,26295,26218,26242
1685012400,26245,26326,26209,26295
1685016000,26295,26471,26295,26412
1685019600,26405,26435,26273,26340
1685023200,26340,26416,26289,26350
1685026800,26363,26389,26172,26220
1685030400,26221,26317,26207,26274
1685034000,26278,26386,26251,26344
1685037600,26354,26405,26328,26373
1685041200,26381,26611,26366,26467
1685044800,26474,26517,26462,26490
1685048400,26485,26487,26444,26478
1685052000,26476,26481,26439,26462
1685055600,26462,26552,26460,26478
1685059200,26486,26506,26395,26469
1685062800,26472,26534,26367,26418
1685066400,26413,26450,26393,26410
1685070000,26410,26465,26399,26441
1685073600,26442,26456,26419,26436
1685077200,26433,26437,26348,26356
1685080800,26355,26443,26338,26443
1685084400,26438,26537,26419,26508
1685088000,26509,26547,26474,26477
1685091600,26477,26482,26434,26451
1685095200,26446,26492,26430,26456
1685098800,26457,26500,26431,26467
1685102400,26466,26513,26365,26444
1685106000,26447,26595,26446,26539
1685109600,26555,26937,26555,26779
1685113200,26778,26855,26757,26762
1685116800,26767,26833,26737,26803
1685120400,26811,26845,26695,26721
1685124000,26721,26759,26625,26738
1685127600,26745,26826,26743,26775
1685131200,26782,26818,26751,26759
1685134800,26758,26792,26739,26739
1685138400,26739,26764,26701,26701
1685142000,26707,26741,26707,26718
1685145600,26716,26726,26648,26665
1685149200,26665,26720,26661,26720
1685152800,26720,26747,26698,26747
1685156400,26749,26784,26722,26761
1685160000,26766,26794,26738,26769
1685163600,26767,26778,26737,26745
1685167200,26741,26768,26718,26756
1685170800,26757,26757,26724,26736
1685174400,26735,26735,26689,26698
1685178000,26698,26738,26692,26710
1685181600,26711,26725,26683,26688
1685185200,26685,26714,26677,26708
1685188800,26707,26745,26692,26722
1685192400,26722,26782,26566,26633
1685196000,26635,26722,26619,26679
1685199600,26682,26693,26650,26693
1685203200,26695,26698,26635,26672
1685206800,26671,26768,26671,26760
1685210400,26765,26842,26715,26715
1685214000,26720,26771,26716,26743
1685217600,26743,26763,26737,26763
1685221200,26766,26784,26747,26781
1685224800,26781,26839,26772,26816
1685228400,26816,26893,26816,26872
1685232000,26875,27124,26785,27085
1685235600,27093,27187,27083,27108
1685239200,27108,27131,27080,27110
1685242800,27117,27246,27117,27193
1685246400,27213,27290,27174,27177
1685250000,27182,27188,27138,27174
1685253600,27176,27235,27174,27194
1685257200,27194,27233,27190,27221
1685260800,27236,27239,27192,27207
1685264400,27207,27210,27151,27157
1685268000,27161,27224,27155,27223
1685271600,27225,27320,27165,27166
1685275200,27170,27194,27111,27131
1685278800,27150,27228,27144,27185
1685282400,27184,27240,27178,27192
1685286000,27192,27280,27183,27280
1685289600,27280,27340,27241,27263
1685293200,27263,27408,27225,27356
1685296800,27358,27726,27325,27595
1685300400,27610,27636,27491,27531
1685304000,27531,27597,27531,27565
1685307600,27564,27961,27554,27848
1685311200,27848,28172,27848,28096
1685314800,28102,28248,28061,28072
1685318400,28071,28452,28071,28194
1685322000,28207,28225,28147,28174
1685325600,28173,28185,28105,28105
1685329200,28106,28139,27928,27959
1685332800,27962,28010,27865,27951
1685336400,27955,28058,27943,28002
1685340000,28007,28047,27994,28008
1685343600,28013,28013,27826,27912
1685347200,27912,27953,27860,27906
1685350800,27906,27949,27865,27946
1685354400,27945,27975,27762,27866
1685358000,27868,27945,27851,27920
1685361600,27922,27958,27872,27889
1685365200,27888,27948,27871,27916
1685368800,27914,27945,27716,27789
1685372400,27788,27844,27603,27640
1685376000,27638,27678,27557,27609
1685379600,27608,27734,27542,27704
1685383200,27698,27721,27628,27651
1685386800,27643,27703,27633,27649
1685390400,27641,27710,27638,27691
1685394000,27689,27732,27662,27678
1685397600,27676,27697,27580,27697
1685401200,27694,27819,27694,27749
1685404800,27748,27782,27603,27724
1685408400,27720,27804,27712,27778
1685412000,27780,27796,27730,27788
1685415600,27796,27941,27778,27840
1685419200,27842,27859,27776,27785
1685422800,27786,27787,27687,27764
1685426400,27767,27823,27761,27808
1685430000,27811,27849,27737,27737
1685433600,27737,27824,27728,27793
1685437200,27797,27906,27797,27862
1685440800,27870,28041,27867,27917
1685444400,27924,28054,27877,28043
1685448000,28044,28044,27822,27921
1685451600,27919,27984,27783,27820
1685455200,27820,27878,27630,27630
1685458800,27630,27737,27627,27680
1685462400,27680,27743,27570,27716
1685466000,27715,27781,27634,27708
1685469600,27706,27803,27674,27779
1685473200,27777,27872,27764,27861
1685476800,27863,27873,27773,27777
1685480400,27773,27850,27667,27733
1685484000,27733,27763,27670,27745
1685487600,27743,27750,27690,27706
1685491200,27701,27763,27676,27758
1685494800,27763,27840,27750,27754
1685498400,27750,27750,27593,27685
1685502000,27685,27693,27611,27664
1685505600,27666,27684,27268,27278
1685509200,27266,27281,27034,27091
1685512800,27088,27197,26991,27171
1685516400,27173,27215,27125,27176
1685520000,27175,27210,27122,27142
1685523600,27141,27162,27057,27143
1685527200,27142,27156,27057,27066
1685530800,27060,27138,27008,27103
1685534400,27099,27129,27059,27079
1685538000,27075,27227,27066,27138
1685541600,27124,27125,26858,27034
1685545200,27039,27067,26894,26919
1685548800,26912,26983,26857,26941
1685552400,26941,27080,26917,27060
1685556000,27066,27089,27018,27045
1685559600,27048,27122,27008,27020
1685563200,27024,27124,27013,27120
1685566800,27124,27127,27059,27099
1685570400,27102,27197,27092,27190
1685574000,27183,27298,27170,27219
1685577600,27220,27356,27037,27078
1685581200,27083,27170,27071,27087
1685584800,27088,27126,26665,26729
1685588400,26725,26836,26625,26782
1685592000,26786,26829,26761,26814
1685595600,26813,26862,26793,26856
1685599200,26853,26889,26781,26789
1685602800,26790,26865,26772,26808
1685606400,26804,26920,26793,26920
1685610000,26920,26953,26902,26916
1685613600,26915,26934,26864,26864
1685617200,26869,26908,26846,26895
1685620800,26895,26962,26804,26948
1685624400,26947,26971,26878,26895
1685628000,26895,26975,26840,26901
1685631600,26903,26945,26864,26893
1685635200,26900,27170,26808,27091
1685638800,27100,27128,26928,26963
1685642400,26959,27050,26940,26965
1685646000,26965,26989,26675,26867
1685649600,26876,26920,26835,26872
1685653200,26878,26949,26878,26903
1685656800,26899,26914,26861,26893
1685660400,26893,26893,26727,26826
1685664000,26821,26837,26519,26786
1685667600,26788,26852,26725,26812
1685671200,26818,26981,26817,26963
1685674800,26978,27017,26937,27012
1685678400,27004,27121,26961,27078
1685682000,27076,27213,27074,27162
1685685600,27163,27172,27082,27082
1685689200,27087,27127,27057,27057
1685692800,27056,27179,27056,27172
1685696400,27179,27187,27078,27085
1685700000,27084,27108,27075,27102
1685703600,27102,27173,27081,27138
1685707200,27137,27241,27000,27108
1685710800,27107,27139,26885,26920
1685714400,26903,26989,26897,26970
1685718000,26973,27113,26968,27100
1685721600,27097,27124,27038,27060
1685725200,27060,27100,27031,27066
1685728800,27068,27197,27008,27192
1685732400,27197,27294,27135,27241
1685736000,27248,27277,27178,27180
1685739600,27177,27253,27151,27219
1685743200,27218,27300,27210,27276
1685746800,27282,27283,27242,27251
1685750400,27250,27250,27168,27178
1685754000,27178,27199,27112,27143
1685757600,27143,27178,27142,27161
1685761200,27163,27183,27141,27152
1685764800,27152,27170,27124,27170
1685768400,27170,27173,27147,27165
1685772000,27167,27217,27167,27192
1685775600,27189,27203,27176,27185
1685779200,27182,27188,27155,27155
1685782800,27155,27164,27145,27163
1685786400,27164,27186,27125,27152
1685790000,27152,27186,27138,27145
1685793600,27146,27179,27146,27178
1685797200,27178,27192,27162,27180
1685800800,27179,27202,27179,27184
1685804400,27183,27332,27142,27311
1685808000,27312,27328,27243,27260
1685811600,27257,27266,27134,27172
1685815200,27171,27197,27137,27161
1685818800,27163,27177,27050,27109
1685822400,27103,27134,27069,27073
1685826000,27073,27088,26937,27020
1685829600,27020,27085,27019,27081
1685833200,27081,27091,27061,27076
1685836800,27072,27073,27015,27018
1685840400,27015,27083,26963,27050
1685844000,27050,27104,27045,27089
1685847600,27097,27097,27055,27067
1685851200,27069,27096,27047,27061
1685854800,27061,27064,27036,27050
1685858400,27049,27147,27047,27139
1685862000,27142,27169,27133,27149
1685865600,27158,27165,27128,27157
1685869200,27161,27250,27158,27225
1685872800,27228,27239,27205,27228
1685876400,27227,27239,27189,27205
1685880000,27202,27222,27173,27218
1685883600,27218,27302,27215,27259
1685887200,27261,27268,27184,27242
1685890800,27241,27256,27190,27190
1685894400,27192,27207,27171,27181
1685898000,27183,27218,27179,27188
1685901600,27190,27217,27190,27203
1685905200,27200,27228,27198,27223
1685908800,27223,27272,27214,27252
1685912400,27250,27283,27196,27204
1685916000,27204,27451,27201,27237
1685919600,27251,27325,27060,27125
1685923200,27114,27138,26991,27033
1685926800,27020,27069,26956,27060
1685930400,27060,27088,26882,26936
1685934000,26931,26938,26813,26853
1685937600,26841,26884,26782,26847
1685941200,26848,26848,26760,26826
1685944800,26831,26844,26777,26777
1685948400,26778,26845,26760,26844
1685952000,26842,26851,26808,26813
1685955600,26814,26829,26738,26782
1685959200,26785,26798,26726,26726
1685962800,26725,26794,26683,26777
1685966400,26778,26788,26662,26689
1685970000,26692,26771,26640,26733
1685973600,26735,26817,26714,26808
1685977200,26810,26813,25999,25999
1685980800,25999,26076,25483,25813
1685984400,25813,25813,25590,25763
1685988000,25761,25761,25537,25571
1685991600,25572,25653,25389,25625
1685995200,25618,25688,25601,25644
1685998800,25644,25688,25520,25667
1686002400,25665,25780,25658,25719
1686006000,25718,25863,25713,25739
1686009600,25730,25768,25680,25703
1686013200,25698,25704,25625,25648
1686016800,25647,25791,25615,25774
1686020400,25770,25773,25715,25734
1686024000,25735,25809,25727,25805
1686027600,25806,25821,25768,25782
1686031200,25781,25817,25764,25782
1686034800,25781,25820,25725,25739
1686038400,25743,25758,25686,25725
1686042000,25723,25786,25701,25759
1686045600,25766,25798,25753,25753
1686049200,25753,25760,25653,25694
1686052800,25695,25721,25350,25543
1686056400,25546,25775,25397,25744
1686060000,25765,26096,25758,26031
1686063600,26031,26132,25929,26074
1686067200,26082,26401,26075,26368
1686070800,26396,26770,26298,26670
1686074400,26671,26786,26644,26713
1686078000,26710,27223,26701,27099
1686081600,27109,27217,26897,26955
1686085200,26955,27096,26955,27058
1686088800,27063,27186,27055,27165
1686092400,27160,27357,27132,27236
1686096000,27252,27388,27177,27199
1686099600,27214,27232,27072,27093
1686103200,27100,27100,26924,26946
1686106800,26941,26973,26737,26904
1686110400,26909,26964,26886,26946
1686114000,26952,26996,26886,26925
1686117600,26922,26950,26820,26838
1686121200,26840,26901,26766,26795
1686124800,26802,26845,26772,26827
1686128400,26824,26824,26439,26511
1686132000,26479,26635,26367,26609
1686135600,26604,26968,26593,26898
1686139200,26900,26915,26757,26814
1686142800,26805,26861,26682,26825
1686146400,26823,26823,26357,26455
1686150000,26420,26678,26269,26346
1686153600,26342,26439,26250,26333
1686157200,26333,26551,26280,26519
1686160800,26513,26534,26446,26468
1686164400,26465,26526,26442,26474
1686168000,26481,26490,26324,26361
1686171600,26360,26462,26140,26153
1686175200,26151,26373,26146,26279
1686178800,26299,26367,26259,26348
1686182400,26347,26434,26321,26394
1686186000,26391,26471,26384,26447
1686189600,26451,26456,26370,26392
1686193200,26390,26391,26225,26348
1686196800,26347,26424,26332,26401
1686200400,26410,26433,26352,26380
1686204000,26369,26490,26295,26427
1686207600,26436,26516,26422,26444
1686211200,26444,26467,26412,26448
1686214800,26448,26451,26370,26387
1686218400,26393,26493,26374,26483
1686222000,26487,26500,26419,26438
1686225600,26448,26578,26382,26472
1686229200,26471,26484,26310,26406
1686232800,26406,26686,26353,26648
1686236400,26660,26809,26594,26729
1686240000,26730,26738,26433,26509
1686243600,26494,26523,26444,26491
1686247200,26478,26576,26442,26553
1686250800,26553,26569,26517,26546
1686254400,26537,26653,26522,26643
1686258000,26644,26651,26555,26577
1686261600,26571,26609,26536,26554
1686265200,26547,26565,26498,26510
1686268800,26507,26522,26439,26467
1686272400,26456,26600,26452,26511
1686276000,26508,26546,26289,26468
1686279600,26461,26503,26443,26492
1686283200,26486,26506,26425,26494
1686286800,26500,26525,26481,26505
1686290400,26506,26576,26480,26493
1686294000,26496,26504,26447,26502
1686297600,26500,26648,26498,26647
1686301200,26647,26683,26594,26646
1686304800,26644,26677,26610,26639
1686308400,26640,26652,26563,26615
1686312000,26614,26695,26614,26675
1686315600,26676,26778,26634,26650
1686319200,26648,26707,26537,26585
1686322800,26593,26632,26457,26473
1686326400,26469,26526,26440,26474
1686330000,26472,26512,26412,26498
1686333600,26497,26513,26409,26453
1686337200,26450,26487,26377,26405
1686340800,26406,26462,26390,26443
1686344400,26447,26484,26442,26476
1686348000,26475,26497,26456,26495
1686351600,26494,26495,26455,26484
1686355200,26486,26488,26450,26463
1686358800,26462,26528,26317,26394
1686362400,26393,26435,26288,26332
1686366000,26321,26365,26272,26325
1686369600,26325,26352,25749,25783
1686373200,25787,25819,25490,25511
1686376800,25521,25661,25483,25557
1686380400,25559,25750,25514,25662
1686384000,25665,25758,25582,25690
1686387600,25684,25711,25632,25669
1686391200,25670,25717,25616,25712
1686394800,25713,25756,25675,25749
1686398400,25745,25745,25626,25632
1686402000,25626,25681,25583,25678
1686405600,25675,25714,25643,25682
1686409200,25678,25696,25618,25647
1686412800,25646,25667,25600,25600
1686416400,25604,26159,25439,26028
1686420000,26029,26049,25420,25580
1686423600,25586,25761,25567,25761
1686427200,25760,25880,25697,25766
1686430800,25780,25849,25709,25783
1686434400,25789,25943,25769,25892
1686438000,25895,25911,25842,25857
1686441600,25857,25867,25752,25768
1686445200,25781,25875,25738,25843
1686448800,25842,25845,25768,25783
1686452400,25781,25785,25717,25745
1686456000,25743,25776,25657,25747
1686459600,25746,25848,25746,25838
1686463200,25841,25841,25783,25803
1686466800,25802,25814,25753,25753
1686470400,25753,25785,25714,25752
1686474000,25749,25784,25718,25722
1686477600,25719,25806,25719,25791
1686481200,25790,25852,25769,25815
1686484800,25818,25818,25764,25764
1686488400,25763,25792,25698,25727
1686492000,25722,25816,25719,25764
1686495600,25771,25792,25754,25770
1686499200,25765,25950,25755,25873
1686502800,25883,26064,25854,25952
1686506400,25964,26046,25940,25988
1686510000,25984,26112,25950,26046
1686513600,26048,26209,26048,26139
1686517200,26139,26152,25993,26060
1686520800,26060,26083,25769,25899
1686524400,25904,25948,25833,25941
1686528000,25940,26030,25871,25979
1686531600,25981,26009,25910,25949
1686535200,25948,25970,25634,25795
1686538800,25784,25851,25767,25800
1686542400,25801,25829,25764,25819
1686546000,25822,25829,25774,25781
1686549600,25781,25912,25756,25857
1686553200,25857,25872,25787,25816
1686556800,25816,25952,25792,25947
1686560400,25946,26103,25924,25975
1686564000,25974,26062,25955,25974
1686567600,25974,26025,25946,25997
1686571200,26000,26000,25910,25936
1686574800,25935,25939,25788,25797
1686578400,25800,25877,25748,25844
1686582000,25845,25866,25770,25826
1686585600,25826,25903,25792,25827
1686589200,25831,25954,25660,25807
1686592800,25806,25862,25758,25832
1686596400,25851,25855,25752,25821
1686600000,25820,25900,25804,25895
1686603600,25895,25938,25878,25928
1686607200,25932,25959,25887,25931
1686610800,25935,25940,25867,25906
1686614400,25906,26024,25826,25867
1686618000,25862,26036,25823,25975
1686621600,25971,26145,25938,26118
1686625200,26131,26141,26046,26055
1686628800,26060,26066,25980,26055
1686632400,26051,26110,26035,26080
1686636000,26089,26127,26063,26083
1686639600,26083,26116,26069,26073
1686643200,26073,26269,26054,26179
1686646800,26174,26198,26109,26148
1686650400,26154,26172,26115,26163
1686654000,26164,26208,26088,26193
1686657600,26186,26422,25907,26086
1686661200,26079,26141,26008,26040
1686664800,26039,26053,25916,25978
1686668400,25983,25983,25718,25753
1686672000,25733,25869,25733,25855
1686675600,25855,25885,25780,25818
1686679200,25817,25966,25800,25892
1686682800,25887,25926,25863,25896
1686686400,25894,25954,25829,25849
1686690000,25848,25876,25819,25857
1686693600,25849,25865,25807,25837
1686697200,25837,25934,25837,25934
1686700800,25935,26021,25908,25982
1686704400,25985,26043,25953,26036
1686708000,26036,26045,26006,26025
1686711600,26025,26025,25963,25977
1686715200,25977,26003,25966,25980
1686718800,25978,25986,25838,25845
1686722400,25845,25915,25839,25895
1686726000,25899,25921,25872,25900
1686729600,25899,25939,25886,25925
1686733200,25925,25990,25908,25980
1686736800,25981,25988,25944,25957
1686740400,25959,26024,25947,25979
1686744000,25978,26070,25961,26022
1686747600,26023,26029,25924,25978
1686751200,25994,26022,25967,26001
1686754800,25999,26016,25948,25981
1686758400,25976,26008,25957,25963
1686762000,25959,26031,25880,25984
1686765600,26009,26078,25764,25913
1686769200,25905,25972,25837,25871
1686772800,25865,25870,24819,24933
1686776400,24927,25188,24835,25122
1686780000,25117,25117,24966,25035
1686783600,25030,25143,24975,25127
1686787200,25125,25200,25079,25199
1686790800,25199,25200,25027,25061
1686794400,25063,25121,25045,25080
1686798000,25074,25081,25038,25053
1686801600,25053,25053,24969,25011
1686805200,25012,25034,24894,24981
1686808800,24985,25017,24858,24858
1686812400,24876,24939,24813,24919
1686816000,24919,24969,24866,24870
1686819600,24878,24927,24825,24882
1686823200,24880,24911,24825,24871
1686826800,24871,25000,24756,24968
1686830400,24976,24995,24873,24890
1686834000,24899,25045,24875,24999
1686837600,25004,25041,24963,24977
1686841200,24986,25007,24918,24929
1686844800,24929,24988,24889,24973
1686848400,24973,25132,24946,25118
1686852000,25120,25364,25063,25364
1686855600,25364,25488,25329,25439
1686859200,25435,25584,25210,25559
1686862800,25557,25729,25497,25566
1686866400,25566,25646,25541,25615
1686870000,25614,25618,25530,25573
1686873600,25567,25567,25426,25476
1686877200,25477,25557,25434,25503
1686880800,25501,25538,25470,25533
1686884400,25533,25576,25506,25538
1686888000,25538,25597,25501,25505
1686891600,25502,25540,25455,25534
1686895200,25529,25600,25508,25559
1686898800,25552,25601,25508,25509
1686902400,25509,25603,25509,25524
1686906000,25523,25604,25521,25569
1686909600,25569,25576,25530,25542
1686913200,25537,25544,25444,25449
1686916800,25445,25557,25445,25544
1686920400,25545,25594,25464,25465
1686924000,25465,25678,25188,25580
1686927600,25580,25847,25524,25785
1686931200,25805,25974,25749,25939
1686934800,25940,26305,25940,26296
1686938400,26300,26485,26254,26339
1686942000,26338,26389,26260,26364
1686945600,26362,26433,26310,26395
1686949200,26402,26402,26274,26284
1686952800,26286,26374,26286,26355
1686956400,26364,26364,26317,26333
1686960000,26333,26355,26306,26306
1686963600,26307,26320,26184,26184
1686967200,26188,26273,26173,26261
1686970800,26261,26275,26236,26250
1686974400,26251,26341,26235,26341
1686978000,26341,26785,26333,26673
1686981600,26673,26755,26634,26646
1686985200,26644,26650,26554,26582
1686988800,26577,26638,26553,26585
1686992400,26586,26616,26552,26583
1686996000,26571,26619,26563,26574
1686999600,26581,26589,26471,26492
1687003200,26491,26561,26404,26510
1687006800,26511,26560,26504,26543
1687010400,26539,26543,26456,26488
1687014000,26481,26523,26305,26407
1687017600,26405,26487,26376,26468
1687021200,26468,26485,26399,26418
1687024800,26406,26522,26406,26515
1687028400,26515,26519,26461,26465
1687032000,26471,26536,26460,26533
1687035600,26534,26535,26474,26507
1687039200,26507,26583,26507,26553
1687042800,26563,26569,26489,26507
1687046400,26513,26529,26386,26443
1687050000,26443,26484,26426,26484
1687053600,26484,26500,26458,26474
1687057200,26472,26535,26468,26535
1687060800,26535,26541,26492,26528
1687064400,26527,26633,26526,26537
1687068000,26536,26575,26472,26538
1687071600,26537,26659,26537,26578
1687075200,26592,26592,26496,26496
1687078800,26496,26527,26453,26520
1687082400,26518,26530,26476,26501
1687086000,26504,26506,26469,26496
1687089600,26496,26560,26447,26533
1687093200,26532,26541,26483,26484
1687096800,26485,26563,26459,26536
1687100400,26542,26560,26518,26555
1687104000,26555,26637,26527,26619
1687107600,26625,26647,26565,26629
1687111200,26629,26632,26580,26617
1687114800,26619,26643,26596,26643
1687118400,26643,26685,26368,26473
1687122000,26471,26484,26400,26406
1687125600,26407,26453,26380,26404
1687129200,26403,26452,26267,26340
1687132800,26336,26398,26260,26362
1687136400,26356,26444,26343,26439
1687140000,26438,26466,26423,26448
1687143600,26446,26455,26380,26393
1687147200,26396,26429,26366,26424
1687150800,26424,26462,26420,26462
1687154400,26462,26471,26406,26421
1687158000,26421,26434,26386,26421
1687161600,26420,26452,26386,26409
1687165200,26412,26424,26363,26385
1687168800,26389,26417,26370,26370
1687172400,26371,26439,26367,26439
1687176000,26439,26565,26423,26526
1687179600,26543,26566,26496,26524
1687183200,26525,26530,26384,26410
1687186800,26411,26445,26345,26432
1687190400,26432,26514,26300,26488
1687194000,26488,26683,26475,26659
1687197600,26660,27050,26482,26488
1687201200,26481,26688,26374,26668
1687204800,26686,26845,26670,26718
1687208400,26740,26762,26651,26762
1687212000,26762,26823,26733,26751
1687215600,26753,26849,26724,26842
1687219200,26840,27012,26797,26982
1687222800,26992,27166,26877,26890
1687226400,26909,26935,26868,26906
1687230000,26909,26960,26886,26891
1687233600,26897,26965,26894,26959
1687237200,26958,27025,26795,26814
1687240800,26815,26840,26750,26784
1687244400,26782,26840,26751,26827
1687248000,26832,26832,26734,26745
1687251600,26741,26800,26700,26764
1687255200,26765,26810,26741,26762
1687258800,26761,26881,26744,26881
1687262400,26881,26959,26827,26839
1687266000,26847,26939,26786,26813
1687269600,26793,26834,26651,26775
1687273200,26761,27121,26738,27071
1687276800,27076,27389,27001,27378
1687280400,27386,27965,27347,27777
1687284000,27800,28149,27782,28090
1687287600,28087,28125,27801,28002
1687291200,28004,28236,27883,28163
1687294800,28165,28300,28087,28137
1687298400,28138,28279,28113,28224
1687302000,28223,28441,28163,28315
1687305600,28316,28486,28280,28419
1687309200,28412,29014,28405,28781
1687312800,28771,28886,28754,28789
1687316400,28782,28794,28665,28723
1687320000,28703,28795,28673,28787
1687323600,28783,28976,28760,28976
1687327200,28977,29008,28768,28851
1687330800,28849,28911,28818,28872
1687334400,28870,28903,28800,28817
1687338000,28817,28954,28812,28927
1687341600,28923,29257,28829,28830
1687345200,28838,29034,28805,28940
1687348800,28940,29148,28898,28899
1687352400,28898,29400,28884,29321
1687356000,29317,29610,29086,29560
1687359600,29561,30000,29525,29850
1687363200,29854,30755,29768,30148
1687366800,30149,30336,29857,30075
1687370400,30076,30286,30018,30127
1687374000,30128,30179,29908,30127
1687377600,30137,30162,29867,29997
1687381200,29997,30041,29832,29894
1687384800,29893,30150,29871,30126
1687388400,30130,30197,29995,30009
1687392000,30010,30244,29905,30144
1687395600,30144,30224,30071,30169
1687399200,30167,30505,30100,30481
1687402800,30479,30482,30261,30304
1687406400,30301,30357,30211,30357
1687410000,30353,30355,30251,30288
1687413600,30291,30302,30054,30134
1687417200,30132,30193,30011,30103
1687420800,30103,30145,30041,30104
1687424400,30108,30181,30061,30141
1687428000,30139,30244,30107,30185
1687431600,30182,30192,29842,29933
1687435200,29934,30134,29924,30121
1687438800,30120,30353,30114,30245
1687442400,30245,30299,29600,29753
1687446000,29745,29957,29666,29866
1687449600,29866,30188,29845,29985
1687453200,29985,30195,29902,30158
1687456800,30157,30169,29980,30149
1687460400,30148,30262,30060,30224
1687464000,30225,30271,30096,30159
1687467600,30159,30180,29974,30060
1687471200,30060,30083,29898,29939
1687474800,29939,29998,29889,29889
1687478400,29891,30056,29885,30022
1687482000,30018,30052,29936,29936
1687485600,29944,29990,29820,29990
1687489200,29990,30029,29983,30018
1687492800,30023,30087,30002,30011
1687496400,30010,30074,29995,30049
1687500000,30048,30073,29982,30016
1687503600,30016,30023,29937,29948
1687507200,29948,30055,29921,30025
1687510800,30020,30174,29975,30141
1687514400,30143,30193,29959,30083
1687518000,30084,30156,30046,30154
1687521600,30150,30235,30008,30110
1687525200,30110,30188,29940,30088
1687528800,30088,30340,30029,30291
1687532400,30295,31458,30270,31243
1687536000,31242,31419,30714,31109
1687539600,31109,31292,31035,31259
1687543200,31254,31284,30884,30964
1687546800,30962,30970,30639,30905
1687550400,30914,30967,30814,30932
1687554000,30923,30945,30553,30681
1687557600,30686,30686,30500,30671
1687561200,30671,30716,30550,30716
1687564800,30703,30722,30485,30506
1687568400,30501,30642,30436,30642
1687572000,30629,30821,30589,30783
1687575600,30775,30793,30734,30752
1687579200,30751,30774,30679,30725
1687582800,30732,30777,30702,30745
1687586400,30746,30749,30657,30715
1687590000,30719,30720,30572,30581
1687593600,30579,30663,30576,30625
1687597200,30622,30659,30590,30638
1687600800,30639,30762,30617,30762
1687604400,30757,30758,30677,30694
1687608000,30695,30810,30666,30709
1687611600,30709,30734,30611,30670
1687615200,30659,30727,30627,30707
1687618800,30709,30716,30380,30415
1687622400,30421,30523,30287,30523
1687626000,30524,30658,30521,30589
1687629600,30604,30713,30592,30656
1687633200,30656,30697,30619,30646
1687636800,30642,30642,30520,30528
1687640400,30540,30590,30450,30532
1687644000,30533,30577,30503,30543
1687647600,30542,30593,30515,30548
1687651200,30550,30600,30488,30533
1687654800,30530,30647,30484,30618
1687658400,30620,30696,30615,30644
1687662000,30639,30786,30639,30761
1687665600,30766,31047,30766,30901
1687669200,30902,30946,30844,30869
1687672800,30876,30979,30775,30896
1687676400,30885,30885,30694,30743
1687680000,30742,30776,30684,30748
1687683600,30748,30750,30612,30693
1687687200,30689,30701,30600,30641
1687690800,30639,30725,30608,30721
1687694400,30725,30742,30652,30677
1687698000,30678,30699,30529,30686
1687701600,30687,30733,30545,30564
1687705200,30556,30643,30483,30596
1687708800,30594,30659,30519,30605
1687712400,30606,30623,30499,30542
1687716000,30530,30531,30359,30473
1687719600,30467,30467,30344,30443
1687723200,30440,30534,30295,30390
1687726800,30384,30490,30376,30454
1687730400,30457,30572,30394,30511
1687734000,30511,30511,30446,30477
1687737600,30480,30564,30417,30417
1687741200,30415,30419,29993,30190
1687744800,30182,30253,30138,30235
1687748400,30234,30328,30191,30301
1687752000,30296,30326,30222,30252
1687755600,30252,30277,30179,30221
1687759200,30219,30476,30199,30476
1687762800,30476,30574,30290,30410
1687766400,30409,30430,30322,30405
1687770000,30419,30424,30244,30266
1687773600,30263,30289,30143,30270
1687777200,30270,30346,30269,30327
1687780800,30328,30386,30268,30355
1687784400,30357,30648,30356,30648
1687788000,30636,30657,30268,30399
1687791600,30403,30459,30331,30425
1687795200,30413,30429,29993,30105
1687798800,30082,30166,29941,30090
1687802400,30087,30239,30045,30213
1687806000,30210,30328,30073,30254
1687809600,30272,30299,30154,30156
1687813200,30172,30226,30121,30178
1687816800,30160,30267,30117,30235
1687820400,30234,30290,30200,30274
1687824000,30278,30377,30235,30356
1687827600,30355,30388,30281,30380
1687831200,30380,30494,30357,30491
1687834800,30494,30494,30371,30374
1687838400,30378,30391,30346,30354
1687842000,30354,30365,30255,30325
1687845600,30327,30333,30236,30328
1687849200,30321,30471,30314,30410
1687852800,30420,30449,30358,30394
1687856400,30387,30390,30339,30375
1687860000,30375,30690,30375,30652
1687863600,30651,30772,30546,30726
1687867200,30732,30759,30644,30714
1687870800,30717,30720,30542,30612
1687874400,30614,31025,30589,30823
1687878000,30825,30829,30400,30500
1687881600,30508,30749,30464,30716
1687885200,30718,30767,30627,30736
1687888800,30741,30753,30642,30691
1687892400,30696,30751,30664,30679
1687896000,30678,30727,30570,30662
1687899600,30660,30729,30587,30720
1687903200,30724,30736,30589,30596
1687906800,30587,30725,30582,30696
1687910400,30697,30712,30460,30618
1687914000,30618,30666,30483,30506
1687917600,30505,30550,30355,30430
1687921200,30408,30476,30396,30458
1687924800,30456,30486,30397,30486
1687928400,30482,30482,30388,30456
1687932000,30455,30455,30352,30378
1687935600,30375,30394,30166,30186
1687939200,30186,30283,30152,30283
1687942800,30283,30297,30261,30297
1687946400,30292,30344,30277,30335
1687950000,30344,30388,30313,30314
1687953600,30313,30369,30045,30103
1687957200,30099,30204,30013,30203
1687960800,30199,30490,30128,30312
1687964400,30313,30459,30290,30415
1687968000,30417,30464,30264,30264
1687971600,30264,30286,30063,30151
1687975200,30152,30246,30141,30182
1687978800,30184,30245,29868,30095
1687982400,30094,30140,29954,30109
1687986000,30109,30201,30030,30140
1687989600,30140,30184,30088,30105
1687993200,30104,30177,30061,30079
1687996800,30078,30169,30041,30077
1688000400,30074,30252,30056,30163
1688004000,30159,30199,30091,30112
1688007600,30119,30181,30091,30164
1688011200,30165,30214,30137,30214
1688014800,30213,30252,30182,30182
1688018400,30192,30247,30176,30230
1688022000,30230,30406,30220,30330
1688025600,30337,30442,30333,30382
1688029200,30383,30464,30350,30432
1688032800,30434,30748,30395,30697
1688036400,30712,30712,30575,30664
1688040000,30665,30703,30604,30620
1688043600,30621,30825,30468,30554
1688047200,30558,30655,30410,30457
1688050800,30439,30539,30421,30473
1688054400,30473,30572,30473,30497
1688058000,30494,30653,30411,30533
1688061600,30539,30616,30501,30553
1688065200,30560,30606,30485,30585
1688068800,30584,30641,30256,30400
1688072400,30395,30450,30370,30418
1688076000,30418,30450,30396,30398
1688079600,30403,30514,30389,30444
1688083200,30445,30503,30400,30442
1688086800,30430,30431,30350,30386
1688090400,30382,30729,30376,30660
1688094000,30660,30850,30623,30734
1688097600,30735,31268,30683,30840
1688101200,30863,30969,30650,30728
1688104800,30734,30752,30618,30661
1688108400,30661,30818,30648,30760
1688112000,30760,30894,30707,30843
1688115600,30852,30852,30752,30770
1688119200,30768,30864,30748,30806
1688122800,30807,30929,30769,30906
1688126400,30902,31119,30894,31002
1688130000,31006,31087,29508,30139
1688133600,30139,30288,29939,30069
1688137200,30066,30195,29992,30066
1688140800,30066,30494,29925,30393
1688144400,30393,30701,30375,30431
1688148000,30437,30519,30285,30346
1688151600,30352,30469,30323,30368
1688155200,30364,30498,30363,30393
1688158800,30393,30474,30339,30473
1688162400,30468,30521,30460,30478
1688166000,30477,30532,30452,30469
1688169600,30469,30529,30426,30474
1688173200,30468,30481,30393,30441
1688176800,30441,30523,30385,30427
1688180400,30420,30440,30369,30393
1688184000,30392,30415,30321,30387
1688187600,30384,30426,30384,30422
1688191200,30426,30461,30397,30444
1688194800,30444,30459,30404,30459
1688198400,30461,30465,30420,30436
1688202000,30433,30460,30423,30439
1688205600,30439,30487,30430,30457
1688209200,30463,30589,30463,30523
1688212800,30525,30619,30506,30561
1688216400,30580,30627,30545,30565
1688220000,30566,30608,30532,30608
1688223600,30608,30647,30550,30572
1688227200,30570,30585,30545,30573
1688230800,30572,30596,30554,30576
1688234400,30580,30615,30573,30612
1688238000,30615,30633,30600,30617
1688241600,30616,30618,30580,30585
1688245200,30587,30605,30578,30593
1688248800,30593,30617,30558,30584
1688252400,30585,30607,30567,30592
1688256000,30590,30644,30553,30578
1688259600,30576,30600,30556,30568
1688263200,30565,30604,30472,30543
1688266800,30544,30557,30479,30514
1688270400,30509,30539,30484,30531
1688274000,30529,30553,30485,30485
1688277600,30484,30513,30472,30481
1688281200,30480,30519,30477,30507
1688284800,30506,30545,30488,30488
1688288400,30488,30538,30488,30522
1688292000,30517,30538,30510,30514
1688295600,30516,30538,30515,30538
1688299200,30538,30567,30457,30519
1688302800,30519,30529,30488,30520
1688306400,30519,30620,30490,30601
1688310000,30596,30615,30175,30495
1688313600,30496,30681,30477,30568
1688317200,30573,30588,30432,30450
1688320800,30435,30532,30370,30530
1688324400,30518,30564,30517,30564
1688328000,30564,30624,30528,30592
1688331600,30595,30614,30552,30561
1688335200,30566,30785,30439,30650
1688338800,30650,30655,30560,30616
1688342400,30616,30685,30594,30642
1688346000,30641,30748,30638,30661
1688349600,30660,30857,30660,30759
1688353200,30753,30795,30752,30760
1688356800,30760,30794,30674,30674
1688360400,30674,30703,30667,30671
1688364000,30671,30676,30608,30649
1688367600,30646,30750,30639,30676
1688371200,30673,30696,30608,30646
1688374800,30647,30670,30610,30611
1688378400,30610,30628,30587,30623
1688382000,30624,30624,30624,30624
1688389200,30660,30689,30613,30654
1688392800,30662,30751,30651,30737
1688396400,30737,31160,30736,31064
1688400000,31070,31126,30830,31048
1688403600,31048,31063,30923,31009
1688407200,31009,31236,31000,31212
1688410800,31206,31378,31126,31258
1688414400,31259,31300,31108,31128
1688418000,31130,31135,30915,31051
1688421600,31048,31148,31042,31128
1688425200,31141,31163,31092,31158
1688428800,31165,31195,31110,31122
1688432400,31121,31317,31118,31293
1688436000,31290,31327,31215,31268
1688439600,31269,31269,31189,31198
1688443200,31205,31217,31016,31057
1688446800,31067,31108,30979,30983
1688450400,30982,31053,30900,31011
1688454000,31010,31065,30914,30915
1688457600,30913,30985,30913,30940
1688461200,30936,31040,30884,31027
1688464800,31026,31057,30954,31032
1688468400,31032,31084,31008,31074
1688472000,31074,31083,31024,31057
1688475600,31056,31066,30988,31008
1688479200,31010,31040,30968,30979
1688482800,30982,31011,30899,30962
1688486400,30961,31111,30816,30955
1688490000,30955,30980,30878,30897
1688493600,30879,30938,30853,30905
1688497200,30901,30919,30637,30708
1688500800,30700,30819,30683,30807
1688504400,30810,30826,30764,30803
1688508000,30804,30829,30774,30822
1688511600,30828,30829,30766,30771
1688515200,30767,30807,30757,30758
1688518800,30758,30825,30757,30795
1688522400,30794,30847,30793,30836
1688526000,30838,30855,30830,30853
1688529600,30855,30855,30824,30836
1688533200,30830,30866,30807,30810
1688536800,30810,30840,30774,30812
1688540400,30814,30819,30763,30770
1688544000,30762,30781,30658,30765
1688547600,30761,30773,30681,30683
1688551200,30683,30700,30399,30435
1688554800,30411,30483,30359,30406
1688558400,30398,30434,30279,30320
1688562000,30317,30379,30206,30360
1688565600,30359,30439,30334,30415
1688569200,30417,30435,30233,30356
1688572800,30353,30476,30337,30462
1688576400,30461,30581,30450,30530
1688580000,30535,30591,30438,30499
1688583600,30499,30538,30439,30439
1688587200,30439,30494,30400,30468
1688590800,30480,30494,30434,30474
1688594400,30471,30514,30403,30446
1688598000,30444,30538,30400,30501
1688601600,30498,30534,30395,30419
1688605200,30420,30476,30323,30475
1688608800,30476,30556,30466,30476
1688612400,30481,30527,30470,30499
1688616000,30497,30536,30461,30463
1688619600,30469,30615,30448,30588
1688623200,30594,30730,30560,30700
1688626800,30701,30857,30696,30807
1688630400,30823,31340,30797,31323
1688634000,31334,31500,31040,31065
1688637600,31067,31276,31060,31235
1688641200,31245,31273,30720,30850
1688644800,30852,30886,30550,30608
1688648400,30606,30678,30330,30374
1688652000,30369,30457,29925,30221
1688655600,30217,30493,30084,30411
1688659200,30409,30470,30172,30309
1688662800,30316,30346,30211,30287
1688666400,30294,30381,30215,30372
1688670000,30375,30375,30255,30313
1688673600,30311,30348,30246,30314
1688677200,30317,30348,30188,30225
1688680800,30222,30260,30106,30163
1688684400,30162,30162,29868,29912
1688688000,29901,30106,29722,30056
1688691600,30063,30118,29972,30091
1688695200,30096,30151,30064,30100
1688698800,30114,30166,30076,30143
1688702400,30143,30173,30086,30091
1688706000,30091,30297,30067,30218
1688709600,30220,30237,30113,30132
1688713200,30125,30148,29944,30013
1688716800,30006,30105,29972,30058
1688720400,30056,30181,30056,30140
1688724000,30139,30166,30094,30166
1688727600,30168,30199,30107,30125
1688731200,30130,30331,30058,30212
1688734800,30208,30381,30136,30381
1688738400,30379,30445,30268,30427
1688742000,30431,30437,30327,30396
1688745600,30400,30443,30324,30361
1688749200,30358,30365,30184,30239
1688752800,30239,30262,30123,30169
1688756400,30169,30244,30146,30244
1688760000,30248,30306,30219,30273
1688763600,30267,30347,30267,30297
1688767200,30297,30347,30287,30321
1688770800,30311,30348,30295,30348
1688774400,30348,30348,30285,30296
1688778000,30296,30311,30264,30308
1688781600,30307,30383,30285,30360
1688785200,30358,30364,30279,30281
1688788800,30280,30287,30231,30237
1688792400,30236,30247,30195,30245
1688796000,30242,30262,30156,30183
1688799600,30182,30225,30178,30201
1688803200,30203,30311,30195,30278
1688806800,30283,30287,30231,30253
1688810400,30253,30256,30221,30229
1688814000,30224,30234,30163,30200
1688817600,30197,30210,30163,30179
1688821200,30180,30243,30180,30217
1688824800,30216,30241,30201,30214
1688828400,30220,30230,30186,30213
1688832000,30218,30312,30218,30260
1688835600,30259,30287,30247,30262
1688839200,30257,30257,30196,30206
1688842800,30205,30207,30056,30117
1688846400,30115,30163,30067,30162
1688850000,30163,30199,30148,30191
1688853600,30193,30224,30170,30224
1688857200,30224,30293,30223,30293
1688860800,30293,30350,30260,30343
1688864400,30350,30404,30303,30338
1688868000,30339,30363,30274,30308
1688871600,30308,30323,30270,30292
1688875200,30292,30302,30281,30291
1688878800,30286,30309,30268,30269
1688882400,30269,30274,30246,30263
1688886000,30263,30286,30241,30273
1688889600,30273,30312,30273,30312
1688893200,30312,30312,30257,30282
1688896800,30282,30301,30262,30277
1688900400,30273,30292,30257,30280
1688904000,30280,30348,30260,30342
1688907600,30342,30357,30268,30272
1688911200,30266,30439,30200,30350
1688914800,30344,30388,30286,30359
1688918400,30355,30355,30293,30297
1688922000,30293,30302,30263,30299
1688925600,30300,30313,30265,30269
1688929200,30269,30272,30219,30249
1688932800,30249,30261,30130,30202
1688936400,30196,30224,30128,30151
1688940000,30151,30201,30073,30175
1688943600,30182,30191,30140,30167
1688947200,30170,30228,29964,30097
1688950800,30093,30143,30047,30055
1688954400,30055,30228,30055,30206
1688958000,30207,30239,30155,30156
1688961600,30155,30159,30119,30119
1688965200,30119,30147,30092,30092
1688968800,30091,30125,30059,30096
1688972400,30098,30146,30087,30116
1688976000,30117,30117,30010,30102
1688979600,30100,30192,30045,30143
1688983200,30146,30225,30146,30186
1688986800,30188,30243,30180,30238
1688990400,30243,30275,30153,30161
1688994000,30160,30329,30153,30213
1688997600,30209,30356,30207,30310
1689001200,30311,30323,30238,30317
1689004800,30320,30374,30245,30356
1689008400,30365,30365,30269,30283
1689012000,30282,30576,30267,30525
1689015600,30539,30840,30499,30840
1689019200,30840,31037,30771,30786
1689022800,30774,30800,30230,30334
1689026400,30310,30404,30221,30338
1689030000,30352,30425,30347,30421
1689033600,30417,30505,30375,30429
1689037200,30424,30597,30408,30591
1689040800,30585,30597,30470,30491
1689044400,30493,30499,30406,30482
1689048000,30482,30504,30440,30448
1689051600,30449,30471,30439,30460
1689055200,30460,30652,30454,30641
1689058800,30635,30652,30533,30533
1689062400,30544,30565,30500,30500
1689066000,30500,30514,30359,30452
1689069600,30442,30454,30377,30401
1689073200,30402,30456,30391,30414
1689076800,30411,30441,30386,30434
1689080400,30434,30498,30310,30448
1689084000,30444,30597,30386,30524
1689087600,30540,30804,30492,30599
1689091200,30595,30692,30520,30644
1689094800,30651,30673,30560,30583
1689098400,30583,30584,30421,30486
1689102000,30486,30582,30470,30582
1689105600,30582,30630,30557,30570
1689109200,30582,30584,30509,30569
1689112800,30568,30596,30507,30585
1689116400,30586,30645,30586,30621
1689120000,30631,30642,30512,30513
1689123600,30516,30580,30508,30539
1689127200,30539,30666,30537,30615
1689130800,30613,30631,30584,30598
1689134400,30598,30643,30570,30643
1689138000,30642,30692,30618,30656
1689141600,30659,30784,30627,30719
1689145200,30720,30840,30713,30740
1689148800,30745,30765,30676,30736
1689152400,30736,30755,30689,30729
1689156000,30729,30729,30663,30683
1689159600,30682,30798,30662,30779
1689163200,30772,30960,30653,30723
1689166800,30716,30855,30487,30661
1689170400,30662,30832,30659,30738
1689174000,30746,30805,30476,30509
1689177600,30507,30527,30425,30475
1689181200,30483,30517,30425,30441
1689184800,30445,30536,30431,30519
1689188400,30519,30519,30219,30278
1689192000,30277,30350,30241,30350
1689195600,30342,30376,30317,30355
1689199200,30355,30375,30343,30370
1689202800,30363,30414,30358,30382
1689206400,30383,30428,30347,30359
1689210000,30359,30392,30296,30384
1689213600,30375,30385,30323,30338
1689217200,30336,30346,30279,30298
1689220800,30295,30315,30259,30294
1689224400,30294,30315,30261,30315
1689228000,30315,30392,30301,30384
1689231600,30381,30417,30359,30364
1689235200,30363,30419,30346,30415
1689238800,30417,30597,30413,30575
1689242400,30580,30630,30533,30577
1689246000,30587,30600,30546,30546
1689249600,30546,30592,30470,30522
1689253200,30522,30692,30510,30673
1689256800,30674,30692,30483,30577
1689260400,30586,31175,30559,30920
1689264000,30925,30975,30733,30839
1689267600,30830,31200,30801,31079
1689271200,31079,31472,31065,31281
1689274800,31271,31818,31265,31637
1689278400,31637,31708,31330,31396
1689282000,31397,31408,31040,31267
1689285600,31267,31378,31231,31324
1689289200,31323,31502,31323,31471
1689292800,31474,31525,31377,31461
1689296400,31449,31499,31353,31435
1689300000,31434,31488,31398,31472
1689303600,31472,31635,31422,31474
1689307200,31472,31481,31396,31408
1689310800,31408,31413,31363,31371
1689314400,31370,31399,31306,31307
1689318000,31307,31358,31091,31109
1689321600,31109,31291,31098,31260
1689325200,31256,31256,31155,31200
1689328800,31200,31213,31104,31184
1689332400,31178,31235,31149,31220
1689336000,31221,31231,31123,31142
1689339600,31131,31292,31070,31264
1689343200,31263,31349,31191,31328
1689346800,31308,31366,31224,31258
1689350400,31247,31286,31075,31225
1689354000,31224,31224,30685,30725
1689357600,30707,30779,30100,30138
1689361200,30121,30250,29961,30122
1689364800,30137,30246,30006,30212
1689368400,30201,30279,30175,30262
1689372000,30256,30273,30223,30248
1689375600,30250,30331,30241,30331
1689379200,30328,30350,30260,30350
1689382800,30351,30403,30308,30355
1689386400,30360,30368,30310,30310
1689390000,30309,30344,30279,30310
1689393600,30309,30339,30309,30309
1689397200,30310,30328,30278,30311
1689400800,30310,30327,30280,30325
1689404400,30325,30370,30313,30349
1689408000,30348,30356,30298,30328
1689411600,30327,30364,30322,30360
1689415200,30360,30381,30321,30338
1689418800,30337,30351,30308,30323
1689422400,30322,30374,30321,30363
1689426000,30362,30362,30288,30340
1689429600,30340,30346,30290,30295
1689433200,30296,30326,30269,30316
1689436800,30315,30317,30273,30294
1689440400,30297,30320,30273,30297
1689444000,30302,30364,30300,30335
1689447600,30335,30362,30334,30340
1689451200,30340,30340,30304,30311
1689454800,30310,30317,30290,30312
1689458400,30312,30329,30288,30295
1689462000,30294,30302,30283,30301
1689465600,30300,30320,30284,30312
1689469200,30312,30337,30277,30278
1689472800,30278,30337,30067,30264
1689476400,30271,30271,30193,30198
1689480000,30203,30222,30141,30169
1689483600,30163,30246,30160,30246
1689487200,30245,30321,30233,30276
1689490800,30276,30301,30258,30277
1689494400,30273,30315,30272,30308
1689498000,30309,30331,30293,30316
1689501600,30318,30355,30288,30299
1689505200,30299,30330,30292,30319
1689508800,30320,30345,30300,30301
1689512400,30306,30324,30294,30319
1689516000,30319,30442,30319,30410
1689519600,30410,30439,30385,30393
1689523200,30385,30416,30341,30379
1689526800,30379,30420,30375,30398
1689530400,30399,30416,30250,30291
1689534000,30290,30316,30224,30260
1689537600,30268,30309,30259,30286
1689541200,30286,30326,30285,30310
1689544800,30310,30370,30288,30341
1689548400,30342,30349,30153,30253
1689552000,30247,30323,30201,30228
1689555600,30231,30341,30211,30306
1689559200,30299,30316,30269,30275
1689562800,30274,30328,30267,30320
1689566400,30321,30325,30281,30308
1689570000,30308,30335,30272,30272
1689573600,30273,30289,30253,30288
1689577200,30282,30297,30257,30297
1689580800,30296,30333,30276,30276
1689584400,30276,30287,30166,30191
1689588000,30185,30214,29997,30177
1689591600,30172,30268,30160,30175
1689595200,30174,30211,30041,30211
1689598800,30213,30304,30168,30289
1689602400,30296,30308,30240,30276
1689606000,30291,30297,30121,30181
1689609600,30182,30243,30083,30142
1689613200,30140,30162,29937,30040
1689616800,30038,30070,29675,29813
1689620400,29812,29932,29765,29901
1689624000,29893,29990,29889,29937
1689627600,29936,30293,29935,30256
1689631200,30248,30270,30107,30107
1689634800,30110,30168,30081,30154
1689638400,30144,30197,30117,30179
1689642000,30169,30244,30150,30223
1689645600,30221,30236,30116,30130
1689649200,30124,30157,30084,30084
1689652800,30084,30123,30053,30123
1689656400,30123,30123,30050,30054
1689660000,30053,30096,29930,29990
1689663600,29989,30044,29940,29972
1689667200,29965,30105,29896,30025
1689670800,30039,30043,29952,29964
1689674400,29962,30027,29917,30000
1689678000,29997,30072,29818,29888
1689681600,29887,29921,29736,29782
1689685200,29782,29861,29700,29831
1689688800,29828,30022,29823,29919
1689692400,29924,29933,29845,29903
1689696000,29903,29960,29521,29705
1689699600,29702,29829,29680,29824
1689703200,29819,29925,29793,29911
1689706800,29909,29939,29693,29719
1689710400,29712,29812,29694,29786
1689714000,29780,29832,29760,29809
1689717600,29809,29837,29763,29826
1689721200,29824,29868,29797,29868
1689724800,29862,30071,29845,30064
1689728400,30072,30072,29962,30014
1689732000,30014,30037,29982,30020
1689735600,30033,30083,30016,30066
1689739200,30071,30188,30063,30108
1689742800,30110,30130,30072,30114
1689746400,30105,30121,30015,30052
1689750000,30052,30084,29980,30011
1689753600,30007,30022,29889,29931
1689757200,29930,30044,29878,30013
1689760800,30008,30034,29982,29992
1689764400,29993,30023,29968,30012
1689768000,30016,30024,29892,29948
1689771600,29948,30122,29834,29999
1689775200,30001,30051,29793,29821
1689778800,29810,29986,29757,29952
1689782400,29964,29978,29870,29906
1689786000,29899,30081,29880,29992
1689789600,29998,30088,29948,30080
1689793200,30082,30098,30028,30047
1689796800,30045,30055,29955,29965
1689800400,29961,29968,29858,29936
1689804000,29936,29958,29855,29881
1689807600,29876,29945,29838,29919
1689811200,29917,30010,29890,30006
1689814800,30009,30029,29974,29999
1689818400,30003,30050,29980,29986
1689822000,29984,30000,29927,29952
1689825600,29955,29997,29933,29965
1689829200,29976,30170,29960,30136
1689832800,30146,30194,30096,30124
1689836400,30134,30233,30111,30209
1689840000,30210,30312,30177,30269
1689843600,30286,30388,30220,30331
1689847200,30343,30414,30284,30295
1689850800,30296,30309,30263,30289
1689854400,30289,30313,30216,30224
1689858000,30229,30281,30177,30230
1689861600,30236,30247,29631,29780
1689865200,29779,29846,29708,29807
1689868800,29807,29871,29664,29712
1689872400,29700,29810,29697,29752
1689876000,29752,29789,29567,29684
1689879600,29683,29755,29670,29752
1689883200,29752,29759,29669,29734
1689886800,29734,29882,29730,29881
1689890400,29869,29873,29790,29811
1689894000,29812,29826,29789,29806
1689897600,29806,29837,29735,29788
1689901200,29788,29893,29763,29877
1689904800,29879,29947,29844,29904
1689908400,29906,29940,29877,29896
1689912000,29897,29906,29861,29863
1689915600,29863,29873,29803,29821
1689919200,29821,29860,29801,29860
1689922800,29859,29864,29758,29765
1689926400,29763,29822,29757,29795
1689930000,29794,29853,29757,29757
1689933600,29754,29816,29754,29798
1689937200,29801,29814,29736,29779
1689940800,29779,29897,29779,29877
1689944400,29883,29911,29795,29810
1689948000,29809,29874,29774,29874
1689951600,29872,29900,29851,29860
1689955200,29859,29868,29802,29825
1689958800,29823,29929,29819,29924
1689962400,29928,30051,29927,29980
1689966000,29983,29983,29773,29874
1689969600,29876,29896,29833,29885
1689973200,29890,29968,29882,29908
1689976800,29906,29966,29898,29933
1689980400,29932,29941,29898,29908
1689984000,29908,29995,29906,29990
1689987600,29990,29991,29932,29932
1689991200,29931,29968,29927,29940
1689994800,29940,29943,29899,29908
1689998400,29909,29936,29874,29886
1690002000,29886,29901,29862,29872
1690005600,29870,29898,29850,29898
1690009200,29893,29990,29874,29946
1690012800,29950,29979,29937,29946
1690016400,29943,29958,29919,29934
1690020000,29934,29934,29879,29908
1690023600,29908,29912,29880,29896
1690027200,29894,29894,29837,29851
1690030800,29851,29871,29842,29853
1690034400,29853,29892,29853,29889
1690038000,29888,29911,29868,29909
1690041600,29905,29918,29875,29902
1690045200,29902,29902,29821,29839
1690048800,29841,29843,29810,29819
1690052400,29819,29859,29811,29841
1690056000,29841,29846,29820,29833
1690059600,29833,29839,29820,29829
1690063200,29825,29839,29797,29810
1690066800,29814,29817,29640,29789
1690070400,29790,29817,29742,29778
1690074000,29778,29870,29778,29836
1690077600,29837,29893,29812,29889
1690081200,29891,29891,29834,29852
1690084800,29847,29918,29847,29910
1690088400,29916,29979,29910,29922
1690092000,29925,29940,29901,29923
1690095600,29920,29927,29896,29917
1690099200,29917,29956,29896,29953
1690102800,29956,29957,29910,29911
1690106400,29913,29918,29893,29899
1690110000,29895,29922,29893,29894
1690113600,29897,29926,29891,29919
1690117200,29919,29925,29860,29892
1690120800,29890,29905,29885,29895
1690124400,29904,29911,29893,29901
1690128000,29901,29964,29901,29953
1690131600,29956,30120,29939,30119
1690135200,30121,30284,30083,30249
1690138800,30255,30342,30020,30089
1690142400,30089,30138,30089,30138
1690146000,30138,30138,29933,29939
1690149600,29960,30038,29942,30015
1690153200,30014,30095,30014,30085
1690156800,30085,30099,30007,30011
1690160400,30009,30014,29867,29914
1690164000,29912,29913,29769,29797
1690167600,29795,29796,29678,29712
1690171200,29709,29802,29648,29794
1690174800,29791,29811,29751,29794
1690178400,29798,29801,29763,29780
1690182000,29780,29864,29730,29821
1690185600,29826,29833,29753,29757
1690189200,29758,29764,28978,29176
1690192800,29164,29377,29114,29318
1690196400,29318,29331,29226,29264
1690200000,29265,29265,29159,29226
1690203600,29227,29251,29112,29179
1690207200,29180,29182,28990,29006
1690210800,29009,29117,28842,29084
1690214400,29081,29137,29014,29100
1690218000,29100,29115,29011,29036
1690221600,29026,29126,28971,29119
1690225200,29111,29152,29091,29107
1690228800,29107,29149,29087,29140
1690232400,29140,29180,29123,29167
1690236000,29167,29184,29142,29160
1690239600,29160,29201,29155,29177
1690243200,29176,29185,29100,29113
1690246800,29115,29115,29054,29079
1690250400,29084,29166,29068,29130
1690254000,29131,29149,29088,29111
1690257600,29109,29120,29065,29085
1690261200,29085,29138,29083,29121
1690264800,29122,29145,29112,29143
1690268400,29145,29157,29121,29142
1690272000,29141,29190,29120,29184
1690275600,29183,29275,29162,29162
1690279200,29163,29194,29151,29160
1690282800,29160,29161,29118,29122
1690286400,29122,29138,29096,29115
1690290000,29114,29328,29077,29268
1690293600,29279,29328,29159,29180
1690297200,29174,29230,29168,29181
1690300800,29183,29289,29183,29226
1690304400,29221,29282,29189,29271
1690308000,29273,29362,29240,29262
1690311600,29261,29276,29195,29195
1690315200,29198,29241,29186,29231
1690318800,29233,29248,29202,29226
1690322400,29226,29253,29200,29205
1690326000,29200,29244,29192,29224
1690329600,29224,29232,29143,29166
1690333200,29166,29172,29100,29129
1690336800,29131,29282,29131,29281
1690340400,29283,29398,29210,29246
1690344000,29237,29239,29199,29199
1690347600,29199,29264,29194,29264
1690351200,29264,29308,29191,29204
1690354800,29210,29241,29194,29215
1690358400,29215,29240,29207,29216
1690362000,29216,29228,29166,29190
1690365600,29190,29199,29165,29192
1690369200,29192,29211,29159,29171
1690372800,29173,29236,29162,29227
1690376400,29228,29308,29228,29302
1690380000,29308,29343,29209,29263
1690383600,29264,29331,29264,29321
1690387200,29322,29363,29269,29298
1690390800,29307,29320,29250,29271
1690394400,29257,29500,29240,29380
1690398000,29379,29403,29201,29403
1690401600,29405,29678,29388,29580
1690405200,29584,29662,29456,29467
1690408800,29470,29509,29429,29474
1690412400,29475,29524,29294,29354
1690416000,29353,29364,29303,29354
1690419600,29354,29419,29341,29400
1690423200,29400,29433,29345,29432
1690426800,29424,29443,29402,29402
1690430400,29402,29482,29401,29480
1690434000,29483,29494,29451,29459
1690437600,29461,29477,29378,29378
1690441200,29381,29470,29378,29417
1690444800,29411,29469,29402,29469
1690448400,29469,29563,29465,29546
1690452000,29550,29558,29477,29478
1690455600,29479,29523,29472,29505
1690459200,29506,29509,29460,29497
1690462800,29497,29506,29433,29446
1690466400,29445,29447,29322,29349
1690470000,29350,29356,29239,29293
1690473600,29289,29325,29257,29261
1690477200,29267,29282,29181,29216
1690480800,29211,29243,29081,29137
1690484400,29132,29172,29090,29158
1690488000,29158,29188,29124,29141
1690491600,29141,29226,29135,29179
1690495200,29179,29234,29179,29196
1690498800,29194,29225,29174,29219
1690502400,29214,29294,29204,29277
1690506000,29269,29292,29252,29256
1690509600,29255,29259,29184,29227
1690513200,29225,29278,29201,29245
1690516800,29251,29257,29209,29254
1690520400,29254,29257,29156,29178
1690524000,29175,29202,29157,29185
1690527600,29183,29190,29122,29135
1690531200,29128,29183,29125,29142
1690534800,29145,29219,29121,29203
1690538400,29203,29225,29193,29212
1690542000,29212,29229,29188,29202
1690545600,29197,29313,29197,29296
1690549200,29300,29310,29243,29284
1690552800,29284,29500,29284,29478
1690556400,29483,29525,29352,29384
1690560000,29386,29402,29337,29355
1690563600,29354,29354,29190,29257
1690567200,29256,29332,29239,29311
1690570800,29311,29334,29285,29319
1690574400,29314,29343,29281,29341
1690578000,29340,29363,29310,29310
1690581600,29309,29317,29294,29295
1690585200,29295,29325,29295,29317
1690588800,29316,29348,29296,29325
1690592400,29325,29373,29324,29373
1690596000,29373,29388,29364,29379
1690599600,29379,29388,29370,29373
1690603200,29373,29404,29369,29385
1690606800,29385,29386,29352,29369
1690610400,29367,29367,29330,29345
1690614000,29345,29349,29295,29296
1690617600,29295,29328,29251,29290
1690621200,29292,29296,29266,29281
1690624800,29281,29296,29263,29274
1690628400,29273,29300,29268,29269
1690632000,29268,29331,29262,29296
1690635600,29290,29326,29290,29297
1690639200,29295,29316,29282,29283
1690642800,29283,29300,29283,29298
1690646400,29298,29308,29278,29308
1690650000,29308,29328,29295,29326
1690653600,29326,29328,29293,29307
1690657200,29307,29345,29307,29339
1690660800,29338,29377,29338,29356
1690664400,29357,29370,29350,29354
1690668000,29354,29368,29351,29355
1690671600,29354,29371,29350,29360
1690675200,29360,29360,29331,29345
1690678800,29347,29349,29328,29329
1690682400,29329,29331,29308,29316
1690686000,29316,29321,29315,29319
1690689600,29318,29335,29317,29327
1690693200,29328,29332,29315,29315
1690696800,29315,29315,29275,29287
1690700400,29281,29293,29279,29291
1690704000,29291,29310,29289,29300
1690707600,29300,29300,29278,29281
1690711200,29281,29289,29240,29274
1690714800,29272,29314,29260,29313
1690718400,29314,29328,29300,29322
1690722000,29321,29326,29282,29283
1690725600,29288,29416,29288,29387
1690729200,29388,29446,29321,29349
1690732800,29349,29398,29328,29377
1690736400,29377,29395,29353,29394
1690740000,29393,29395,29348,29353
1690743600,29353,29360,29117,29197
1690747200,29190,29270,29034,29252
1690750800,29269,29269,29178,29212
1690754400,29211,29211,29149,29157
1690758000,29153,29285,29153,29279
1690761600,29279,29511,29263,29460
1690765200,29456,29477,29386,29446
1690768800,29450,29488,29429,29458
1690772400,29460,29467,29413,29423
1690776000,29430,29434,29386,29401
1690779600,29399,29417,29366,29381
1690783200,29380,29438,29372,29407
1690786800,29409,29412,29377,29377
1690790400,29376,29410,29360,29392
1690794000,29392,29392,29330,29370
1690797600,29371,29400,29369,29382
1690801200,29384,29394,29377,29393
1690804800,29394,29469,29388,29469
1690808400,29461,29462,29317,29356
1690812000,29356,29356,29267,29292
1690815600,29292,29328,29226,29240
1690819200,29238,29261,29177,29223
1690822800,29221,29272,29154,29214
1690826400,29212,29216,29149,29190
1690830000,29190,29236,29115,29157
1690833600,29153,29258,29120,29211
1690837200,29206,29287,29163,29240
1690840800,29240,29241,29198,29207
1690844400,29204,29237,29194,29231
1690848000,29221,29289,29207,29285
1690851600,29283,29345,29175,29197
1690855200,29194,29211,28726,28928
1690858800,28924,28943,28815,28830
1690862400,28824,28915,28803,28857
1690866000,28855,28915,28851,28914
1690869600,28913,28958,28897,28910
1690873200,28912,28933,28892,28931
1690876800,28930,28981,28906,28981
1690880400,28981,28981,28912,28919
1690884000,28916,28932,28884,28916
1690887600,28919,28919,28842,28847
1690891200,28852,28909,28741,28865
1690894800,28862,28899,28852,28860
1690898400,28857,28889,28784,28819
1690902000,28814,28954,28574,28938
1690905600,28943,29025,28846,28919
1690909200,28919,28965,28910,28934
1690912800,28938,29249,28938,29249
1690916400,29249,29301,29200,29258
1690920000,29261,29292,29162,29213
1690923600,29213,29297,29184,29228
1690927200,29196,29244,29184,29244
1690930800,29241,29715,29241,29696
1690934400,29697,29822,29673,29807
1690938000,29807,30025,29786,29841
1690941600,29838,29877,29780,29799
1690945200,29800,29806,29611,29613
1690948800,29621,29697,29570,29660
1690952400,29657,29660,29593,29630
1690956000,29633,29664,29552,29552
1690959600,29551,29623,29541,29559
1690963200,29558,29558,29375,29468
1690966800,29487,29487,29410,29443
1690970400,29432,29515,29427,29515
1690974000,29515,29554,29484,29551
1690977600,29554,29586,29456,29456
1690981200,29455,29456,29338,29395
1690984800,29387,29396,29248,29267
1690988400,29259,29342,29164,29308
1690992000,29302,29345,28929,29004
1690995600,29006,29229,28962,29129
1690999200,29127,29142,29021,29141
1691002800,29140,29200,29119,29136
1691006400,29126,29153,29091,29117
1691010000,29116,29182,29046,29163
1691013600,29164,29212,29156,29166
1691017200,29163,29168,29118,29164
1691020800,29157,29210,29143,29157
1691024400,29157,29249,29142,29237
1691028000,29237,29250,29118,29159
1691031600,29156,29162,29116,29161
1691035200,29161,29166,29070,29114
1691038800,29114,29130,29074,29129
1691042400,29128,29131,29034,29068
1691046000,29062,29079,28994,29018
1691049600,29014,29093,28925,29093
1691053200,29093,29130,29072,29119
1691056800,29123,29163,29118,29144
1691060400,29143,29161,29101,29118
1691064000,29118,29135,29051,29077
1691067600,29081,29198,29079,29173
1691071200,29173,29388,29157,29365
1691074800,29366,29395,29184,29231
1691078400,29227,29300,29193,29280
1691082000,29275,29340,29209,29209
1691085600,29208,29243,29135,29243
1691089200,29241,29273,29197,29260
1691092800,29255,29333,29248,29280
1691096400,29284,29312,29215,29234
1691100000,29231,29247,29147,29215
1691103600,29215,29221,29176,29176
1691107200,29175,29231,29152,29213
1691110800,29212,29220,29174,29180
1691114400,29182,29194,29089,29150
1691118000,29145,29156,29117,29140
1691121600,29140,29175,29113,29175
1691125200,29177,29219,29173,29212
1691128800,29213,29220,29138,29170
1691132400,29171,29187,29141,29187
1691136000,29187,29229,29153,29161
1691139600,29159,29187,29142,29169
1691143200,29169,29176,29123,29134
1691146800,29134,29156,29114,29143
1691150400,29141,29228,29106,29202
1691154000,29198,29306,29186,29221
1691157600,29216,29265,29145,29232
1691161200,29236,29278,29212,29253
1691164800,29257,29269,29222,29249
1691168400,29249,29254,29180,29186
1691172000,29180,29181,28924,29030
1691175600,29032,29075,28980,28986
1691179200,28990,29048,28784,28939
1691182800,28925,29058,28922,29019
1691186400,29027,29056,29021,29021
1691190000,29019,29086,29017,29077
1691193600,29075,29107,29057,29078
1691197200,29081,29089,29023,29036
1691200800,29032,29061,29030,29039
1691204400,29040,29063,29039,29051
1691208000,29053,29053,28995,29012
1691211600,29012,29055,29003,29054
1691215200,29053,29054,29022,29024
1691218800,29024,29032,29003,29009
1691222400,29009,29048,28998,29048
1691226000,29047,29047,29024,29024
1691229600,29023,29041,29013,29021
1691233200,29021,29037,29013,29014
1691236800,29014,29017,28950,28981
1691240400,28980,28994,28966,28994
1691244000,28994,29051,28994,29041
1691247600,29043,29048,28981,29011
1691251200,29005,29020,28972,29001
1691254800,29001,29037,29001,29037
1691258400,29035,29065,29026,29046
1691262000,29050,29058,29035,29037
1691265600,29037,29040,29029,29030
1691269200,29030,29056,29029,29051
1691272800,29046,29065,29038,29065
1691276400,29065,29065,29048,29049
1691280000,29049,29049,29032,29044
1691283600,29044,29045,29013,29014
1691287200,29012,29048,29012,29040
1691290800,29038,29039,29023,29031
1691294400,29031,29044,29031,29044
1691298000,29043,29066,29043,29066
1691301600,29067,29068,29017,29034
1691305200,29037,29072,29036,29061
1691308800,29066,29099,29062,29080
1691312400,29080,29080,29039,29046
1691316000,29046,29046,29015,29030
1691319600,29030,29044,29028,29043
1691323200,29043,29048,28992,28997
1691326800,28995,29000,28981,28982
1691330400,28982,29021,28962,29002
1691334000,29006,29013,28969,28976
1691337600,28973,29048,28964,29048
1691341200,29048,29058,29016,29053
1691344800,29053,29065,29038,29048
1691348400,29049,29063,29040,29051
1691352000,29053,29124,29036,29083
1691355600,29092,29159,29002,29042
1691359200,29046,29113,29016,29052
1691362800,29052,29064,29031,29042
1691366400,29041,29049,28977,29010
1691370000,29010,29152,29010,29097
1691373600,29100,29177,29072,29148
1691377200,29152,29159,29101,29113
1691380800,29110,29149,29106,29134
1691384400,29134,29134,29079,29079
1691388000,29079,29080,29005,29005
1691391600,29004,29056,29002,29043
1691395200,29043,29043,29005,29012
1691398800,29011,29045,28993,29037
1691402400,29037,29093,29028,29090
1691406000,29088,29088,29032,29040
1691409600,29038,29080,28983,29017
1691413200,29020,29032,28988,28989
1691416800,28988,29020,28926,28980
1691420400,28974,28980,28763,28819
1691424000,28818,28929,28671,28892
1691427600,28897,28947,28833,28944
1691431200,28943,29154,28939,29058
1691434800,29056,29119,29015,29119
1691438400,29119,29161,29088,29159
1691442000,29163,29244,29106,29161
1691445600,29161,29175,29129,29144
1691449200,29150,29185,29131,29181
1691452800,29186,29219,29154,29219
1691456400,29219,29219,29113,29113
1691460000,29113,29166,29107,29144
1691463600,29143,29175,29142,29161
1691467200,29164,29192,29152,29186
1691470800,29189,29285,29188,29215
1691474400,29211,29236,29188,29188
1691478000,29188,29195,29151,29151
1691481600,29151,29169,29146,29148
1691485200,29148,29178,29136,29165
1691488800,29168,29276,29165,29263
1691492400,29269,29405,29255,29404
1691496000,29404,29576,29331,29556
1691499600,29545,29648,29330,29340
1691503200,29340,29516,29340,29416
1691506800,29423,29587,29418,29518
1691510400,29514,29805,29514,29735
1691514000,29732,29844,29676,29788
1691517600,29793,29957,29761,29853
1691521200,29851,29950,29832,29884
1691524800,29890,30030,29853,29984
1691528400,29984,30210,29834,29861
1691532000,29882,29890,29694,29766
1691535600,29769,29814,29755,29764
1691539200,29776,29851,29771,29772
1691542800,29769,29869,29759,29850
1691546400,29850,29856,29651,29683
1691550000,29681,29732,29668,29704
1691553600,29708,29759,29689,29754
1691557200,29753,29771,29718,29725
1691560800,29724,29725,29658,29714
1691564400,29706,29809,29704,29808
1691568000,29810,29830,29762,29829
1691571600,29824,29825,29769,29772
1691575200,29772,29832,29730,29826
1691578800,29826,29886,29785,29875
1691582400,29873,30069,29847,30053
1691586000,30069,30119,29851,29870
1691589600,29869,29928,29746,29746
1691593200,29744,29784,29667,29745
1691596800,29750,29759,29500,29500
1691600400,29500,29572,29426,29493
1691604000,29489,29560,29432,29502
1691607600,29502,29530,29377,29399
1691611200,29395,29487,29352,29469
1691614800,29485,29536,29416,29504
1691618400,29504,29575,29490,29575
1691622000,29575,29606,29552,29565
1691625600,29565,29613,29549,29601
1691629200,29603,29637,29566,29591
1691632800,29591,29626,29563,29564
1691636400,29564,29596,29549,29556
1691640000,29557,29557,29519,29520
1691643600,29519,29585,29483,29563
1691647200,29562,29584,29489,29490
1691650800,29491,29542,29469,29481
1691654400,29484,29508,29464,29490
1691658000,29483,29523,29451,29504
1691661600,29509,29529,29485,29521
1691665200,29527,29527,29459,29473
1691668800,29473,29597,29464,29526
1691672400,29534,29660,29502,29656
1691676000,29656,29703,29372,29463
1691679600,29467,29495,29409,29440
1691683200,29438,29446,29359,29399
1691686800,29400,29428,29294,29379
1691690400,29372,29441,29363,29405
1691694000,29408,29411,29351,29399
1691697600,29398,29444,29386,29414
1691701200,29415,29440,29413,29439
1691704800,29436,29448,29412,29433
1691708400,29432,29435,29422,29423
1691712000,29424,29465,29419,29454
1691715600,29453,29459,29415,29423
1691719200,29422,29422,29300,29341
1691722800,29340,29400,29326,29370
1691726400,29371,29391,29368,29377
1691730000,29377,29412,29345,29412
1691733600,29412,29423,29385,29420
1691737200,29416,29435,29369,29373
1691740800,29373,29405,29369,29372
1691744400,29372,29377,29338,29346
1691748000,29346,29382,29316,29363
1691751600,29363,29409,29361,29409
1691755200,29409,29423,29371,29396
1691758800,29392,29438,29384,29438
1691762400,29441,29525,29436,29461
1691766000,29467,29491,29322,29363
1691769600,29361,29396,29222,29326
1691773200,29326,29359,29292,29308
1691776800,29304,29343,29295,29339
1691780400,29336,29378,29309,29364
1691784000,29363,29389,29360,29387
1691787600,29387,29409,29372,29379
1691791200,29378,29413,29374,29404
1691794800,29404,29407,29381,29398
1691798400,29398,29430,29381,29430
1691802000,29430,29433,29382,29383
1691805600,29383,29393,29367,29368
1691809200,29368,29380,29350,29374
1691812800,29375,29402,29374,29387
1691816400,29392,29396,29378,29380
1691820000,29380,29388,29359,29387
1691823600,29387,29395,29376,29394
1691827200,29393,29398,29370,29374
1691830800,29371,29395,29369,29395
1691834400,29394,29412,29394,29412
1691838000,29411,29412,29392,29403
1691841600,29406,29409,29393,29407
1691845200,29407,29411,29388,29390
1691848800,29390,29430,29390,29430
1691852400,29429,29433,29424,29425
1691856000,29425,29465,29425,29446
1691859600,29445,29446,29419,29420
1691863200,29420,29425,29405,29412
1691866800,29412,29412,29398,29403
1691870400,29401,29415,29399,29407
1691874000,29406,29406,29388,29400
1691877600,29400,29416,29400,29412
1691881200,29412,29416,29407,29415
1691884800,29415,29430,29398,29430
1691888400,29430,29436,29423,29436
1691892000,29436,29440,29434,29434
1691895600,29431,29431,29386,29398
1691899200,29396,29396,29371,29378
1691902800,29378,29378,29351,29369
1691906400,29369,29377,29365,29376
1691910000,29377,29384,29377,29381
1691913600,29380,29384,29372,29384
1691917200,29385,29393,29382,29388
1691920800,29388,29395,29386,29388
1691924400,29387,29388,29359,29363
1691928000,29363,29376,29345,29372
1691931600,29372,29373,29356,29359
1691935200,29359,29369,29354,29355
1691938800,29355,29359,29345,29352
1691942400,29350,29350,29314,29336
1691946000,29336,29391,29336,29380
1691949600,29382,29405,29370,29399
1691953200,29401,29443,29398,29422
1691956800,29422,29422,29395,29400
1691960400,29399,29402,29346,29347
1691964000,29348,29355,29254,29294
1691967600,29293,29314,29274,29284
1691971200,29280,29300,29225,29239
1691974800,29238,29275,29190,29241
1691978400,29228,29317,29086,29272
1691982000,29286,29386,29286,29363
1691985600,29378,29408,29358,29381
1691989200,29383,29416,29378,29416
1691992800,29416,29430,29375,29382
1691996400,29385,29398,29354,29386
1692000000,29386,29454,29386,29392
1692003600,29393,29397,29353,29375
1692007200,29377,29405,29367,29395
1692010800,29396,29396,29352,29379
1692014400,29377,29377,29313,29341
1692018000,29341,29356,29296,29343
1692021600,29344,29548,29344,29498
1692025200,29499,29627,29443,29565
1692028800,29575,29659,29575,29619
1692032400,29630,29643,29451,29463
1692036000,29454,29460,29229,29300
1692039600,29289,29355,29287,29323
1692043200,29329,29370,29297,29369
1692046800,29367,29377,29344,29368
1692050400,29372,29446,29367,29414
1692054000,29414,29422,29400,29408
1692057600,29408,29430,29375,29409
1692061200,29408,29422,29352,29380
1692064800,29378,29388,29343,29344
1692068400,29350,29367,29338,29364
1692072000,29362,29367,29339,29342
1692075600,29342,29354,29326,29327
1692079200,29327,29346,29315,29338
1692082800,29338,29388,29315,29373
1692086400,29372,29409,29360,29384
1692090000,29383,29410,29371,29381
1692093600,29382,29387,29355,29368
1692097200,29367,29368,29320,29328
1692100800,29328,29357,29321,29330
1692104400,29329,29375,29324,29331
1692108000,29331,29423,29301,29418
1692111600,29423,29455,29275,29292
1692115200,29288,29327,29226,29241
1692118800,29244,29300,29238,29300
1692122400,29300,29317,29265,29290
1692126000,29292,29292,29060,29149
1692129600,29147,29194,29108,29170
1692133200,29172,29205,29149,29198
1692136800,29195,29206,29153,29158
1692140400,29155,29189,29148,29172
1692144000,29171,29224,29169,29192
1692147600,29192,29215,29155,29212
1692151200,29217,29223,29187,29216
1692154800,29215,29219,29187,29188
1692158400,29191,29197,29170,29171
1692162000,29171,29172,29107,29108
1692165600,29115,29156,29082,29156
1692169200,29155,29178,29145,29160
1692172800,29162,29177,29128,29147
1692176400,29146,29147,29072,29131
1692180000,29131,29179,29130,29167
1692183600,29167,29167,29116,29132
1692187200,29127,29170,29017,29123
1692190800,29125,29150,29044,29059
1692194400,29050,29124,29021,29124
1692198000,29124,29149,29068,29075
1692201600,29074,29074,28918,29046
1692205200,29047,29135,29012,29135
1692208800,29134,29204,29079,29137
1692212400,29138,29138,29075,29078
1692216000,29079,29106,28820,28938
1692219600,28937,28937,28834,28900
1692223200,28903,28943,28870,28876
1692226800,28875,28875,28693,28701
1692230400,28692,28757,28300,28552
1692234000,28551,28605,28515,28605
1692237600,28605,28613,28544,28560
1692241200,28559,28660,28547,28625
1692244800,28627,28667,28578,28615
1692248400,28613,28640,28600,28639
1692252000,28640,28656,28619,28649
1692255600,28649,28649,28561,28582
1692259200,28584,28598,28519,28520
1692262800,28519,28581,28487,28553
1692266400,28557,28570,28466,28507
1692270000,28505,28528,28454,28503
1692273600,28504,28533,28401,28463
1692277200,28462,28510,28345,28358
1692280800,28358,28414,28255,28349
1692284400,28348,28453,27820,27896
1692288000,27899,28051,27683,27894
1692291600,27910,28005,27910,27948
1692295200,27943,27993,27834,27836
1692298800,27847,27938,27823,27852
1692302400,27855,27885,27502,27644
1692306000,27643,27696,26266,26401
1692309600,26488,26904,26298,26788
1692313200,26800,26996,26466,26642
1692316800,26632,26813,26595,26741
1692320400,26737,26758,26568,26618
1692324000,26612,26680,26471,26484
1692327600,26480,26514,26320,26403
1692331200,26399,26436,26172,26261
1692334800,26263,26527,26261,26442
1692338400,26442,26604,26439,26502
1692342000,26499,26519,26413,26413
1692345600,26414,26589,26412,26586
1692349200,26581,26600,26422,26445
1692352800,26448,26457,26381,26439
1692356400,26439,26500,26378,26478
1692360000,26480,26490,26312,26320
1692363600,26320,26367,26215,26221
1692367200,26236,26291,25975,25996
1692370800,25999,26231,25924,25970
1692374400,25974,26130,25767,25892
1692378000,25891,26090,25601,25997
1692381600,25997,26289,25906,26110
1692385200,26105,26121,25975,26046
1692388800,26045,26225,26028,26070
1692392400,26071,26166,26053,26053
1692396000,26051,26107,26035,26067
1692399600,26067,26092,26005,26051
1692403200,26051,26141,26015,26093
1692406800,26089,26096,26011,26011
1692410400,26010,26058,25994,25998
1692414000,25997,25997,25920,25959
1692417600,25958,26003,25916,25986
1692421200,25986,25989,25872,25884
1692424800,25875,25913,25823,25826
1692428400,25832,25912,25798,25908
1692432000,25912,25987,25892,25927
1692435600,25913,25952,25883,25939
1692439200,25939,25946,25891,25906
1692442800,25906,25931,25890,25898
1692446400,25897,25917,25871,25909
1692450000,25909,25968,25906,25917
1692453600,25921,26035,25916,25975
1692457200,25974,26216,25955,26210
1692460800,26197,26264,26114,26245
1692464400,26230,26230,26074,26084
1692468000,26084,26135,26027,26125
1692471600,26125,26158,26098,26126
1692475200,26126,26154,26035,26056
1692478800,26058,26088,26048,26083
1692482400,26076,26086,26048,26055
1692486000,26053,26115,26049,26097
1692489600,26097,26181,26079,26181
1692493200,26181,26200,26047,26071
1692496800,26067,26099,26048,26092
1692500400,26094,26131,26090,26104
1692504000,26104,26130,26099,26122
1692507600,26121,26154,26068,26090
1692511200,26089,26092,26049,26064
1692514800,26063,26090,26060,26089
1692518400,26088,26108,26057,26108
1692522000,26108,26140,26094,26140
1692525600,26139,26152,26117,26149
1692529200,26150,26188,26143,26179
1692532800,26180,26193,26140,26180
1692536400,26185,26210,26132,26138
1692540000,26139,26148,26066,26066
1692543600,26066,26131,25979,26107
1692547200,26105,26123,26010,26057
1692550800,26051,26152,26032,26116
1692554400,26126,26154,26111,26114
1692558000,26118,26143,26109,26138
1692561600,26137,26297,26137,26228
1692565200,26235,26242,26149,26179
1692568800,26181,26224,26181,26208
1692572400,26207,26209,26153,26192
1692576000,26193,26194,26122,26139
1692579600,26139,26165,26085,26121
1692583200,26138,26158,26078,26094
1692586800,26094,26106,26068,26090
1692590400,26088,26088,26043,26055
1692594000,26053,26174,26047,26095
1692597600,26100,26116,26020,26032
1692601200,26025,26040,25996,26016
1692604800,26013,26056,25978,26044
1692608400,26046,26077,25995,26018
1692612000,26017,26032,25884,25935
1692615600,25936,26033,25924,26026
1692619200,26026,26074,25990,25999
1692622800,25996,26134,25980,26123
1692626400,26134,26187,26058,26105
1692630000,26110,26130,25828,25941
1692633600,25944,26040,25938,26016
1692637200,26012,26068,26001,26051
1692640800,26056,26103,26024,26033
1692644400,26030,26155,26030,26100
1692648000,26098,26156,26088,26110
1692651600,26113,26240,26080,26196
1692655200,26192,26192,26130,26130
1692658800,26132,26149,26115,26125
1692662400,26125,26137,26091,26097
1692666000,26097,26106,26040,26040
1692669600,26042,26064,26036,26058
1692673200,26058,26066,26020,26050
1692676800,26049,26049,26000,26009
1692680400,26007,26040,25997,26038
1692684000,26040,26080,26023,26057
1692687600,26057,26105,26053,26093
1692691200,26097,26102,26045,26055
1692694800,26053,26075,26030,26044
1692698400,26042,26055,26020,26036
1692702000,26037,26059,26023,26047
1692705600,26043,26090,26040,26041
1692709200,26040,26051,25969,25995
1692712800,25992,26044,25949,25984
1692716400,25983,26014,25912,25929
1692720000,25918,26043,25790,26012
1692723600,26024,26024,25721,25822
1692727200,25822,25994,25766,25901
1692730800,25898,25950,25764,25770
1692734400,25776,25863,25776,25857
1692738000,25850,25889,25350,25674
1692741600,25660,25844,25639,25803
1692745200,25802,26049,25777,26042
1692748800,26048,26171,26022,26029
1692752400,26029,26069,25985,26041
1692756000,26047,26081,26023,26031
1692759600,26035,26066,25984,25999
1692763200,25994,26046,25972,26044
1692766800,26038,26043,25984,26041
1692770400,26042,26165,26030,26043
1692774000,26060,26115,26008,26051
1692777600,26051,26078,26019,26021
1692781200,26026,26044,26004,26031
1692784800,26030,26030,25952,25959
1692788400,25959,25959,25904,25926
1692792000,25926,25953,25828,25832
1692795600,25830,26019,25805,26006
1692799200,26010,26118,25916,26031
1692802800,26032,26167,26013,26130
1692806400,26134,26468,26119,26383
1692810000,26390,26598,26359,26539
1692813600,26531,26557,26430,26458
1692817200,26451,26800,26441,26626
1692820800,26619,26711,26536,26590
1692824400,26585,26618,26223,26322
1692828000,26319,26476,26299,26454
1692831600,26445,26532,26408,26431
1692835200,26429,26532,26424,26509
1692838800,26510,26523,26348,26348
1692842400,26348,26409,26348,26371
1692846000,26371,26441,26371,26438
1692849600,26435,26468,26408,26455
1692853200,26451,26477,26412,26416
1692856800,26415,26502,26390,26447
1692860400,26445,26488,26428,26472
1692864000,26476,26491,26418,26491
1692867600,26490,26562,26427,26432
1692871200,26432,26472,26408,26469
1692874800,26465,26525,26436,26436
1692878400,26438,26438,26372,26377
1692882000,26377,26409,26279,26341
1692885600,26339,26354,26065,26102
1692889200,26099,26155,25980,25980
1692892800,25987,26154,25983,26097
1692896400,26097,26109,25852,26041
1692900000,26041,26057,25966,26010
1692903600,26008,26127,25992,26016
1692907200,26025,26094,25926,26013
1692910800,26010,26086,26010,26086
1692914400,26086,26124,26077,26111
1692918000,26111,26188,26062,26168
1692921600,26169,26175,26109,26130
1692925200,26132,26146,26087,26138
1692928800,26138,26171,26111,26122
1692932400,26119,26131,26015,26101
1692936000,26102,26103,26019,26023
1692939600,26023,26072,26008,26056
1692943200,26050,26055,25985,26009
1692946800,26008,26057,25958,25962
1692950400,25969,26105,25955,26088
1692954000,26089,26111,26073,26074
1692957600,26073,26106,26066,26079
1692961200,26083,26105,26073,26091
1692964800,26092,26130,26090,26104
1692968400,26104,26224,26043,26054
1692972000,26051,26281,25748,25791
1692975600,25804,26012,25790,25930
1692979200,25916,26011,25893,25923
1692982800,25924,25969,25816,25872
1692986400,25871,26041,25864,26035
1692990000,26034,26046,25936,25956
1692993600,25945,26060,25939,26045
1692997200,26041,26068,26015,26068
1693000800,26063,26068,26030,26046
1693004400,26046,26050,26025,26048
1693008000,26050,26071,26028,26034
1693011600,26029,26065,26029,26037
1693015200,26037,26102,26037,26064
1693018800,26064,26077,26050,26073
1693022400,26072,26072,26049,26061
1693026000,26064,26064,26046,26050
1693029600,26050,26070,26041,26070
1693033200,26067,26071,26036,26039
1693036800,26037,26048,25995,26024
1693040400,26023,26024,26000,26002
1693044000,26002,26022,26000,26010
1693047600,26022,26030,26019,26030
1693051200,26029,26030,25976,26011
1693054800,26012,26024,26010,26024
1693058400,26024,26046,26014,26046
1693062000,26046,26052,26041,26042
1693065600,26043,26048,26008,26032
1693069200,26031,26031,26002,26021
1693072800,26020,26020,26001,26011
1693076400,26011,26030,26008,26028
1693080000,26026,26030,26011,26023
1693083600,26018,26027,26008,26027
1693087200,26027,26030,26021,26022
1693090800,26022,26024,25985,26008
1693094400,26007,26015,25990,25992
1693098000,25991,26003,25962,25983
1693101600,25983,26002,25983,25990
1693105200,25990,26008,25989,26007
1693108800,26008,26024,26008,26024
1693112400,26024,26030,26016,26022
1693116000,26025,26036,26020,26030
1693119600,26030,26036,26029,26030
1693123200,26035,26052,26024,26044
1693126800,26047,26058,26037,26058
1693130400,26058,26074,26058,26073
1693134000,26070,26070,26052,26053
1693137600,26053,26065,26048,26064
1693141200,26066,26074,26058,26070
1693144800,26071,26155,26071,26139
1693148400,26139,26152,26106,26106
1693152000,26106,26156,26106,26156
1693155600,26154,26168,26046,26053
1693159200,26052,26099,26039,26096
1693162800,26097,26141,26088,26115
1693166400,26113,26116,26079,26088
1693170000,26080,26115,26036,26060
1693173600,26060,26081,26038,26081
1693177200,26078,26099,26059,26090
1693180800,26087,26092,25983,26021
1693184400,26011,26046,25987,26014
1693188000,26009,26046,26005,26020
1693191600,26014,26038,26000,26000
1693195200,25999,26025,25998,26014
1693198800,26014,26019,25880,25953
1693202400,25950,25974,25921,25932
1693206000,25932,25939,25881,25921
1693209600,25921,25962,25908,25953
1693213200,25951,25952,25856,25917
1693216800,25917,25943,25899,25933
1693220400,25931,25985,25928,25984
1693224000,25986,26223,25972,26122
1693227600,26124,26138,26078,26088
1693231200,26090,26137,26071,26122
1693234800,26124,26164,26046,26085
1693238400,26088,26140,26083,26134
1693242000,26137,26171,26125,26130
1693245600,26130,26135,26090,26134
1693249200,26134,26140,25915,25976
1693252800,25975,26005,25963,25979
1693256400,25979,25998,25947,25973
1693260000,25970,26046,25969,26045
1693263600,26045,26151,26035,26103
1693267200,26103,26140,26068,26124
1693270800,26124,26181,26083,26092
1693274400,26092,26095,26065,26087
1693278000,26083,26087,26049,26070
1693281600,26064,26075,26033,26033
1693285200,26040,26068,26022,26047
1693288800,26044,26044,25996,25996
1693292400,25996,26030,25980,25995
1693296000,25985,25995,25943,25943
1693299600,25946,25974,25943,25974
1693303200,25973,25974,25913,25963
1693306800,25960,26022,25949,25961
1693310400,25961,26028,25949,26028
1693314000,26030,26077,25996,26034
1693317600,26034,27723,26034,27527
1693321200,27524,27573,27290,27421
1693324800,27424,28142,27351,28003
1693328400,28006,28074,27803,27886
1693332000,27894,28018,27841,27985
1693335600,27985,28000,27837,27847
1693339200,27855,27885,27571,27598
1693342800,27578,27731,27576,27666
1693346400,27663,27700,27546,27642
1693350000,27642,27773,27578,27726
1693353600,27722,27757,27630,27631
1693357200,27629,27645,27483,27554
1693360800,27558,27560,27372,27405
1693364400,27405,27412,27298,27400
1693368000,27412,27441,27403,27441
1693371600,27439,27469,27438,27468
1693375200,27468,27468,27384,27387
1693378800,27388,27462,27383,27437
1693382400,27437,27491,27409,27471
1693386000,27468,27468,27318,27421
1693389600,27425,27448,27397,27436
1693393200,27436,27436,27334,27341
1693396800,27337,27416,27295,27350
1693400400,27344,27452,27187,27365
1693404000,27370,27418,27019,27108
1693407600,27113,27284,27006,27204
1693411200,27197,27212,27045,27152
1693414800,27153,27249,27116,27168
1693418400,27167,27281,27082,27275
1693422000,27271,27279,27174,27178
1693425600,27198,27279,27186,27250
1693429200,27258,27328,27252,27263
1693432800,27270,27322,27239,27240
1693436400,27236,27320,27230,27300
1693440000,27302,27302,27194,27220
1693443600,27218,27238,27183,27195
1693447200,27195,27233,27188,27191
1693450800,27191,27210,27180,27210
1693454400,27209,27265,27209,27253
1693458000,27250,27268,27219,27243
1693461600,27244,27275,27227,27249
1693465200,27249,27283,27236,27255
1693468800,27255,27268,27220,27230
1693472400,27231,27231,27192,27199
1693476000,27199,27217,27192,27205
1693479600,27203,27537,27201,27307
1693483200,27307,27308,27058,27194
1693486800,27193,27200,27078,27146
1693490400,27142,27182,27027,27175
1693494000,27172,27178,26814,26918
1693497600,26916,26921,26235,26238
1693501200,26238,26389,26143,26322
1693504800,26326,26385,26190,26285
1693508400,26283,26314,25946,26181
1693512000,26147,26188,25969,26007
1693515600,26012,26061,25683,26022
1693519200,26022,26051,25968,26037
1693522800,26041,26047,25920,25932
1693526400,25927,26046,25927,26035
1693530000,26044,26044,25975,25978
1693533600,25978,26077,25978,26049
1693537200,26049,26081,26027,26071
1693540800,26072,26083,26025,26033
1693544400,26033,26049,26012,26019
1693548000,26019,26032,25964,25988
1693551600,25984,26010,25974,25982
1693555200,25982,26004,25953,25972
1693558800,25972,26030,25963,26020
1693562400,26022,26030,25980,25992
1693566000,25990,26052,25974,26039
1693569600,26036,26134,25989,26049
1693573200,26049,26052,25873,25989
1693576800,25984,25990,25704,25711
1693580400,25710,25914,25585,25799
1693584000,25798,25939,25754,25768
1693587600,25770,25779,25333,25467
1693591200,25463,25793,25439,25637
1693594800,25639,25659,25574,25622
1693598400,25628,25890,25561,25758
1693602000,25755,25844,25727,25794
1693605600,25792,25814,25759,25759
1693609200,25759,25828,25753,25798
1693612800,25801,25832,25781,25783
1693616400,25783,25808,25767,25770
1693620000,25767,25789,25753,25753
1693623600,25753,25795,25753,25786
1693627200,25787,25797,25756,25769
1693630800,25770,25828,25770,25810
1693634400,25810,25821,25785,25794
1693638000,25794,25822,25775,25789
1693641600,25789,25796,25769,25779
1693645200,25777,25815,25772,25802
1693648800,25805,25847,25804,25829
1693652400,25831,25854,25792,25810
1693656000,25809,25833,25801,25809
1693659600,25806,25844,25787,25826
1693663200,25826,25887,25809,25864
1693666800,25864,25980,25864,25906
1693670400,25900,25937,25852,25859
1693674000,25861,25874,25813,25813
1693677600,25814,25822,25764,25812
1693681200,25812,25840,25801,25836
1693684800,25825,25844,25821,25844
1693688400,25844,25881,25839,25860
1693692000,25859,25865,25845,25863
1693695600,25863,25899,25856,25870
1693699200,25870,25873,25836,25865
1693702800,25865,25896,25856,25864
1693706400,25857,25879,25856,25861
1693710000,25861,25872,25853,25864
1693713600,25864,25882,25864,25878
1693717200,25876,25903,25875,25896
1693720800,25897,25936,25894,25906
1693724400,25908,25946,25905,25946
1693728000,25946,25946,25884,25885
1693731600,25885,25932,25878,25908
1693735200,25908,25930,25896,25930
1693738800,25930,25939,25910,25938
1693742400,25940,26071,25894,25901
1693746000,25898,25940,25828,25894
1693749600,25893,25935,25887,25926
1693753200,25922,25927,25855,25872
1693756800,25870,25893,25807,25848
1693760400,25834,25887,25829,25887
1693764000,25887,26012,25881,25930
1693767600,25935,26002,25931,26002
1693771200,26002,26112,25962,26044
1693774800,26052,26057,25956,25967
1693778400,25965,25984,25940,25951
1693782000,25958,25977,25934,25970
1693785600,25972,25974,25899,25906
1693789200,25902,25921,25878,25902
1693792800,25903,26002,25895,25981
1693796400,25981,26081,25973,25988
1693800000,25990,26005,25972,25981
1693803600,25980,25985,25937,25937
1693807200,25936,25977,25916,25960
1693810800,25958,25993,25952,25952
1693814400,25954,25996,25951,25972
1693818000,25972,25977,25911,25944
1693821600,25944,25954,25884,25903
1693825200,25904,25935,25869,25882
1693828800,25880,25891,25822,25851
1693832400,25846,25896,25835,25877
1693836000,25878,25899,25831,25845
1693839600,25837,25946,25729,25808
1693843200,25808,25858,25801,25850
1693846800,25853,25919,25839,25892
1693850400,25902,25935,25875,25907
1693854000,25906,25909,25848,25886
1693857600,25885,25904,25800,25828
1693861200,25830,25832,25646,25673
1693864800,25661,25785,25646,25769
1693868400,25765,25840,25756,25819
1693872000,25827,25831,25725,25760
1693875600,25753,25793,25733,25740
1693879200,25742,25743,25655,25656
1693882800,25656,25673,25547,25670
1693886400,25673,25704,25662,25682
1693890000,25682,25734,25676,25722
1693893600,25723,25729,25668,25673
1693897200,25676,25720,25670,25719
1693900800,25720,25775,25642,25696
1693904400,25698,25772,25683,25741
1693908000,25746,25788,25735,25738
1693911600,25741,25773,25729,25762
1693915200,25761,25813,25684,25807
1693918800,25807,25811,25723,25724
1693922400,25723,25751,25621,25694
1693926000,25694,25862,25661,25738
1693929600,25739,25819,25719,25742
1693933200,25734,25763,25692,25730
1693936800,25737,25751,25696,25731
1693940400,25731,25758,25672,25672
1693944000,25675,25733,25667,25703
1693947600,25706,25754,25702,25723
1693951200,25725,25760,25713,25758
1693954800,25757,25793,25757,25783
1693958400,25779,25820,25769,25793
1693962000,25795,25816,25769,25774
1693965600,25774,25837,25766,25835
1693969200,25835,25844,25769,25771
1693972800,25770,25778,25744,25745
1693976400,25750,25756,25729,25734
1693980000,25732,25772,25729,25761
1693983600,25762,25771,25713,25713
1693987200,25713,25749,25712,25739
1693990800,25742,25749,25703,25738
1693994400,25739,25757,25714,25719
1693998000,25719,25760,25711,25722
1694001600,25718,25736,25687,25711
1694005200,25705,25754,25674,25724
1694008800,25724,25724,25528,25598
1694012400,25586,25637,25541,25578
1694016000,25579,25625,25541,25583
1694019600,25584,26000,25386,25859
1694023200,25846,25952,25582,25617
1694026800,25613,25710,25575,25659
1694030400,25670,25701,25633,25665
1694034000,25663,25744,25653,25715
1694037600,25718,25760,25711,25733
1694041200,25733,25772,25722,25748
1694044800,25750,25760,25718,25743
1694048400,25747,25766,25709,25736
1694052000,25733,25769,25720,25739
1694055600,25739,25816,25739,25816
1694059200,25816,25828,25779,25807
1694062800,25803,25808,25766,25777
1694066400,25778,25784,25754,25754
1694070000,25751,25760,25735,25758
1694073600,25755,25755,25725,25731
1694077200,25732,25749,25725,25725
1694080800,25726,25738,25707,25732
1694084400,25732,25738,25677,25692
1694088000,25690,25703,25624,25642
1694091600,25647,25744,25609,25624
1694095200,25627,25748,25600,25748
1694098800,25748,25813,25725,25760
1694102400,25755,25941,25755,25813
1694106000,25814,25946,25788,25918
1694109600,25929,25957,25847,25887
1694113200,25893,25900,25826,25886
1694116800,25871,26012,25844,25994
1694120400,26012,26400,26004,26157
1694124000,26178,26417,26178,26327
1694127600,26323,26357,26139,26245
1694131200,26256,26429,26226,26360
1694134800,26364,26390,26244,26244
1694138400,26241,26277,26201,26259
1694142000,26267,26273,26214,26252
1694145600,26255,26372,26255,26342
1694149200,26348,26368,26233,26234
1694152800,26233,26248,26193,26211
1694156400,26215,26275,26215,26249
1694160000,26249,26261,26178,26188
1694163600,26187,26187,26040,26040
1694167200,26041,26041,25652,25823
1694170800,25822,25875,25813,25829
1694174400,25828,25893,25791,25844
1694178000,25843,25940,25813,25875
1694181600,25878,25935,25826,25826
1694185200,25831,25894,25831,25836
1694188800,25832,25864,25729,25787
1694192400,25781,25834,25742,25822
1694196000,25818,25829,25766,25793
1694199600,25787,25885,25772,25885
1694203200,25886,25900,25849,25900
1694206800,25900,25918,25865,25891
1694210400,25891,25911,25887,25904
1694214000,25904,25927,25891,25908
1694217600,25908,25908,25862,25863
1694221200,25863,25894,25857,25866
1694224800,25868,25883,25849,25883
1694228400,25884,25884,25860,25867
1694232000,25869,25870,25854,25864
1694235600,25864,25879,25835,25836
1694239200,25836,25871,25836,25871
1694242800,25871,25884,25864,25876
1694246400,25876,25893,25862,25864
1694250000,25864,25893,25862,25879
1694253600,25888,25888,25856,25861
1694257200,25864,25868,25850,25859
1694260800,25863,25864,25847,25851
1694264400,25850,25866,25801,25818
1694268000,25819,25853,25811,25849
1694271600,25843,25908,25843,25886
1694275200,25889,25927,25878,25892
1694278800,25893,25900,25871,25879
1694282400,25874,25875,25847,25860
1694286000,25863,25871,25852,25867
1694289600,25866,25878,25851,25851
1694293200,25858,25889,25855,25887
1694296800,25887,25903,25877,25903
1694300400,25903,25908,25883,25899
1694304000,25899,25899,25859,25867
1694307600,25863,25863,25834,25847
1694311200,25847,25855,25839,25851
1694314800,25853,25865,25828,25857
1694318400,25855,25858,25755,25825
1694322000,25824,25847,25801,25845
1694325600,25842,25862,25836,25847
1694329200,25849,25865,25845,25851
1694332800,25846,25862,25824,25857
1694336400,25857,25860,25822,25825
1694340000,25826,25835,25806,25806
1694343600,25806,25820,25797,25797
1694347200,25795,25815,25791,25796
1694350800,25797,25819,25766,25808
1694354400,25809,25813,25754,25768
1694358000,25770,25787,25717,25768
1694361600,25764,25785,25657,25782
1694365200,25782,25782,25674,25693
1694368800,25688,25744,25688,25722
1694372400,25726,25840,25588,25793
1694376000,25790,25900,25769,25810
1694379600,25813,25890,25808,25889
1694383200,25890,26018,25844,25846
1694386800,25846,25860,25815,25836
1694390400,25839,25870,25670,25721
1694394000,25721,25744,25667,25690
1694397600,25678,25735,25661,25731
1694401200,25727,25772,25727,25731
1694404800,25729,25774,25716,25770
1694408400,25775,25875,25765,25875
1694412000,25876,25881,25816,25829
1694415600,25829,25836,25792,25807
1694419200,25806,25819,25752,25797
1694422800,25795,25802,25662,25730
1694426400,25731,25734,25594,25700
1694430000,25705,25714,25591,25595
1694433600,25595,25705,25587,25705
1694437200,25706,25738,25595,25609
1694440800,25604,25622,25002,25122
1694444400,25141,25192,24957,25106
1694448000,25100,25229,25094,25175
1694451600,25178,25210,25053,25210
1694455200,25204,25213,25146,25156
1694458800,25153,25160,24990,25005
1694462400,25010,25114,24920,25088
1694466000,25089,25206,25070,25137
1694469600,25140,25186,25115,25138
1694473200,25138,25169,25081,25155
1694476800,25157,25224,25136,25199
1694480400,25200,25209,25129,25146
1694484000,25140,25214,25135,25206
1694487600,25206,25924,25206,25788
1694491200,25794,25952,25744,25747
1694494800,25744,25765,25616,25765
1694498400,25768,25842,25714,25758
1694502000,25769,25866,25726,25820
1694505600,25818,25861,25723,25763
1694509200,25763,25867,25738,25854
1694512800,25867,26298,25832,26155
1694516400,26167,26169,26027,26086
1694520000,26096,26199,26091,26120
1694523600,26115,26316,26037,26288
1694527200,26283,26373,26058,26129
1694530800,26122,26231,26111,26208
1694534400,26212,26529,26080,26105
1694538000,26101,26164,25909,25909
1694541600,25907,26015,25893,25983
1694545200,25993,26240,25993,26071
1694548800,26071,26117,26062,26073
1694552400,26069,26150,26063,26105
1694556000,26093,26093,25935,25972
1694559600,25967,25973,25822,25844
1694563200,25842,25980,25762,25917
1694566800,25916,25962,25904,25949
1694570400,25942,25966,25901,25904
1694574000,25912,25918,25840,25874
1694577600,25877,25942,25862,25926
1694581200,25917,25927,25852,25895
1694584800,25894,25973,25864,25955
1694588400,25958,26093,25856,25871
1694592000,25867,25960,25867,25949
1694595600,25948,26183,25928,26151
1694599200,26151,26206,26094,26145
1694602800,26150,26232,26107,26186
1694606400,26192,26246,26040,26211
1694610000,26214,26218,26088,26129
1694613600,26137,26330,26074,26220
1694617200,26216,26380,26191,26252
1694620800,26244,26395,26210,26287
1694624400,26284,26360,26088,26099
1694628000,26113,26166,26090,26116
1694631600,26110,26203,26059,26146
1694635200,26150,26256,26146,26224
1694638800,26224,26275,26210,26239
1694642400,26238,26308,26233,26251
1694646000,26250,26270,26206,26226
1694649600,26229,26522,26190,26522
1694653200,26500,26535,26143,26181
1694656800,26180,26298,26179,26283
1694660400,26275,26301,26256,26270
1694664000,26271,26285,26200,26218
1694667600,26209,26247,26168,26194
1694671200,26192,26292,26192,26292
1694674800,26303,26373,26266,26343
1694678400,26338,26356,26284,26312
1694682000,26307,26309,26269,26286
1694685600,26289,26332,26281,26332
1694689200,26332,26473,26325,26450
1694692800,26472,26583,26354,26464
1694696400,26466,26762,26462,26598
1694700000,26595,26757,26529,26736
1694703600,26755,26797,26597,26697
1694707200,26705,26741,26559,26625
1694710800,26626,26678,26574,26654
1694714400,26660,26849,26591,26591
1694718000,26591,26699,26571,26689
1694721600,26693,26726,26568,26579
1694725200,26576,26623,26500,26543
1694728800,26549,26637,26521,26617
1694732400,26615,26637,26510,26529
1694736000,26529,26560,26484,26492
1694739600,26491,26519,26461,26510
1694743200,26512,26611,26506,26611
1694746800,26611,26621,26580,26621
1694750400,26623,26656,26606,26644
1694754000,26639,26647,26586,26591
1694757600,26583,26611,26566,26583
1694761200,26582,26601,26559,26574
1694764800,26574,26641,26551,26639
1694768400,26639,26683,26587,26623
1694772000,26618,26653,26606,26645
1694775600,26645,26647,26389,26427
1694779200,26426,26471,26346,26369
1694782800,26369,26523,26369,26376
1694786400,26374,26411,26228,26238
1694790000,26241,26326,26228,26322
1694793600,26320,26386,26315,26382
1694797200,26372,26380,26319,26344
1694800800,26344,26406,26335,26352
1694804400,26352,26449,26346,26404
1694808000,26407,26446,26379,26419
1694811600,26420,26500,26417,26472
1694815200,26476,26833,26476,26775
1694818800,26775,26878,26592,26607
1694822400,26609,26675,26579,26642
1694826000,26641,26695,26606,26660
1694829600,26660,26767,26656,26681
1694833200,26689,26705,26618,26627
1694836800,26624,26627,26559,26562
1694840400,26566,26586,26528,26550
1694844000,26547,26547,26479,26492
1694847600,26492,26515,26486,26503
1694851200,26502,26538,26478,26516
1694854800,26521,26579,26511,26511
1694858400,26510,26548,26459,26548
1694862000,26547,26548,26497,26520
1694865600,26522,26579,26504,26549
1694869200,26561,26576,26529,26561
1694872800,26561,26571,26502,26512
1694876400,26507,26547,26498,26519
1694880000,26519,26542,26510,26539
1694883600,26537,26619,26523,26577
1694887200,26575,26620,26563,26581
1694890800,26581,26593,26517,26545
1694894400,26538,26570,26531,26538
1694898000,26537,26583,26535,26580
1694901600,26580,26583,26567,26570
1694905200,26569,26582,26523,26571
1694908800,26571,26571,26444,26480
1694912400,26479,26519,26432,26504
1694916000,26505,26528,26498,26515
1694919600,26513,26538,26497,26535
1694923200,26535,26568,26515,26561
1694926800,26562,26567,26532,26544
1694930400,26548,26552,26528,26551
1694934000,26552,26554,26507,26508
1694937600,26508,26554,26503,26554
1694941200,26554,26583,26542,26581
1694944800,26581,26608,26572,26603
1694948400,26602,26618,26573,26577
1694952000,26579,26595,26567,26587
1694955600,26578,26579,26538,26546
1694959200,26552,26589,26539,26551
1694962800,26552,26602,26548,26559
1694966400,26559,26559,26509,26523
1694970000,26516,26532,26493,26494
1694973600,26493,26525,26479,26507
1694977200,26507,26525,26501,26512
1694980800,26512,26518,26436,26446
1694984400,26444,26500,26414,26492
1694988000,26490,26495,26451,26495
1694991600,26498,26535,26460,26535
1694995200,26533,26553,26382,26480
1694998800,26473,26494,26453,26469
1695002400,26467,26743,26467,26672
1695006000,26667,26686,26592,26662
1695009600,26666,26687,26579,26632
1695013200,26635,26687,26616,26657
1695016800,26655,26706,26638,26643
1695020400,26633,26793,26633,26715
1695024000,26718,26738,26684,26728
1695027600,26730,26926,26730,26888
1695031200,26901,27179,26901,27136
1695034800,27153,27238,27108,27206
1695038400,27206,27412,27170,27389
1695042000,27385,27422,27205,27262
1695045600,27268,27306,27153,27278
1695049200,27271,27361,27262,27284
1695052800,27281,27327,27214,27262
1695056400,27261,27283,26666,26770
1695060000,26767,26846,26648,26723
1695063600,26714,26947,26690,26831
1695067200,26830,26852,26749,26771
1695070800,26771,26845,26737,26845
1695074400,26844,26881,26798,26880
1695078000,26877,26877,26743,26770
1695081600,26766,26789,26682,26689
1695085200,26687,26744,26682,26713
1695088800,26697,26823,26694,26823
1695092400,26823,26839,26800,26829
1695096000,26825,26865,26816,26865
1695099600,26865,26868,26801,26805
1695103200,26798,26844,26767,26829
1695106800,26835,26888,26823,26854
1695110400,26861,27075,26861,27075
1695114000,27077,27459,27039,27292
1695117600,27309,27314,27069,27177
1695121200,27179,27235,27111,27235
1695124800,27238,27298,27085,27153
1695128400,27149,27210,26945,26983
1695132000,26976,27202,26900,27181
1695135600,27189,27484,27152,27429
1695139200,27450,27486,27254,27295
1695142800,27295,27296,27105,27158
1695146400,27157,27209,27100,27137
1695150000,27137,27214,27083,27199
1695153600,27198,27220,27129,27193
1695157200,27194,27194,27001,27157
1695160800,27169,27215,27103,27204
1695164400,27199,27232,27136,27214
1695168000,27220,27266,27155,27219
1695171600,27204,27353,27199,27341
1695175200,27353,27389,27158,27174
1695178800,27169,27206,27096,27127
1695182400,27119,27166,27082,27082
1695186000,27078,27108,27018,27034
1695189600,27032,27075,26954,27075
1695193200,27075,27130,27053,27114
1695196800,27114,27190,27095,27190
1695200400,27190,27192,26962,27044
1695204000,27059,27078,26958,27072
1695207600,27082,27121,27068,27106
1695211200,27101,27130,27007,27075
1695214800,27070,27189,27028,27168
1695218400,27168,27232,27063,27131
1695222000,27127,27202,27104,27188
1695225600,27188,27211,27144,27165
1695229200,27173,27271,27167,27201
1695232800,27204,27297,27104,27172
1695236400,27175,27201,26852,26945
1695240000,26950,27089,26933,27089
1695243600,27089,27235,27068,27107
1695247200,27118,27128,27057,27101
1695250800,27098,27158,27078,27128
1695254400,27124,27177,27040,27042
1695258000,27043,27058,26984,27030
1695261600,27030,27058,26944,26973
1695265200,26976,27035,26971,27035
1695268800,27038,27101,26996,27098
1695272400,27099,27099,27036,27078
1695276000,27073,27076,27008,27076
1695279600,27073,27075,26988,26992
1695283200,26993,27017,26920,26932
1695286800,26925,26946,26695,26741
1695290400,26738,26794,26643,26643
1695294000,26649,26778,26633,26732
1695297600,26732,26777,26579,26639
1695301200,26631,26650,26379,26416
1695304800,26419,26579,26376,26578
1695308400,26579,26653,26541,26583
1695312000,26582,26600,26542,26580
1695315600,26576,26685,26576,26652
1695319200,26646,26682,26609,26613
1695322800,26608,26624,26563,26602
1695326400,26588,26609,26522,26602
1695330000,26602,26631,26566,26615
1695333600,26617,26617,26557,26592
1695337200,26594,26616,26556,26563
1695340800,26568,26643,26479,26642
1695344400,26643,26660,26574,26635
1695348000,26637,26645,26563,26567
1695351600,26570,26633,26560,26629
1695355200,26634,26656,26619,26646
1695358800,26645,26658,26607,26657
1695362400,26659,26675,26603,26615
1695366000,26614,26695,26576,26670
1695369600,26677,26733,26666,26675
1695373200,26675,26675,26625,26638
1695376800,26638,26662,26591,26595
1695380400,26595,26653,26595,26640
1695384000,26640,26657,26586,26588
1695387600,26588,26614,26557,26605
1695391200,26605,26682,26595,26675
1695394800,26680,26689,26628,26631
1695398400,26630,26647,26583,26597
1695402000,26596,26629,26538,26578
1695405600,26577,26611,26538,26598
1695409200,26600,26631,26536,26536
1695412800,26542,26566,26509,26527
1695416400,26538,26575,26493,26572
1695420000,26572,26583,26548,26581
1695423600,26583,26595,26554,26581
1695427200,26577,26610,26569,26607
1695430800,26607,26607,26560,26583
1695434400,26583,26586,26548,26550
1695438000,26552,26562,26530,26537
1695441600,26531,26554,26519,26547
1695445200,26554,26560,26543,26545
1695448800,26545,26579,26545,26579
1695452400,26579,26586,26542,26579
1695456000,26579,26592,26563,26575
1695459600,26573,26585,26559,26579
1695463200,26583,26586,26573,26578
1695466800,26572,26582,26562,26578
1695470400,26579,26592,26567,26582
1695474000,26584,26589,26562,26581
1695477600,26575,26583,26563,26572
1695481200,26572,26579,26557,26579
1695484800,26579,26605,26562,26605
1695488400,26605,26605,26580,26601
1695492000,26602,26634,26601,26620
1695495600,26620,26621,26605,26613
1695499200,26613,26620,26592,26593
1695502800,26593,26602,26568,26575
1695506400,26574,26587,26567,26568
1695510000,26571,26585,26567,26583
1695513600,26582,26589,26567,26574
1695517200,26574,26589,26567,26588
1695520800,26588,26589,26582,26589
1695524400,26589,26590,26570,26574
1695528000,26573,26578,26567,26573
1695531600,26573,26578,26557,26563
1695535200,26563,26568,26555,26557
1695538800,26557,26567,26545,26567
1695542400,26567,26589,26562,26589
1695546000,26589,26611,26589,26591
1695549600,26595,26595,26576,26583
1695553200,26584,26618,26575,26600
1695556800,26601,26613,26591,26610
1695560400,26610,26621,26595,26598
1695564000,26598,26598,26586,26592
1695567600,26593,26598,26568,26582
1695571200,26582,26583,26568,26580
1695574800,26580,26704,26571,26677
1695578400,26685,26730,26439,26595
1695582000,26589,26595,26359,26458
1695585600,26455,26509,26414,26507
1695589200,26506,26520,26459,26520
1695592800,26518,26519,26474,26496
1695596400,26493,26493,26148,26248
1695600000,26215,26244,26008,26244
1695603600,26244,26329,26166,26168
1695607200,26165,26249,26155,26210
1695610800,26205,26237,26155,26155
1695614400,26156,26191,26112,26143
1695618000,26142,26145,26074,26105
1695621600,26111,26164,26041,26133
1695625200,26135,26181,26095,26181
1695628800,26181,26210,26105,26130
1695632400,26131,26141,26045,26063
1695636000,26059,26108,26047,26091
1695639600,26090,26106,26018,26067
1695643200,26066,26109,25977,26093
1695646800,26096,26184,26077,26150
1695650400,26154,26174,26108,26128
1695654000,26128,26290,26121,26235
1695657600,26243,26414,26243,26326
1695661200,26322,26369,26228,26358
1695664800,26356,26382,26315,26332
1695668400,26336,26348,26270,26331
1695672000,26335,26436,26281,26284
1695675600,26289,26312,26266,26279
1695679200,26281,26291,26269,26280
1695682800,26280,26313,26266,26297
1695686400,26298,26303,26249,26260
1695690000,26261,26294,26231,26288
1695693600,26288,26357,26281,26356
1695697200,26357,26386,26345,26354
1695700800,26352,26360,26330,26340
1695704400,26340,26347,26307,26319
1695708000,26317,26332,26272,26285
1695711600,26279,26286,26253,26264
1695715200,26265,26278,26250,26268
1695718800,26268,26319,26226,26265
1695722400,26267,26273,26221,26241
1695726000,26240,26275,26188,26266
1695729600,26266,26296,26193,26207
1695733200,26197,26244,26143,26170
1695736800,26178,26202,26108,26185
1695740400,26189,26189,26085,26116
1695744000,26116,26278,26105,26209
1695747600,26210,26255,26140,26164
1695751200,26163,26193,26130,26173
1695754800,26173,26263,26160,26240
1695758400,26232,26269,26129,26154
1695762000,26154,26181,26093,26151
1695765600,26151,26197,26140,26146
1695769200,26146,26226,26140,26208
1695772800,26203,26244,26195,26244
1695776400,26244,26250,26194,26247
1695780000,26250,26261,26209,26214
1695783600,26214,26272,26214,26266
1695787200,26271,26273,26232,26235
1695790800,26238,26249,26221,26241
1695794400,26246,26258,26223,26246
1695798000,26243,26252,26224,26232
1695801600,26226,26248,26210,26245
1695805200,26246,26376,26236,26376
1695808800,26378,26465,26347,26427
1695812400,26425,26817,26425,26749
1695816000,26759,26823,26673,26702
1695819600,26712,26791,26554,26610
1695823200,26609,26615,26156,26178
1695826800,26171,26304,26155,26277
1695830400,26280,26291,26206,26221
1695834000,26214,26253,26143,26204
1695837600,26193,26268,26095,26233
1695841200,26231,26276,26230,26241
1695844800,26239,26272,26208,26238
1695848400,26242,26278,26229,26261
1695852000,26264,26329,26264,26322
1695855600,26322,26375,26284,26361
1695859200,26361,26537,26344,26429
1695862800,26422,26439,26341,26430
1695866400,26427,26503,26347,26364
1695870000,26368,26373,26327,26360
1695873600,26361,26441,26325,26426
1695877200,26425,26462,26391,26428
1695880800,26430,26455,26389,26451
1695884400,26449,26479,26416,26434
1695888000,26440,26447,26382,26388
1695891600,26384,26423,26373,26410
1695895200,26410,26584,26397,26537
1695898800,26537,26564,26424,26454
1695902400,26455,26548,26450,26458
1695906000,26459,26560,26446,26560
1695909600,26560,26901,26540,26788
1695913200,26814,27038,26782,27006
1695916800,27027,27297,27027,27060
1695920400,27081,27197,27068,27159
1695924000,27158,27238,26892,26971
1695927600,26974,27160,26922,27103
1695931200,27094,27170,27049,27098
1695934800,27092,27105,26917,27019
1695938400,27019,27055,26954,27016
1695942000,27016,27073,27002,27026
1695945600,27029,27124,26987,27070
1695949200,27070,27112,27004,27059
1695952800,27048,27092,26875,26902
1695956400,26893,26964,26885,26961
1695960000,26960,26977,26901,26972
1695963600,26974,26987,26952,26978
1695967200,26978,27072,26952,27072
1695970800,27071,27235,27037,27179
1695974400,27175,27175,26997,27000
1695978000,27007,27086,26971,27035
1695981600,27036,27065,27011,27034
1695985200,27033,27067,26965,26968
1695988800,26970,27007,26900,26996
1695992400,26990,27043,26891,26891
1695996000,26892,27091,26682,26903
1695999600,26903,26934,26794,26878
1696003200,26887,26904,26808,26867
1696006800,26871,26886,26826,26841
1696010400,26841,26940,26755,26920
1696014000,26930,26955,26892,26918
1696017600,26920,26973,26871,26907
1696021200,26910,26919,26871,26875
1696024800,26875,26915,26862,26886
1696028400,26889,26929,26874,26911
1696032000,26910,26955,26889,26938
1696035600,26938,26942,26901,26901
1696039200,26899,26921,26884,26914
1696042800,26911,26935,26896,26924
1696046400,26924,26946,26916,26927
1696050000,26930,26954,26924,26935
1696053600,26934,26952,26929,26932
1696057200,26929,26958,26926,26935
1696060800,26937,26943,26926,26937
1696064400,26939,26961,26932,26956
1696068000,26958,26988,26958,26981
1696071600,26983,26996,26936,26937
1696075200,26941,26957,26934,26934
1696078800,26933,26978,26917,26978
1696082400,26978,27002,26962,26998
1696086000,26998,27091,26986,27001
1696089600,26998,27093,26986,27029
1696093200,27027,27037,26983,27026
1696096800,27026,27026,26998,27011
1696100400,27010,27041,27000,27031
1696104000,27031,27082,27029,27072
1696107600,27072,27088,26963,27008
1696111200,27002,27038,26986,27019
1696114800,27015,27020,26964,26966
1696118400,26965,27002,26959,26998
1696122000,26999,27035,26984,27028
1696125600,27028,27052,27026,27030
1696129200,27031,27049,27018,27049
1696132800,27049,27049,27030,27049
1696136400,27049,27075,27049,27075
1696140000,27075,27137,27075,27137
1696143600,27137,27157,27109,27119
1696147200,27118,27157,27104,27142
1696150800,27148,27228,27148,27226
1696154400,27223,27286,27177,27214
1696158000,27213,27244,27177,27200
1696161600,27199,27205,27138,27198
1696165200,27198,27200,27157,27191
1696168800,27194,27237,27098,27126
1696172400,27131,27153,27112,27153
1696176000,27151,27156,27093,27114
1696179600,27119,27143,27050,27079
1696183200,27075,27104,27068,27101
1696186800,27095,27111,27082,27109
1696190400,27109,27147,27044,27114
1696194000,27115,27186,27097,27186
1696197600,27181,28053,27162,27984
1696201200,27997,28017,27866,27995
1696204800,27995,28051,27885,27932
1696208400,27935,27979,27833,27923
1696212000,27924,28012,27906,27993
1696215600,27999,28204,27962,28126
1696219200,28137,28159,28030,28072
1696222800,28075,28116,27940,27994
1696226400,27987,28107,27974,28100
1696230000,28100,28451,28100,28317
1696233600,28327,28492,28262,28299
1696237200,28297,28339,28261,28301
1696240800,28300,28357,28291,28320
1696244400,28323,28379,28203,28216
1696248000,28212,28369,28212,28349
1696251600,28340,28550,28315,28550
1696255200,28553,28592,28216,28316
1696258800,28319,28423,28006,28071
1696262400,28023,28142,27876,28005
1696266000,27999,28123,27915,28062
1696269600,28063,28108,27677,27801
1696273200,27776,27975,27650,27975
1696276800,27956,27961,27829,27844
1696280400,27849,27877,27333,27487
1696284000,27441,27566,27376,27566
1696287600,27550,27627,27483,27507
1696291200,27509,27572,27409,27436
1696294800,27428,27568,27392,27561
1696298400,27556,27607,27520,27587
1696302000,27586,27636,27542,27597
1696305600,27605,27642,27552,27632
1696309200,27629,27632,27576,27576
1696312800,27572,27670,27565,27640
1696316400,27640,27657,27530,27542
1696320000,27543,27641,27543,27600
1696323600,27598,27623,27552,27555
1696327200,27555,27638,27555,27628
1696330800,27634,27640,27480,27565
1696334400,27560,27565,27434,27470
1696338000,27474,27580,27395,27555
1696341600,27550,27550,27272,27350
1696345200,27339,27409,27241,27349
1696348800,27332,27444,27318,27384
1696352400,27393,27482,27382,27437
1696356000,27432,27441,27300,27300
1696359600,27296,27421,27259,27267
1696363200,27280,27403,27170,27398
1696366800,27403,27453,27367,27405
1696370400,27403,27415,27281,27411
1696374000,27410,27468,27390,27435
1696377600,27431,27442,27221,27315
1696381200,27314,27356,27262,27343
1696384800,27335,27500,27308,27413
1696388400,27422,27465,27411,27433
1696392000,27425,27425,27376,27404
1696395600,27379,27410,27357,27409
1696399200,27412,27418,27353,27416
1696402800,27425,27454,27407,27449
1696406400,27457,27567,27438,27520
1696410000,27520,27636,27510,27633
1696413600,27631,27640,27527,27534
1696417200,27528,27606,27527,27577
1696420800,27583,27633,27544,27577
1696424400,27577,27581,27418,27418
1696428000,27422,27460,27339,27381
1696431600,27378,27467,27363,27402
1696435200,27398,27593,27398,27519
1696438800,27534,27591,27507,27543
1696442400,27542,27627,27525,27627
1696446000,27627,27831,27536,27631
1696449600,27623,27733,27570,27660
1696453200,27654,27779,27650,27693
1696456800,27692,27776,27669,27754
1696460400,27761,27829,27761,27790
1696464000,27787,27890,27727,27816
1696467600,27813,27813,27701,27742
1696471200,27742,27749,27670,27687
1696474800,27687,27714,27660,27661
1696478400,27661,27694,27653,27690
1696482000,27701,27707,27647,27647
1696485600,27647,27669,27617,27665
1696489200,27660,27660,27560,27611
1696492800,27613,27670,27594,27654
1696496400,27653,27722,27639,27690
1696500000,27685,27744,27664,27738
1696503600,27745,27772,27710,27732
1696507200,27734,27766,27686,27733
1696510800,27734,28098,27730,28004
1696514400,28003,28125,27938,27979
1696518000,27978,27983,27425,27565
1696521600,27554,27618,27392,27450
1696525200,27448,27542,27369,27488
1696528800,27494,27545,27421,27507
1696532400,27504,27537,27436,27483
1696536000,27481,27518,27417,27478
1696539600,27479,27520,27457,27458
1696543200,27456,27479,27399,27444
1696546800,27445,27474,27410,27417
1696550400,27420,27471,27403,27461
1696554000,27460,27541,27460,27526
1696557600,27528,27590,27523,27546
1696561200,27554,27576,27539,27568
1696564800,27566,27573,27501,27531
1696568400,27531,27539,27484,27513
1696572000,27512,27528,27472,27497
1696575600,27497,27658,27489,27648
1696579200,27644,27670,27616,27629
1696582800,27633,27706,27601,27699
1696586400,27699,27801,27680,27681
1696590000,27685,27773,27631,27768
1696593600,27768,27770,27218,27249
1696597200,27262,27701,27185,27532
1696600800,27534,27709,27475,27676
1696604400,27682,28064,27644,27958
1696608000,27975,28040,27839,27891
1696611600,27897,28021,27809,27979
1696615200,27980,28010,27879,27924
1696618800,27909,28046,27895,27968
1696622400,27975,28035,27905,27998
1696626000,27997,28301,27942,28064
1696629600,28086,28146,27987,27987
1696633200,27989,27992,27898,27948
1696636800,27945,27974,27864,27937
1696640400,27943,27972,27893,27917
1696644000,27923,27935,27888,27892
1696647600,27889,27957,27889,27921
1696651200,27924,27952,27917,27933
1696654800,27937,27957,27906,27921
1696658400,27909,27932,27900,27912
1696662000,27918,27938,27904,27913
1696665600,27909,28027,27898,28024
1696669200,28024,28034,27957,27972
1696672800,27978,27981,27943,27968
1696676400,27962,28023,27954,27957
1696680000,27959,28001,27959,27977
1696683600,27975,27998,27923,27958
1696687200,27951,27970,27931,27970
1696690800,27969,27984,27925,27959
1696694400,27959,27977,27948,27960
1696698000,27965,27977,27926,27957
1696701600,27954,27970,27888,27903
1696705200,27910,27937,27876,27882
1696708800,27882,27937,27882,27937
1696712400,27937,27970,27925,27949
1696716000,27960,27973,27936,27971
1696719600,27971,27977,27961,27971
1696723200,27976,27992,27968,27983
1696726800,27985,28034,27965,28034
1696730400,28034,28101,28004,28033
1696734000,28028,28104,28018,28088
1696737600,28090,28095,27947,27962
1696741200,27951,27965,27909,27957
1696744800,27957,27970,27911,27916
1696748400,27913,27941,27905,27922
1696752000,27914,27947,27896,27932
1696755600,27933,27950,27867,27898
1696759200,27891,27915,27804,27837
1696762800,27830,27872,27826,27827
1696766400,27822,27888,27821,27830
1696770000,27826,28008,27715,27929
1696773600,27944,27983,27891,27953
1696777200,27950,27977,27896,27909
1696780800,27912,27959,27888,27931
1696784400,27934,27968,27891,27899
1696788000,27891,27893,27826,27893
1696791600,27896,27928,27893,27913
1696795200,27911,27940,27883,27923
1696798800,27922,27993,27911,27927
1696802400,27932,27953,27819,27931
1696806000,27940,27955,27910,27933
1696809600,27930,27935,27824,27850
1696813200,27836,27996,27816,27964
1696816800,27991,27994,27935,27954
1696820400,27953,27966,27927,27930
1696824000,27930,27958,27930,27947
1696827600,27942,27947,27876,27877
1696831200,27877,27928,27870,27918
1696834800,27912,27922,27829,27829
1696838400,27826,27844,27732,27761
1696842000,27750,27808,27481,27551
1696845600,27542,27610,27484,27538
1696849200,27536,27536,27423,27493
1696852800,27477,27550,27400,27451
1696856400,27438,27532,27389,27532
1696860000,27521,27580,27470,27497
1696863600,27503,27550,27442,27450
1696867200,27449,27548,27280,27403
1696870800,27401,27590,27364,27590
1696874400,27593,27749,27574,27574
1696878000,27574,27648,27550,27616
1696881600,27611,27656,27568,27577
1696885200,27577,27647,27568,27633
1696888800,27629,27648,27588,27599
1696892400,27594,27627,27579,27594
1696896000,27598,27636,27557,27569
1696899600,27563,27615,27507,27609
1696903200,27612,27704,27583,27687
1696906800,27691,27691,27637,27642
1696910400,27631,27639,27597,27609
1696914000,27610,27620,27587,27612
1696917600,27617,27663,27617,27663
1696921200,27663,27706,27650,27658
1696924800,27657,27733,27653,27679
1696928400,27685,27685,27650,27668
1696932000,27668,27683,27615,27615
1696935600,27618,27618,27507,27518
1696939200,27516,27536,27409,27429
1696942800,27424,27474,27349,27397
1696946400,27401,27622,27365,27445
1696950000,27439,27478,27353,27413
1696953600,27410,27519,27348,27446
1696957200,27442,27466,27349,27366
1696960800,27365,27397,27294,27347
1696964400,27345,27420,27317,27404
1696968000,27406,27433,27330,27407
1696971600,27405,27471,27386,27430
1696975200,27430,27471,27430,27446
1696978800,27451,27461,27384,27395
1696982400,27394,27472,27387,27466
1696986000,27466,27474,27422,27441
1696989600,27441,27442,27059,27127
1696993200,27122,27162,27019,27023
1696996800,27018,27130,26978,27130
1697000400,27123,27143,27068,27118
1697004000,27121,27121,27067,27068
1697007600,27074,27104,27025,27029
1697011200,27023,27113,27017,27108
1697014800,27107,27284,27091,27284
1697018400,27284,27328,27221,27280
1697022000,27280,27290,27183,27198
1697025600,27199,27264,27049,27162
1697029200,27171,27183,27078,27147
1697032800,27147,27162,27038,27084
1697036400,27092,27098,26746,26782
1697040000,26767,26786,26627,26669
1697043600,26672,26707,26533,26628
1697047200,26618,26693,26578,26679
1697050800,26676,26785,26665,26753
1697054400,26755,26776,26681,26715
1697058000,26714,26750,26670,26722
1697061600,26719,26791,26713,26780
1697065200,26781,26874,26741,26874
1697068800,26870,26877,26797,26798
1697072400,26797,26801,26734,26773
1697076000,26771,26933,26752,26899
1697079600,26906,26911,26826,26845
1697083200,26841,26845,26811,26816
1697086800,26817,26869,26781,26869
1697090400,26870,26910,26835,26868
1697094000,26868,26870,26804,26805
1697097600,26808,26812,26772,26796
1697101200,26794,26817,26666,26733
1697104800,26736,26774,26726,26753
1697108400,26753,26852,26719,26831
1697112000,26829,26849,26753,26823
1697115600,26815,26854,26681,26757
1697119200,26749,26765,26631,26694
1697122800,26690,26720,26618,26665
1697126400,26666,26785,26567,26668
1697130000,26667,26683,26545,26625
1697133600,26613,26718,26590,26646
1697137200,26646,26732,26617,26705
1697140800,26704,26746,26698,26737
1697144400,26743,26752,26704,26748
1697148000,26751,26762,26727,26751
1697151600,26745,26762,26703,26756
1697155200,26744,26849,26744,26825
1697158800,26823,26862,26784,26784
1697162400,26789,26801,26778,26801
1697166000,26800,26825,26765,26777
1697169600,26778,26800,26771,26799
1697173200,26799,26813,26774,26813
1697176800,26812,26845,26793,26800
1697180400,26805,26923,26805,26867
1697184000,26871,26890,26788,26788
1697187600,26803,26818,26733,26733
1697191200,26733,26780,26733,26766
1697194800,26771,26841,26771,26810
1697198400,26815,26932,26756,26920
1697202000,26927,26952,26830,26853
1697205600,26848,26850,26733,26750
1697209200,26749,26774,26675,26701
1697212800,26695,26791,26690,26787
1697216400,26789,26791,26675,26758
1697220000,26759,26777,26727,26741
1697223600,26736,26771,26717,26771
1697227200,26770,27065,26739,26975
1697230800,26978,27108,26847,27016
1697234400,27016,27071,26766,26835
1697238000,26834,26867,26771,26867
1697241600,26867,26898,26857,26895
1697245200,26898,26926,26845,26917
1697248800,26917,26933,26893,26903
1697252400,26902,26981,26902,26934
1697256000,26938,26938,26902,26908
1697259600,26912,26943,26891,26892
1697263200,26892,26902,26858,26863
1697266800,26862,26873,26846,26869
1697270400,26872,26886,26840,26869
1697274000,26875,26887,26870,26880
1697277600,26882,26901,26862,26881
1697281200,26881,26881,26852,26868
1697284800,26868,26891,26849,26891
1697288400,26891,26910,26884,26910
1697292000,26910,26910,26874,26887
1697295600,26887,26942,26882,26942
1697299200,26941,26946,26907,26930
1697302800,26927,26934,26889,26892
1697306400,26887,26893,26871,26876
1697310000,26875,26883,26855,26869
1697313600,26862,26866,26829,26850
1697317200,26850,26881,26800,26822
1697320800,26822,26852,26822,26852
1697324400,26852,26868,26851,26855
1697328000,26858,26860,26821,26853
1697331600,26856,26904,26849,26894
1697335200,26896,26904,26871,26884
1697338800,26890,26904,26879,26883
1697342400,26880,26893,26871,26888
1697346000,26890,26890,26878,26885
1697349600,26884,26884,26875,26882
1697353200,26881,26886,26874,26886
1697356800,26888,26907,26886,26907
1697360400,26906,26920,26900,26900
1697364000,26901,26902,26897,26897
1697367600,26898,26898,26858,26859
1697371200,26858,26858,26829,26842
1697374800,26842,26958,26814,26865
1697378400,26863,26916,26862,26878
1697382000,26879,26919,26859,26901
1697385600,26901,26926,26897,26926
1697389200,26926,27014,26923,26984
1697392800,26983,27056,26962,27055
1697396400,27055,27077,26991,27044
1697400000,27045,27234,27012,27205
1697403600,27215,27223,27093,27187
1697407200,27190,27299,27086,27113
1697410800,27104,27174,27053,27174
1697414400,27161,27199,27123,27137
1697418000,27159,27277,27151,27198
1697421600,27206,27286,27185,27197
1697425200,27203,27246,27168,27246
1697428800,27248,27278,27204,27259
1697432400,27259,27975,27259,27925
1697436000,27926,27961,27791,27827
1697439600,27816,27932,27794,27855
1697443200,27869,27915,27819,27820
1697446800,27819,27820,27660,27779
1697450400,27781,27798,27705,27780
1697454000,27779,27786,27687,27756
1697457600,27753,27900,27716,27900
1697461200,27900,29900,27742,28013
1697464800,28007,28383,27900,28192
1697468400,28206,28236,28049,28075
1697472000,28073,28190,28073,28099
1697475600,28098,28251,28098,28241
1697479200,28248,28601,28248,28575
1697482800,28579,28821,28398,28482
1697486400,28478,28647,28346,28410
1697490000,28416,28466,28260,28439
1697493600,28454,28576,28396,28527
1697497200,28525,28562,28456,28518
1697500800,28520,28565,28257,28297
1697504400,28293,28422,28287,28372
1697508000,28367,28415,28315,28388
1697511600,28386,28392,28265,28283
1697515200,28277,28277,28081,28200
1697518800,28201,28241,28163,28236
1697522400,28233,28264,28136,28252
1697526000,28244,28474,28227,28426
1697529600,28430,28526,28372,28447
1697533200,28466,28485,28384,28460
1697536800,28462,28612,28427,28522
1697540400,28523,28544,28434,28437
1697544000,28437,28489,28213,28223
1697547600,28222,28413,28156,28311
1697551200,28309,28516,28297,28485
1697554800,28483,28598,28455,28487
1697558400,28481,28619,28450,28608
1697562000,28601,28627,28387,28446
1697565600,28446,28508,28335,28378
1697569200,28371,28529,28371,28529
1697572800,28531,28546,28460,28460
1697576400,28456,28564,28429,28501
1697580000,28496,28498,28390,28426
1697583600,28436,28461,28401,28408
1697587200,28408,28447,28342,28392
1697590800,28392,28435,28344,28375
1697594400,28374,28513,28374,28491
1697598000,28495,28523,28465,28522
1697601600,28523,28984,28462,28735
1697605200,28748,28856,28657,28702
1697608800,28690,28749,28643,28690
1697612400,28681,28682,28502,28513
1697616000,28503,28575,28487,28570
1697619600,28574,28613,28247,28273
1697623200,28283,28423,28283,28390
1697626800,28386,28423,28347,28363
1697630400,28358,28430,28297,28344
1697634000,28327,28403,28280,28355
1697637600,28338,28370,28156,28200
1697641200,28199,28293,28174,28259
1697644800,28258,28403,28242,28360
1697648400,28357,28433,28337,28341
1697652000,28336,28380,28294,28308
1697655600,28304,28350,28257,28259
1697659200,28258,28312,28200,28262
1697662800,28255,28296,28227,28278
1697666400,28266,28355,28257,28355
1697670000,28355,28380,28313,28328
1697673600,28327,28400,28304,28394
1697677200,28391,28425,28138,28249
1697680800,28241,28273,28177,28215
1697684400,28218,28272,28208,28250
1697688000,28266,28291,28237,28290
1697691600,28290,28353,28277,28317
1697695200,28320,28333,28283,28289
1697698800,28296,28342,28254,28341
1697702400,28340,28379,28318,28337
1697706000,28325,28417,28301,28411
1697709600,28416,28516,28393,28486
1697713200,28494,28502,28420,28455
1697716800,28462,28574,28436,28504
1697720400,28488,28588,28445,28491
1697724000,28492,28767,28462,28699
1697727600,28700,28829,28592,28700
1697731200,28691,28916,28626,28636
1697734800,28637,28707,28481,28565
1697738400,28566,28708,28535,28661
1697742000,28662,28780,28662,28780
1697745600,28780,28881,28709,28725
1697749200,28714,28750,28620,28620
1697752800,28620,28716,28614,28668
1697756400,28663,28737,28649,28733
1697760000,28734,28792,28648,28659
1697763600,28659,28675,28595,28675
1697767200,28674,29117,28655,28987
1697770800,28999,29412,28940,29258
1697774400,29265,29363,29193,29331
1697778000,29346,29356,29146,29240
1697781600,29240,29300,29199,29300
1697785200,29301,29417,29247,29256
1697788800,29264,29857,29257,29747
1697792400,29753,29846,29676,29818
1697796000,29820,30233,29789,29885
1697799600,29871,30054,29821,29863
1697803200,29871,29936,29412,29536
1697806800,29541,29680,29484,29680
1697810400,29671,29739,29451,29615
1697814000,29610,29617,29506,29567
1697817600,29560,29600,29465,29505
1697821200,29491,29536,29341,29531
1697824800,29526,29566,29482,29501
1697828400,29500,29588,29419,29581
1697832000,29578,29659,29527,29604
1697835600,29600,29661,29593,29628
1697839200,29633,29685,29609,29682
1697842800,29673,29788,29673,29688
1697846400,29682,29716,29612,29648
1697850000,29648,29655,29537,29553
1697853600,29533,29553,29486,29503
1697857200,29502,29632,29483,29616
1697860800,29619,29635,29567,29569
1697864400,29571,29594,29556,29592
1697868000,29592,29732,29592,29722
1697871600,29715,29735,29672,29713
1697875200,29710,29730,29674,29682
1697878800,29672,29863,29654,29852
1697882400,29851,29877,29771,29784
1697886000,29783,29863,29773,29807
1697889600,29812,29835,29760,29782
1697893200,29781,29799,29699,29787
1697896800,29792,29914,29769,29894
1697900400,29897,29989,29792,29946
1697904000,29939,29969,29864,29882
1697907600,29881,30177,29865,30163
1697911200,30180,30364,29986,30221
1697914800,30221,30282,30051,30177
1697918400,30164,30179,29964,30017
1697922000,30025,30078,29991,30008
1697925600,30003,30052,29963,30016
1697929200,30014,30014,29863,29927
1697932800,29921,30011,29883,29984
1697936400,29995,30080,29883,29943
1697940000,29935,29935,29864,29885
1697943600,29878,29939,29864,29924
1697947200,29930,30008,29917,29972
1697950800,29986,30247,29984,30128
1697954400,30129,30221,30083,30091
1697958000,30088,30088,29678,29835
1697961600,29833,29894,29800,29860
1697965200,29848,30003,29840,29907
1697968800,29906,29970,29886,29918
1697972400,29919,29955,29857,29925
1697976000,29933,29964,29905,29915
1697979600,29906,29986,29906,29962
1697983200,29968,29968,29810,29894
1697986800,29893,29894,29810,29848
1697990400,29849,29895,29827,29885
1697994000,29880,29954,29880,29933
1697997600,29935,29949,29900,29900
1698001200,29899,29941,29842,29861
1698004800,29860,29893,29844,29863
1698008400,29868,29868,29736,29768
1698012000,29757,30047,29730,30040
1698015600,30044,30058,29933,30002
1698019200,30007,30159,29898,30131
1698022800,30143,30622,30091,30353
1698026400,30350,30402,30192,30390
1698030000,30390,30788,30298,30725
1698033600,30745,30852,30560,30683
1698037200,30656,30944,30607,30806
1698040800,30801,30988,30689,30689
1698044400,30689,30768,30439,30518
1698048000,30528,30718,30477,30700
1698051600,30700,30702,30361,30489
1698055200,30491,30585,30480,30574
1698058800,30571,30780,30563,30673
1698062400,30683,30764,30584,30671
1698066000,30676,30720,30407,30622
1698069600,30623,30851,30594,30778
1698073200,30809,30985,30773,30900
1698076800,30900,31307,30820,31234
1698080400,31245,31328,30884,31000
1698084000,31010,31201,30797,31189
1698087600,31201,31448,31100,31379
1698091200,31378,31823,31341,31546
1698094800,31551,31666,31446,31631
1698098400,31652,34283,31621,33308
1698102000,33304,33510,32586,33074
1698105600,33090,33748,32852,33525
1698109200,33539,34200,33482,34165
1698112800,34193,35198,34123,34554
1698116400,34552,34701,33923,34001
1698120000,34015,34517,34003,34401
1698123600,34371,34564,33825,33879
1698127200,33905,34097,33801,33966
1698130800,33963,34081,33693,34023
1698134400,34024,34205,33953,34132
1698138000,34129,34509,34053,34327
1698141600,34347,34480,34269,34446
1698145200,34457,34886,34431,34537
1698148800,34537,34820,34471,34587
1698152400,34590,34590,34134,34445
1698156000,34444,34470,34077,34426
1698159600,34424,34555,33258,33659
1698163200,33669,34336,33481,33932
1698166800,33921,34085,33785,33785
1698170400,33790,33867,33391,33850
1698174000,33835,33870,33655,33819
1698177600,33787,33950,33630,33662
1698181200,33630,34238,33498,34137
1698184800,34122,34205,33858,34155
1698188400,34153,34208,33722,33917
1698192000,33928,34034,33782,34026
1698195600,34011,34374,34005,34179
1698199200,34197,34209,33969,34010
1698202800,34018,34076,33939,34006
1698206400,34006,34201,33939,34198
1698210000,34139,34186,33915,34008
1698213600,34015,34188,34015,34133
1698217200,34134,34206,33686,33864
1698220800,33880,34018,33794,33955
1698224400,33955,34319,33904,34098
1698228000,34101,34248,34057,34248
1698231600,34254,34425,34172,34208
1698235200,34214,34431,34214,34340
1698238800,34340,34655,34303,34497
1698242400,34494,34818,34350,34787
1698246000,34784,35005,34651,34845
1698249600,34856,35138,34497,34497
1698253200,34504,34711,34423,34675
1698256800,34668,34743,34450,34675
1698260400,34664,34805,34553,34758
1698264000,34738,34847,34626,34685
1698267600,34678,34772,34535,34562
1698271200,34568,34673,34500,34607
1698274800,34614,34614,34276,34498
1698278400,34494,34697,34439,34676
1698282000,34665,34801,34655,34694
1698285600,34704,34801,34665,34756
1698289200,34762,34834,34723,34806
1698292800,34807,34827,34681,34703
1698296400,34710,34714,34526,34537
1698300000,34537,34643,34431,34634
1698303600,34631,34787,34562,34655
1698307200,34657,34748,34514,34537
1698310800,34533,34597,34423,34442
1698314400,34441,34461,34127,34294
1698318000,34279,34324,33976,34117
1698321600,34114,34344,34097,34271
1698325200,34289,34370,34184,34196
1698328800,34196,34353,33883,34204
1698332400,34211,34258,33850,34049
1698336000,34037,34082,33738,33748
1698339600,33745,33969,33745,33952
1698343200,33942,34099,33937,33979
1698346800,33974,34140,33907,34068
1698350400,34035,34210,34035,34203
1698354000,34194,34216,34074,34120
1698357600,34122,34253,34122,34243
1698361200,34254,34279,34142,34165
1698364800,34148,34177,33984,34028
1698368400,34021,34058,33796,33846
1698372000,33854,34147,33816,34087
1698375600,34092,34146,34044,34115
1698379200,34128,34180,34017,34104
1698382800,34094,34123,33985,34092
1698386400,34094,34245,34074,34245
1698390000,34230,34230,33947,33957
1698393600,33944,34131,33944,34094
1698397200,34104,34185,34088,34160
1698400800,34162,34180,34079,34080
1698404400,34079,34100,33976,34047
1698408000,34052,34200,33931,34132
1698411600,34132,34207,34098,34157
1698415200,34151,34173,33854,33906
1698418800,33908,34122,33837,34004
1698422400,34003,34040,33858,33876
1698426000,33871,33893,33466,33598
1698429600,33595,33684,33407,33600
1698433200,33609,33708,33603,33708
1698436800,33707,33869,33684,33840
1698440400,33839,33878,33783,33860
1698444000,33855,33882,33802,33823
1698447600,33824,33943,33795,33906
1698451200,33902,33935,33878,33904
1698454800,33904,33924,33879,33924
1698458400,33928,34131,33912,34081
1698462000,34099,34100,34025,34071
1698465600,34069,34094,34036,34094
1698469200,34093,34184,34083,34098
1698472800,34091,34123,34051,34063
1698476400,34078,34093,34048,34048
1698480000,34053,34110,34038,34100
1698483600,34099,34115,34062,34093
1698487200,34095,34112,34073,34104
1698490800,34106,34506,34101,34184
1698494400,34177,34219,33938,34028
1698498000,34022,34134,33944,34134
1698501600,34135,34161,34059,34101
1698505200,34101,34235,34083,34208
1698508800,34201,34204,34125,34151
1698512400,34151,34155,34084,34146
1698516000,34139,34226,34084,34173
1698519600,34172,34182,34124,34125
1698523200,34124,34151,34107,34135
1698526800,34135,34196,34133,34196
1698530400,34196,34196,34082,34118
1698534000,34113,34117,34078,34091
1698537600,34090,34109,34049,34081
1698541200,34085,34100,33966,34015
1698544800,34011,34033,33978,34033
1698548400,34031,34033,33971,33983
1698552000,33977,34049,33945,34028
1698555600,34026,34048,34006,34044
1698559200,34038,34135,34021,34097
1698562800,34094,34127,34070,34091
1698566400,34090,34260,34090,34251
1698570000,34262,34279,34181,34221
1698573600,34225,34228,34160,34175
1698577200,34186,34316,34170,34266
1698580800,34270,34420,34270,34420
1698584400,34423,34511,34340,34388
1698588000,34390,34509,34333,34498
1698591600,34496,34564,34409,34452
1698595200,34461,34463,34379,34409
1698598800,34410,34755,34384,34566
1698602400,34576,34755,34573,34698
1698606000,34679,34679,34539,34583
1698609600,34587,34648,34545,34587
1698613200,34589,34667,34422,34449
1698616800,34474,34731,34445,34724
1698620400,34715,34717,34481,34538
1698624000,34549,34618,34471,34477
1698627600,34471,34542,34431,34446
1698631200,34431,34432,34220,34338
1698634800,34337,34341,34252,34281
1698638400,34274,34363,34246,34330
1698642000,34329,34361,34243,34269
1698645600,34263,34324,34201,34298
1698649200,34311,34353,34139,34209
1698652800,34206,34439,34176,34406
1698656400,34393,34676,34391,34546
1698660000,34539,34582,34439,34551
1698663600,34561,34666,34479,34622
1698667200,34614,34860,34580,34617
1698670800,34618,34775,34518,34668
1698674400,34684,34851,34568,34627
1698678000,34618,34767,34617,34669
1698681600,34666,34666,34387,34475
1698685200,34478,34478,34095,34328
1698688800,34329,34369,34282,34329
1698692400,34341,34448,34304,34439
1698696000,34447,34456,34345,34438
1698699600,34442,34584,34396,34526
1698703200,34542,34550,34464,34485
1698706800,34477,34528,34467,34495
1698710400,34489,34613,34473,34525
1698714000,34525,34559,34421,34471
1698717600,34472,34482,34287,34365
1698721200,34363,34394,34221,34223
1698724800,34223,34291,34201,34252
1698728400,34251,34340,34184,34301
1698732000,34276,34357,34168,34263
1698735600,34261,34314,34107,34158
1698739200,34157,34423,34061,34419
1698742800,34394,34463,34363,34433
1698746400,34435,34467,34371,34444
1698750000,34448,34551,34407,34510
1698753600,34509,34531,34284,34308
1698757200,34313,34357,34160,34223
1698760800,34225,34375,34145,34330
1698764400,34342,34373,34170,34279
1698768000,34279,34514,34243,34439
1698771600,34441,34441,34365,34392
1698775200,34397,34497,34349,34487
1698778800,34487,34605,34444,34553
1698782400,34541,34723,34519,34652
1698786000,34660,34730,34440,34497
1698789600,34500,34646,34460,34577
1698793200,34574,34672,34525,34661
1698796800,34667,34684,34522,34528
1698800400,34534,34578,34498,34507
1698804000,34511,34516,34447,34471
1698807600,34470,34486,34419,34437
1698811200,34437,34482,34408,34452
1698814800,34452,34457,34345,34360
1698818400,34345,34423,34336,34414
1698822000,34422,34501,34405,34459
1698825600,34455,34485,34426,34452
1698829200,34448,34493,34427,34489
1698832800,34487,34489,34369,34387
1698836400,34379,34435,34357,34419
1698840000,34422,34889,34358,34793
1698843600,34802,35191,34438,34597
1698847200,34601,34664,34102,34211
1698850800,34192,34312,34180,34297
1698854400,34297,34543,34292,34478
1698858000,34491,34539,34373,34521
1698861600,34517,34743,34451,34592
1698865200,34603,34734,34502,34575
1698868800,34575,35497,34549,35428
1698872400,35496,35612,35155,35402
1698876000,35433,35546,35206,35292
1698879600,35300,35475,35239,35440
1698883200,35440,35674,35384,35451
1698886800,35457,35640,35457,35588
1698890400,35595,35968,35542,35708
1698894000,35717,35841,35578,35602
1698897600,35607,35618,35471,35498
1698901200,35472,35503,35178,35220
1698904800,35201,35277,35096,35256
1698908400,35252,35369,35239,35311
1698912000,35295,35335,35126,35335
1698915600,35330,35429,35283,35401
1698919200,35390,35492,35362,35392
1698922800,35393,35460,35337,35395
1698926400,35393,35471,35339,35375
1698930000,35362,35388,34718,34948
1698933600,34952,35048,34749,34952
1698937200,34945,34945,34555,34647
1698940800,34650,34746,34320,34656
1698944400,34651,34789,34564,34782
1698948000,34782,34878,34736,34853
1698951600,34850,35028,34821,34996
1698955200,35015,35108,34837,34906
1698958800,34902,34980,34855,34915
1698962400,34930,34930,34777,34792
1698966000,34799,34946,34730,34937
1698969600,34947,34947,34431,34514
1698973200,34543,34620,34390,34620
1698976800,34597,34723,34555,34680
1698980400,34684,34711,34639,34692
1698984000,34692,34713,34328,34421
1698987600,34429,34551,34349,34551
1698991200,34551,34568,34441,34459
1698994800,34448,34522,34355,34463
1698998400,34466,34627,34246,34454
1699002000,34429,34455,34208,34253
1699005600,34264,34282,34132,34282
1699009200,34263,34281,34153,34258
1699012800,34255,34448,34162,34405
1699016400,34412,34586,34344,34586
1699020000,34577,34788,34516,34725
1699023600,34733,34867,34704,34776
1699027200,34787,34843,34600,34686
1699030800,34659,34687,34350,34451
1699034400,34428,34611,34367,34546
1699038000,34545,34597,34441,34543
1699041600,34546,34667,34498,34613
1699045200,34613,34713,34606,34619
1699048800,34635,34644,34578,34635
1699052400,34653,34751,34636,34727
1699056000,34734,34745,34676,34716
1699059600,34709,34793,34660,34786
1699063200,34786,34793,34689,34695
1699066800,34696,34746,34663,34725
1699070400,34733,34735,34664,34687
1699074000,34679,34763,34609,34763
1699077600,34763,34997,34740,34780
1699081200,34792,34880,34785,34785
1699084800,34784,34889,34742,34865
1699088400,34880,34884,34771,34777
1699092000,34777,34818,34747,34747
1699095600,34748,34806,34705,34730
1699099200,34732,34781,34706,34776
1699102800,34776,34779,34684,34722
1699106400,34722,34815,34706,34756
1699110000,34762,34768,34676,34735
1699113600,34729,34776,34711,34711
1699117200,34721,34787,34717,34787
1699120800,34787,34801,34751,34801
1699124400,34801,34809,34754,34754
1699128000,34753,34784,34736,34782
1699131600,34782,34910,34775,34832
1699135200,34831,35196,34831,35168
1699138800,35183,35276,35035,35086
1699142400,35086,35107,34964,35013
1699146000,35018,35073,34986,35073
1699149600,35092,35109,34972,35084
1699153200,35082,35321,35050,35301
1699156800,35320,35330,35155,35184
1699160400,35176,35252,35145,35191
1699164000,35188,35188,35073,35087
1699167600,35088,35202,35074,35190
1699171200,35198,35205,35044,35056
1699174800,35068,35157,35048,35118
1699178400,35116,35166,35068,35148
1699182000,35155,35170,35075,35099
1699185600,35114,35187,35057,35114
1699189200,35113,35150,34805,34855
1699192800,34862,34960,34845,34937
1699196400,34930,34953,34849,34920
1699200000,34917,34989,34901,34982
1699203600,34983,35284,34982,35088
1699207200,35091,35138,35031,35050
1699210800,35052,35128,34993,35025
1699214400,35002,35115,34999,35039
1699218000,35037,35041,34495,34690
1699221600,34669,35039,34669,35039
1699225200,35013,35396,35004,35045
1699228800,35043,35096,34939,35079
1699232400,35092,35144,34885,34911
1699236000,34912,34983,34864,34933
1699239600,34939,35020,34867,35011
1699243200,35011,35041,34867,34897
1699246800,34897,34935,34766,34832
1699250400,34854,34896,34791,34881
1699254000,34882,34951,34855,34927
1699257600,34924,34977,34858,34977
1699261200,34977,35132,34962,35132
1699264800,35132,35290,35112,35172
1699268400,35189,35251,35115,35251
1699272000,35251,35263,35134,35231
1699275600,35246,35246,34931,35052
1699279200,35055,35234,35053,35222
1699282800,35229,35229,35082,35093
1699286400,35095,35131,34943,34983
1699290000,34978,35037,34912,34991
1699293600,34988,35010,34818,34958
1699297200,34957,35099,34935,35062
1699300800,35066,35073,34923,35033
1699304400,35037,35050,34910,35035
1699308000,35032,35150,35028,35133
1699311600,35125,35131,34960,35042
1699315200,35061,35067,34855,34941
1699318800,34937,34975,34859,34954
1699322400,34947,34987,34822,34829
1699326000,34826,34931,34815,34930
1699329600,34930,34947,34844,34909
1699333200,34910,34925,34858,34914
1699336800,34926,34981,34884,34981
1699340400,34973,34973,34877,34952
1699344000,34953,34981,34880,34917
1699347600,34920,34921,34707,34794
1699351200,34795,34802,34580,34638
1699354800,34639,34741,34627,34635
1699358400,34640,34763,34530,34737
1699362000,34760,34802,34637,34798
1699365600,34795,34854,34743,34836
1699369200,34855,34855,34647,34733
1699372800,34730,34759,34636,34683
1699376400,34671,34864,34583,34861
1699380000,34863,35521,34849,35382
1699383600,35401,35574,35349,35468
1699387200,35497,35891,35357,35654
1699390800,35649,35705,35496,35501
1699394400,35492,35492,35227,35320
1699398000,35318,35455,35254,35414
1699401600,35417,35428,35268,35386
1699405200,35389,35443,35358,35394
1699408800,35395,35395,35304,35320
1699412400,35325,35343,35255,35281
1699416000,35285,35374,35271,35364
1699419600,35378,35378,35254,35278
1699423200,35273,35322,35179,35286
1699426800,35300,35314,35226,35235
1699430400,35227,35335,35200,35296
1699434000,35316,35339,35286,35310
1699437600,35303,35424,35302,35416
1699441200,35419,35450,35328,35344
1699444800,35345,35409,35331,35401
1699448400,35395,35475,35318,35422
1699452000,35433,35433,35276,35325
1699455600,35313,35345,35111,35236
1699459200,35226,35470,35183,35409
1699462800,35432,35432,35232,35319
1699466400,35317,35629,35290,35593
1699470000,35598,35770,35552,35626
1699473600,35639,35766,35475,35629
1699477200,35620,35905,35412,35599
1699480800,35629,35959,35615,35788
1699484400,35827,36150,35623,35640
1699488000,35633,35894,35578,35876
1699491600,35877,36093,35781,35936
1699495200,35946,36556,35873,36386
1699498800,36392,36529,36273,36461
1699502400,36483,36864,36439,36744
1699506000,36734,36734,36531,36601
1699509600,36609,36807,36609,36777
1699513200,36784,36811,36543,36557
1699516800,36561,36743,36552,36692
1699520400,36685,36860,36607,36859
1699524000,36859,37000,36749,36784
1699527600,36780,36831,36677,36824
1699531200,36832,37025,36782,36905
1699534800,36914,37197,36843,37197
1699538400,37197,37970,37188,37884
1699542000,37873,37978,37077,37114
1699545600,37109,37226,35784,36350
1699549200,36353,36717,36021,36660
1699552800,36625,36625,36328,36379
1699556400,36374,36448,36163,36394
1699560000,36389,36591,36151,36564
1699563600,36560,36736,36459,36539
1699567200,36520,36740,36512,36555
1699570800,36554,36776,36516,36693
1699574400,36700,36763,36487,36500
1699578000,36497,36714,36459,36694
1699581600,36692,36868,36618,36857
1699585200,36868,36908,36732,36747
1699588800,36747,36797,36652,36781
1699592400,36804,36804,36657,36760
1699596000,36760,36770,36560,36610
1699599600,36615,36681,36442,36449
1699603200,36443,36535,36343,36523
1699606800,36526,36569,36469,36558
1699610400,36562,36766,36518,36766
1699614000,36767,37144,36767,37065
1699617600,37103,37212,36846,37202
1699621200,37199,37268,36919,36979
1699624800,36986,37178,36850,37080
1699628400,37079,37195,36955,37088
1699632000,37107,37476,37106,37420
1699635600,37402,37451,37177,37215
1699639200,37233,37312,37171,37267
1699642800,37274,37439,37239,37257
1699646400,37257,37305,37095,37261
1699650000,37256,37403,37222,37296
1699653600,37294,37558,37206,37390
1699657200,37395,37518,37318,37319
1699660800,37350,37422,37261,37323
1699664400,37323,37344,37041,37077
1699668000,37071,37138,36932,37128
1699671600,37130,37135,37058,37066
1699675200,37064,37110,36953,37094
1699678800,37089,37148,37070,37090
1699682400,37104,37153,37024,37098
1699686000,37106,37127,36966,37038
1699689600,37052,37059,36957,36990
1699693200,36998,37079,36957,37053
1699696800,37037,37047,36982,37034
1699700400,37026,37045,36939,37031
1699704000,37017,37130,36981,37129
1699707600,37123,37215,37084,37165
1699711200,37164,37291,37158,37270
1699714800,37270,37271,37059,37082
1699718400,37084,37193,37084,37156
1699722000,37160,37189,37064,37130
1699725600,37135,37159,37095,37139
1699729200,37138,37186,37097,37164
1699732800,37166,37166,36999,37012
1699736400,37002,37068,36926,36997
1699740000,37002,37010,36673,36890
1699743600,36901,37153,36802,37152
1699747200,37136,37180,36758,36917
1699750800,36916,37024,36852,36976
1699754400,36973,36977,36873,36918
1699758000,36917,36997,36876,36997
1699761600,36997,37024,36942,37024
1699765200,37024,37122,36969,37121
1699768800,37117,37187,37095,37159
1699772400,37160,37188,37112,37144
1699776000,37130,37142,37073,37111
1699779600,37114,37130,37046,37074
1699783200,37081,37144,37050,37117
1699786800,37111,37128,37073,37077
1699790400,37076,37106,36988,37033
1699794000,37023,37143,36961,37089
1699797600,37104,37196,37096,37165
1699801200,37165,37237,37099,37177
1699804800,37182,37209,37118,37134
1699808400,37123,37140,37090,37097
1699812000,37100,37211,37077,37154
1699815600,37170,37177,37099,37128
1699819200,37121,37168,37099,37151
1699822800,37154,37201,37146,37177
1699826400,37181,37206,37150,37170
1699830000,37170,37220,36970,37086
1699833600,37085,37162,36987,37130
1699837200,37134,37421,37131,37228
1699840800,37235,37277,37144,37180
1699844400,37155,37181,36898,36945
1699848000,36964,36989,36854,36962
1699851600,36952,36953,36851,36947
1699855200,36925,36984,36795,36984
1699858800,36988,37064,36965,36975
1699862400,36982,37064,36939,37043
1699866000,37055,37055,36984,37007
1699869600,37012,37017,36931,36992
1699873200,36994,36994,36724,36846
1699876800,36818,36957,36648,36945
1699880400,36957,36957,36793,36843
1699884000,36854,36923,36566,36809
1699887600,36806,36895,36679,36848
1699891200,36845,37028,36838,36867
1699894800,36867,36876,36644,36690
1699898400,36670,36785,36613,36749
1699902000,36757,36851,36757,36851
1699905600,36854,36890,36751,36788
1699909200,36806,36806,36355,36495
1699912800,36473,36622,36452,36475
1699916400,36485,36603,36483,36485
1699920000,36474,36474,36211,36263
1699923600,36256,36439,36232,36338
1699927200,36333,36468,36329,36436
1699930800,36439,36503,36437,36460
1699934400,36456,36530,36400,36516
1699938000,36519,36646,36519,36642
1699941600,36644,36718,36604,36670
1699945200,36665,36727,36645,36708
1699948800,36695,36749,36659,36713
1699952400,36749,36749,36490,36490
1699956000,36500,36549,36400,36515
1699959600,36492,36492,36247,36294
1699963200,36272,36415,36222,36352
1699966800,36365,36673,36365,36528
1699970400,36504,36700,36478,36623
1699974000,36610,36628,35880,36155
1699977600,36154,36422,36127,36276
1699981200,36268,36318,36072,36072
1699984800,36092,36131,35002,35268
1699988400,35253,35483,35123,35298
1699992000,35265,35471,35221,35295
1699995600,35281,35618,35229,35565
1699999200,35579,35630,35469,35619
1700002800,35618,35674,35533,35564
1700006400,35558,35631,35500,35506
1700010000,35503,35663,35424,35424
1700013600,35428,35518,35378,35483
1700017200,35457,35511,35390,35391
1700020800,35389,35582,35389,35579
1700024400,35584,35625,35560,35621
1700028000,35620,35625,35544,35600
1700031600,35609,35671,35567,35587
1700035200,35595,35839,35595,35792
1700038800,35820,35951,35761,35797
1700042400,35810,35891,35766,35880
1700046000,35891,36280,35890,36242
1700049600,36249,36396,36150,36211
1700053200,36207,36235,36019,36098
1700056800,36110,36224,36026,36123
1700060400,36123,36411,36118,36411
1700064000,36409,36550,36294,36390
1700067600,36380,36508,36276,36507
1700071200,36508,37502,36471,37400
1700074800,37383,37769,37211,37524
1700078400,37541,37849,37352,37560
1700082000,37555,37744,37421,37645
1700085600,37670,37899,37521,37726
1700089200,37773,37975,37645,37877
1700092800,37886,37960,37705,37794
1700096400,37785,37794,37423,37423
1700100000,37454,37541,37366,37531
1700103600,37527,37552,37405,37469
1700107200,37472,37517,37349,37453
1700110800,37445,37487,37351,37474
1700114400,37458,37566,37426,37566
1700118000,37570,37619,37444,37451
1700121600,37465,37498,37206,37311
1700125200,37301,37448,37211,37392
1700128800,37369,37403,37311,37313
1700132400,37307,37556,37157,37254
1700136000,37263,37324,37072,37147
1700139600,37141,37172,36710,36785
1700143200,36786,36871,36464,36719
1700146800,36716,36913,36285,36420
1700150400,36416,36647,36385,36582
1700154000,36571,36630,36304,36338
1700157600,36327,36404,36091,36238
1700161200,36224,36268,35539,35905
1700164800,35908,36068,35685,35964
1700168400,35971,36056,35845,35970
1700172000,35958,36279,35952,36228
1700175600,36201,36237,36014,36165
1700179200,36167,36376,36106,36376
1700182800,36376,36568,36315,36568
1700186400,36565,36670,36411,36463
1700190000,36469,36509,36331,36500
1700193600,36501,36531,36383,36438
1700197200,36430,36442,36168,36355
1700200800,36364,36451,36285,36374
1700204400,36368,36368,36220,36247
1700208000,36249,36435,36180,36403
1700211600,36420,36446,36264,36316
1700215200,36319,36376,36145,36367
1700218800,36358,36468,36332,36379
1700222400,36387,36533,36272,36533
1700226000,36532,36617,36298,36356
1700229600,36356,36444,35891,36023
1700233200,36010,36161,35946,36047
1700236800,36035,36193,35921,35990
1700240400,35978,36800,35964,36508
1700244000,36501,36546,36374,36487
1700247600,36485,36580,36267,36327
1700251200,36343,36544,36318,36497
1700254800,36497,36525,36360,36411
1700258400,36415,36564,36415,36562
1700262000,36559,36736,36499,36625
1700265600,36626,36631,36412,36419
1700269200,36419,36484,36403,36427
1700272800,36418,36470,36418,36430
1700276400,36432,36441,36381,36387
1700280000,36398,36449,36395,36398
1700283600,36389,36399,36325,36353
1700287200,36350,36382,36272,36272
1700290800,36284,36441,36211,36422
1700294400,36430,36502,36388,36457
1700298000,36456,36466,36407,36407
1700301600,36407,36490,36407,36490
1700305200,36481,36546,36416,36416
1700308800,36426,36494,36413,36464
1700312400,36463,36487,36374,36442
1700316000,36454,36572,36436,36522
1700319600,36524,36692,36520,36679
1700323200,36682,36851,36661,36698
1700326800,36693,36729,36626,36643
1700330400,36648,36760,36632,36736
1700334000,36739,36785,36679,36691
1700337600,36705,36733,36569,36622
1700341200,36606,36636,36552,36567
1700344800,36566,36589,36473,36528
1700348400,36524,36591,36517,36590
1700352000,36591,36591,36483,36491
1700355600,36494,36521,36420,36508
1700359200,36508,36516,36433,36479
1700362800,36466,36537,36445,36537
1700366400,36531,36556,36514,36556
1700370000,36556,36569,36535,36538
1700373600,36528,36670,36528,36627
1700377200,36621,36683,36601,36630
1700380800,36642,36727,36626,36645
1700384400,36644,36690,36610,36656
1700388000,36656,36660,36560,36560
1700391600,36557,36557,36429,36487
1700395200,36480,36508,36438,36508
1700398800,36508,36529,36476,36506
1700402400,36512,36516,36425,36478
1700406000,36479,36582,36438,36582
1700409600,36582,36637,36543,36579
1700413200,36581,36626,36564,36620
1700416800,36621,36911,36621,36854
1700420400,36882,37000,36798,36958
1700424000,36983,37041,36849,36945
1700427600,36948,37093,36881,37004
1700431200,37008,37050,36949,37012
1700434800,37012,37520,37012,37426
1700438400,37426,37430,37166,37320
1700442000,37323,37376,37247,37315
1700445600,37311,37339,37224,37330
1700449200,37335,37339,37073,37128
1700452800,37154,37233,37099,37228
1700456400,37228,37228,37073,37162
1700460000,37156,37225,37088,37207
1700463600,37207,37269,37119,37257
1700467200,37267,37267,37086,37133
1700470800,37145,37229,37097,37220
1700474400,37220,37395,37169,37314
1700478000,37313,37436,37130,37193
1700481600,37192,37192,37110,37165
1700485200,37169,37260,37081,37122
1700488800,37131,37504,36716,37446
1700492400,37447,37498,37255,37492
1700496000,37498,37655,37255,37261
1700499600,37256,37769,36888,37607
1700503200,37637,37712,37301,37554
1700506800,37554,37761,37490,37607
1700510400,37608,37640,37448,37578
1700514000,37600,37600,37312,37452
1700517600,37444,37604,37377,37454
1700521200,37488,37625,37469,37480
1700524800,37473,37547,37340,37419
1700528400,37418,37646,37379,37640
1700532000,37651,37664,37455,37480
1700535600,37490,37584,37471,37495
1700539200,37492,37508,37411,37416
1700542800,37410,37421,37354,37379
1700546400,37375,37434,37351,37387
1700550000,37394,37394,37264,37299
1700553600,37302,37426,37300,37426
1700557200,37426,37433,37331,37331
1700560800,37323,37427,37323,37356
1700564400,37373,37378,37166,37184
1700568000,37183,37250,37135,37198
1700571600,37201,37217,37018,37018
1700575200,37020,37022,36464,36643
1700578800,36625,37193,36281,37001
1700582400,37011,37277,36767,37215
1700586000,37192,37522,36657,36914
1700589600,36921,37000,36714,36913
1700593200,36908,37126,36770,36990
1700596800,36988,37187,36862,36944
1700600400,36953,37040,36740,36846
1700604000,36854,36900,36306,36383
1700607600,36416,36418,35758,35758
1700611200,35762,36153,35651,36120
1700614800,36111,36185,36071,36095
1700618400,36091,36302,36042,36301
1700622000,36298,36389,36264,36389
1700625600,36389,36467,36330,36440
1700629200,36433,36490,36353,36367
1700632800,36376,36565,36376,36538
1700636400,36547,36573,36459,36459
1700640000,36462,36565,36416,36565
1700643600,36565,36700,36517,36700
1700647200,36700,36768,36573,36668
1700650800,36669,36679,36455,36478
1700654400,36468,36590,36462,36570
1700658000,36564,36648,36456,36597
1700661600,36607,36657,36294,36400
1700665200,36407,36621,36246,36496
1700668800,36490,36584,36377,36475
1700672400,36480,36639,36465,36586
1700676000,36590,37267,36573,37197
1700679600,37203,37436,37123,37299
1700683200,37314,37660,37235,37652
1700686800,37651,37865,37542,37652
1700690400,37650,37773,37398,37463
1700694000,37456,37484,37269,37424
1700697600,37432,37543,37313,37327
1700701200,37321,37500,37319,37430
1700704800,37425,37465,37337,37358
1700708400,37359,37400,37283,37317
1700712000,37317,37422,37288,37357
1700715600,37375,37426,37322,37340
1700719200,37339,37354,37284,37288
1700722800,37297,37390,37296,37390
1700726400,37387,37520,37367,37515
1700730000,37516,37646,37453,37646
1700733600,37646,37649,37457,37471
1700737200,37468,37476,37173,37372
1700740800,37372,37540,37278,37308
1700744400,37307,37404,37233,37256
1700748000,37236,37315,37142,37218
1700751600,37211,37256,36886,36972
1700755200,36966,37171,36952,37093
1700758800,37095,37237,37094,37174
1700762400,37180,37296,37177,37267
1700766000,37286,37340,37200,37296
1700769600,37292,37381,37283,37284
1700773200,37298,37381,37255,37257
1700776800,37255,37309,37223,37309
1700780400,37309,37390,37273,37301
1700784000,37312,37336,37266,37304
1700787600,37309,37484,37309,37406
1700791200,37406,37443,37340,37401
1700794800,37389,37410,37322,37329
1700798400,37335,37371,37318,37362
1700802000,37362,37426,37319,37426
1700805600,37429,37430,37375,37392
1700809200,37395,37575,37369,37532
1700812800,37534,37579,37439,37456
1700816400,37460,37723,37450,37630
1700820000,37643,37990,37607,37620
1700823600,37620,38078,37610,37763
1700827200,37760,37986,37723,37731
1700830800,37731,37872,37651,37797
1700834400,37791,37828,37626,37810
1700838000,37805,38437,37795,38252
1700841600,38259,38386,37624,37770
1700845200,37771,37950,37690,37880
1700848800,37872,37926,37615,37750
1700852400,37745,37824,37647,37796
1700856000,37788,37925,37767,37856
1700859600,37862,37960,37815,37853
1700863200,37863,37883,37691,37725
1700866800,37722,37754,37610,37746
1700870400,37750,37796,37708,37759
1700874000,37756,37841,37750,37816
1700877600,37811,37846,37744,37846
1700881200,37846,37864,37796,37830
1700884800,37813,37818,37778,37811
1700888400,37805,37837,37756,37837
1700892000,37836,37859,37812,37820
1700895600,37844,37848,37773,37831
1700899200,37829,37846,37784,37790
1700902800,37788,37791,37719,37764
1700906400,37763,37763,37670,37713
1700910000,37715,37732,37619,37678
1700913600,37669,37741,37669,37741
1700917200,37739,37755,37674,37749
1700920800,37749,37750,37678,37705
1700924400,37705,37728,37646,37728
1700928000,37720,37778,37716,37771
1700931600,37764,37825,37762,37798
1700935200,37802,37841,37784,37841
1700938800,37841,37859,37815,37851
1700942400,37857,37908,37792,37821
1700946000,37818,37837,37797,37823
1700949600,37820,37820,37747,37757
1700953200,37756,37818,37748,37809
1700956800,37811,37814,37759,37764
1700960400,37766,37767,37710,37710
1700964000,37712,37769,37696,37767
1700967600,37767,37769,37753,37762
1700971200,37762,37804,37725,37788
1700974800,37785,37803,37757,37801
1700978400,37799,37805,37760,37804
1700982000,37808,37814,37777,37814
1700985600,37816,37837,37779,37784
1700989200,37784,37811,37765,37788
1700992800,37788,37788,37728,37728
1700996400,37724,37741,37700,37706
1701000000,37700,37700,37377,37641
1701003600,37641,37641,37394,37547
1701007200,37532,37546,37318,37373
1701010800,37356,37520,37314,37461
1701014400,37444,37520,37184,37249
1701018000,37240,37343,37173,37293
1701021600,37295,37345,37183,37264
1701025200,37258,37406,37244,37395
1701028800,37395,37660,37371,37603
1701032400,37603,37651,37484,37631
1701036000,37631,37755,37626,37672
1701039600,37669,37670,37340,37460
1701043200,37467,37569,37404,37506
1701046800,37512,37574,37475,37509
1701050400,37511,37516,37248,37322
1701054000,37322,37351,37215,37322
1701057600,37320,37397,37275,37383
1701061200,37385,37408,37307,37307
1701064800,37317,37430,37284,37284
1701068400,37283,37353,37085,37299
1701072000,37300,37394,37270,37348
1701075600,37344,37471,37344,37369
1701079200,37366,37377,36988,37117
1701082800,37117,37153,36907,37040
1701086400,37019,37116,36922,36976
1701090000,36978,37049,36785,36953
1701093600,36950,36995,36731,36801
1701097200,36802,37063,36758,36763
1701100800,36755,37105,36727,37084
1701104400,37080,37147,36889,36920
1701108000,36929,37073,36895,36976
1701111600,36974,37070,36800,36880
1701115200,36880,36964,36807,36807
1701118800,36798,37055,36798,37036
1701122400,37030,37086,36971,37086
1701126000,37085,37281,37085,37240
1701129600,37256,37340,37189,37267
1701133200,37268,37272,37165,37202
1701136800,37198,37211,37128,37183
1701140400,37176,37202,37087,37132
1701144000,37130,37151,36984,37002
1701147600,37003,37017,36883,36922
1701151200,36912,37124,36902,37108
1701154800,37105,37148,36988,37108
1701158400,37123,37123,36939,36940
1701162000,36939,37137,36932,37087
1701165600,37092,37110,37022,37107
1701169200,37111,37251,37091,37251
1701172800,37251,37273,37174,37206
1701176400,37211,37450,37150,37421
1701180000,37418,37468,37360,37375
1701183600,37373,37567,37318,37527
1701187200,37542,37949,37542,37885
1701190800,37904,38292,37818,38273
1701194400,38284,38293,37922,38023
1701198000,38023,38420,38022,38151
1701201600,38148,38372,38094,38274
1701205200,38293,38325,37962,37972
1701208800,37988,38061,37859,37885
1701212400,37889,37953,37700,37839
1701216000,37842,37943,37700,37940
1701219600,37946,38105,37946,37960
1701223200,37968,38006,37869,37958
1701226800,37954,38034,37920,37970
1701230400,37980,37980,37898,37956
1701234000,37965,38060,37924,38060
1701237600,38064,38245,37994,38194
1701241200,38194,38202,38074,38128
1701244800,38154,38381,38126,38363
1701248400,38364,38457,38137,38318
1701252000,38307,38307,37930,37987
1701255600,37984,38174,37923,38129
1701259200,38117,38298,38079,38196
1701262800,38198,38268,38122,38142
1701266400,38141,38220,37818,37839
1701270000,37829,37915,37597,37838
1701273600,37847,37888,37660,37778
1701277200,37776,37883,37684,37790
1701280800,37791,37866,37678,37866
1701284400,37866,37928,37798,37887
1701288000,37894,37894,37637,37662
1701291600,37675,37782,37600,37731
1701295200,37752,37837,37743,37797
1701298800,37796,37868,37739,37863
1701302400,37864,37873,37774,37788
1701306000,37791,37823,37709,37714
1701309600,37707,37913,37696,37885
1701313200,37887,38051,37845,38051
1701316800,38051,38173,37978,37988
1701320400,37984,38023,37869,37898
1701324000,37888,37950,37806,37874
1701327600,37884,37905,37787,37802
1701331200,37808,37826,37598,37675
1701334800,37671,37737,37618,37704
1701338400,37720,37764,37690,37691
1701342000,37689,37909,37655,37896
1701345600,37909,37923,37836,37888
1701349200,37891,37968,37646,37741
1701352800,37722,37782,37510,37657
1701356400,37659,37729,37521,37619
1701360000,37622,37740,37535,37669
1701363600,37669,37766,37641,37750
1701367200,37750,37820,37716,37750
1701370800,37750,37809,37699,37763
1701374400,37762,37779,37702,37757
1701378000,37736,37777,37706,37745
1701381600,37741,37814,37696,37708
1701385200,37697,37737,37619,37719
1701388800,37731,37741,37628,37687
1701392400,37675,37962,37647,37954
1701396000,37961,38080,37879,37998
1701399600,38011,38069,37959,38057
1701403200,38065,38247,38033,38216
1701406800,38194,38215,38119,38136
1701410400,38143,38228,38092,38224
1701414000,38222,38352,38210,38254
1701417600,38255,38362,38238,38328
1701421200,38331,38718,38331,38717
1701424800,38718,38839,38550,38550
1701428400,38552,38672,38533,38608
1701432000,38594,38643,38315,38375
1701435600,38378,38449,38315,38366
1701439200,38380,38405,38234,38338
1701442800,38329,38459,38298,38428
1701446400,38426,39000,38412,38827
1701450000,38809,38937,38715,38817
1701453600,38816,38930,38717,38717
1701457200,38721,38802,38651,38776
1701460800,38784,38874,38727,38766
1701464400,38776,38911,38774,38802
1701468000,38814,38866,38714,38722
1701471600,38723,38759,38673,38707
1701475200,38707,38756,38663,38733
1701478800,38726,38816,38717,38774
1701482400,38768,38813,38692,38740
1701486000,38746,38804,38741,38802
1701489600,38796,38830,38740,38830
1701493200,38830,38830,38771,38771
1701496800,38751,38807,38740,38795
1701500400,38782,38838,38728,38728
1701504000,38724,38759,38681,38734
1701507600,38735,38797,38729,38790
1701511200,38790,38807,38760,38764
1701514800,38765,38769,38721,38758
1701518400,38753,38807,38750,38799
1701522000,38800,38876,38779,38831
1701525600,38835,38862,38756,38797
1701529200,38792,38839,38736,38833
1701532800,38824,38827,38733,38760
1701536400,38769,38818,38764,38818
1701540000,38817,38987,38806,38894
1701543600,38898,39687,38897,39436
1701547200,39445,39592,39294,39581
1701550800,39592,39725,39432,39584
1701554400,39589,39622,39315,39372
1701558000,39378,39494,39353,39474
1701561600,39474,39535,39423,39524
1701565200,39524,39573,39489,39508
1701568800,39509,39572,39380,39387
1701572400,39387,39408,39304,39400
1701576000,39397,39444,39368,39374
1701579600,39378,39455,39343,39442
1701583200,39429,39464,39382,39437
1701586800,39436,39502,39405,39497
1701590400,39500,39502,39413,39413
1701594000,39423,39486,39414,39474
1701597600,39474,39545,39424,39545
1701601200,39545,39545,39469,39497
1701604800,39499,39526,39403,39421
1701608400,39413,39773,39405,39700
1701612000,39683,39761,39574,39578
1701615600,39579,39808,39512,39767
1701619200,39770,39845,39662,39688
1701622800,39677,39691,39475,39544
1701626400,39522,39603,39517,39568
1701630000,39560,39588,39463,39575
1701633600,39589,39655,39572,39581
1701637200,39586,39773,39585,39730
1701640800,39731,40210,39712,40079
1701644400,40089,40181,39807,39989
1701648000,39988,40230,39988,40209
1701651600,40228,40876,40178,40616
1701655200,40625,40701,40476,40695
1701658800,40698,40888,40698,40728
1701662400,40726,40934,40704,40894
1701666000,40919,41522,40880,41507
1701669600,41509,41748,41355,41375
1701673200,41408,41546,41331,41449
1701676800,41461,41733,41378,41699
1701680400,41701,41800,41547,41564
1701684000,41586,42090,41557,41976
1701687600,42002,42162,41370,41617
1701691200,41618,41815,41508,41815
1701694800,41819,41925,41731,41747
1701698400,41747,41798,41484,41654
1701702000,41659,41665,41150,41274
1701705600,41275,41633,41187,41620
1701709200,41634,41760,41563,41621
1701712800,41619,41764,41510,41726
1701716400,41725,42044,41707,41972
1701720000,41991,41993,41734,41769
1701723600,41752,42050,41724,42036
1701727200,42027,42404,41869,41958
1701730800,41956,41997,41799,41985
1701734400,41979,41979,41739,41919
1701738000,41901,41930,41630,41807
1701741600,41818,41818,41632,41736
1701745200,41719,41894,41719,41834
1701748800,41833,41833,41714,41784
1701752400,41761,41914,41729,41914
1701756000,41912,41914,41675,41721
1701759600,41729,41729,41415,41526
1701763200,41520,41624,41434,41619
1701766800,41619,41724,41599,41714
1701770400,41711,41769,41624,41624
1701774000,41629,41740,41579,41730
1701777600,41730,41879,41695,41873
1701781200,41879,42071,41821,41833
1701784800,41847,42238,41824,42213
1701788400,42223,42492,42107,42270
1701792000,42264,42814,42138,42712
1701795600,42727,44011,42697,43379
1701799200,43375,44086,43316,43696
1701802800,43726,43955,43592,43799
1701806400,43815,43843,43426,43765
1701810000,43772,44226,43687,43887
1701813600,43911,44490,43813,44298
1701817200,44299,44301,43879,44075
1701820800,44087,44144,43848,44144
1701824400,44148,44149,43758,43886
1701828000,43873,43916,43588,43904
1701831600,43907,43917,43674,43738
1701835200,43744,43864,43618,43738
1701838800,43746,43832,43552,43676
1701842400,43678,43736,43461,43674
1701846000,43636,43724,43508,43667
1701849600,43690,43870,43645,43829
1701853200,43822,44005,43689,43875
1701856800,43873,44282,43870,44121
1701860400,44117,44133,43419,43841
1701864000,43824,44204,43791,44042
1701867600,44040,44166,43975,44110
1701871200,44117,44277,43965,44053
1701874800,44035,44104,43744,43807
1701878400,43786,44028,43741,43846
1701882000,43845,44129,43818,43967
1701885600,43969,44010,43866,43938
1701889200,43941,44113,43918,43992
1701892800,43997,44083,43764,43764
1701896400,43760,43859,43612,43828
1701900000,43822,43938,43644,43779
1701903600,43772,43809,43613,43764
1701907200,43764,43901,43717,43831
1701910800,43840,43938,43825,43938
1701914400,43944,43988,43914,43967
1701918000,43974,43989,43892,43936
1701921600,43933,44044,43894,43958
1701925200,43959,44041,43929,44000
1701928800,44004,44031,43849,43888
1701932400,43877,43954,43875,43895
1701936000,43903,43904,43560,43595
1701939600,43595,43639,42849,43352
1701943200,43365,43428,43079,43142
1701946800,43128,43378,43124,43189
1701950400,43184,43409,42974,43408
1701954000,43409,43501,43191,43299
1701957600,43299,43519,43251,43489
1701961200,43486,43935,43471,43649
1701964800,43667,43762,43498,43699
1701968400,43703,43703,43243,43442
1701972000,43433,43480,43271,43332
1701975600,43317,43345,43079,43201
1701979200,43213,43329,43098,43238
1701982800,43246,43449,43237,43385
1701986400,43389,43426,43147,43155
1701990000,43166,43390,43155,43291
1701993600,43296,43415,43294,43407
1701997200,43404,43425,43325,43424
1702000800,43425,43529,43415,43513
1702004400,43522,43529,43383,43383
1702008000,43384,43539,43367,43467
1702011600,43460,43505,43397,43437
1702015200,43435,43503,43373,43373
1702018800,43374,43410,43134,43171
1702022400,43202,43263,43114,43225
1702026000,43220,43294,43139,43145
1702029600,43142,43356,43078,43356
1702033200,43357,43733,43357,43664
1702036800,43664,43797,43529,43754
1702040400,43764,43764,43492,43581
1702044000,43595,44039,43575,43973
1702047600,43982,43996,43766,43770
1702051200,43771,43954,43765,43835
1702054800,43835,43853,43658,43751
1702058400,43756,43933,43752,43840
1702062000,43822,43992,43808,43988
1702065600,43989,44435,43967,44404
1702069200,44394,44729,44269,44551
1702072800,44583,44606,44270,44270
1702076400,44280,44363,44145,44193
1702080000,44210,44303,44161,44201
1702083600,44195,44210,44060,44122
1702087200,44141,44214,44115,44137
1702090800,44137,44240,44137,44151
1702094400,44171,44282,44166,44247
1702098000,44248,44362,44239,44293
1702101600,44293,44350,44197,44208
1702105200,44216,44274,44124,44204
1702108800,44201,44211,43775,43849
1702112400,43853,43965,43759,43869
1702116000,43860,43931,43838,43864
1702119600,43847,43908,43778,43835
1702123200,43820,43912,43759,43912
1702126800,43911,44055,43893,44025
1702130400,44024,44144,43787,43951
1702134000,43937,44112,43884,44066
1702137600,44064,44100,43968,44030
1702141200,44022,44039,43913,43915
1702144800,43916,44011,43901,43997
1702148400,43983,44031,43943,43953
1702152000,43943,44004,43883,43994
1702155600,43991,44092,43891,43984
1702159200,43985,44051,43913,43913
1702162800,43912,43937,43605,43712
1702166400,43710,43791,43656,43776
1702170000,43781,43859,43723,43800
1702173600,43805,43823,43729,43753
1702177200,43753,43844,43728,43843
1702180800,43843,43965,43833,43949
1702184400,43949,43965,43875,43898
1702188000,43905,43927,43873,43914
1702191600,43915,44007,43860,43976
1702195200,43981,44034,43751,43782
1702198800,43786,43826,43623,43623
1702202400,43631,43719,43631,43713
1702206000,43712,43754,43693,43747
1702209600,43747,43896,43743,43894
1702213200,43896,43907,43759,43822
1702216800,43834,43889,43765,43840
1702220400,43841,43959,43827,43913
1702224000,43918,43939,43791,43832
1702227600,43832,43852,43775,43825
1702231200,43819,43905,43814,43831
1702234800,43831,43875,43754,43799
1702238400,43790,43970,43789,43963
1702242000,43970,44038,43780,43800
1702245600,43813,43891,43779,43787
1702249200,43786,43853,43582,43786
1702252800,43786,43801,43623,43639
1702256400,43619,43619,43216,43217
1702260000,43219,43233,40659,41970
1702263600,41933,42558,41895,42324
1702267200,42305,42329,42030,42157
1702270800,42150,42202,41659,42052
1702274400,42066,42184,41750,42121
1702278000,42119,42303,42093,42117
1702281600,42107,42272,41976,42224
1702285200,42233,42398,42178,42367
1702288800,42381,42465,42350,42381
1702292400,42381,42482,42159,42339
1702296000,42341,42393,42177,42215
1702299600,42206,42257,41899,42000
1702303200,41988,42078,41797,41820
1702306800,41861,42015,41665,41768
1702310400,41775,41828,41343,41779
1702314000,41759,41776,41280,41343
1702317600,41301,41301,40530,40980
1702321200,41008,41063,40181,40710
1702324800,40719,40883,40504,40835
1702328400,40811,41251,40801,41174
1702332000,41169,41334,41107,41275
1702335600,41274,41277,41130,41242
1702339200,41232,41734,41166,41699
1702342800,41686,41834,41584,41650
1702346400,41669,41914,41653,41855
1702350000,41855,41877,41715,41730
1702353600,41729,41748,41376,41381
1702357200,41380,41639,41380,41550
1702360800,41530,41674,41397,41674
1702364400,41673,42035,41668,41919
1702368000,41915,42071,41784,42033
1702371600,42002,42020,41812,41812
1702375200,41811,41826,41712,41791
1702378800,41800,41819,41560,41573
1702382400,41578,41891,41578,41841
1702386000,41850,42035,41750,41807
1702389600,41813,41851,41302,41465
1702393200,41457,41563,41157,41335
1702396800,41334,41401,41088,41311
1702400400,41301,41302,40676,40676
1702404000,40676,41370,40649,41264
1702407600,41263,41300,41010,41112
1702411200,41118,41261,41042,41201
1702414800,41208,41330,41043,41089
1702418400,41088,41277,41068,41218
1702422000,41231,41529,41230,41458
1702425600,41483,41483,41291,41393
1702429200,41384,41414,40930,41025
1702432800,41028,41126,40589,40987
1702436400,41003,41026,40765,40800
1702440000,40818,40906,40656,40893
1702443600,40900,41004,40836,41004
1702447200,41004,41034,40832,40857
1702450800,40832,41201,40798,41095
1702454400,41100,41246,41096,41246
1702458000,41235,41235,41054,41190
1702461600,41194,41228,41058,41122
1702465200,41121,41190,40955,40985
1702468800,40980,41226,40977,41191
1702472400,41196,41464,41164,41449
1702476000,41464,41469,41300,41411
1702479600,41411,41925,41411,41918
1702483200,41918,42180,41789,41864
1702486800,41853,42119,41811,42111
1702490400,42107,42187,41985,42124
1702494000,42133,42876,42133,42734
1702497600,42743,42896,42604,42895
1702501200,42879,43155,42736,42987
1702504800,43058,43440,42987,42989
1702508400,42989,43060,42872,42888
1702512000,42899,42953,42681,42796
1702515600,42811,42868,42747,42868
1702519200,42876,42879,42706,42784
1702522800,42797,42824,42688,42732
1702526400,42732,42794,42698,42718
1702530000,42716,42809,42714,42809
1702533600,42799,43102,42799,42896
1702537200,42912,42950,42783,42912
1702540800,42917,42994,42783,42783
1702544400,42783,42922,42713,42903
1702548000,42902,43019,42805,42967
1702551600,42971,43341,42907,43268
1702555200,43272,43359,43057,43107
1702558800,43098,43109,41509,42575
1702562400,42524,42766,42372,42662
1702566000,42663,42701,42251,42466
1702569600,42465,42686,42460,42614
1702573200,42614,43409,42582,43226
1702576800,43170,43212,42847,42871
1702580400,42867,43119,42817,43109
1702584000,43108,43120,42872,42940
1702587600,42931,43041,42916,42995
1702591200,42985,43128,42933,43086
1702594800,43081,43194,42957,43031
1702598400,43047,43082,42882,42895
1702602000,42910,43041,42893,42962
1702605600,42987,43005,42845,42885
1702609200,42882,42888,42531,42798
1702612800,42799,42818,42715,42814
1702616400,42815,42865,42584,42603
1702620000,42598,42647,42538,42570
1702623600,42573,42712,42562,42712
1702627200,42712,42876,42649,42876
1702630800,42876,43025,42815,42823
1702634400,42853,42896,42758,42845
1702638000,42862,42869,42717,42780
1702641600,42783,42786,42610,42610
1702645200,42610,42616,42217,42282
1702648800,42282,42344,42011,42177
1702652400,42177,42248,41664,41880
1702656000,41891,42083,41695,41789
1702659600,41789,42041,41775,41839
1702663200,41821,42101,41819,42100
1702666800,42097,42167,41964,42082
1702670400,42084,42267,42070,42224
1702674000,42226,42248,42129,42232
1702677600,42219,42263,41962,42067
1702681200,42070,42181,41912,41925
1702684800,41926,42040,41639,41881
1702688400,41893,42136,41884,42057
1702692000,42074,42177,42047,42140
1702695600,42146,42380,42103,42333
1702699200,42342,42343,42243,42274
1702702800,42279,42297,42183,42239
1702706400,42258,42291,42126,42187
1702710000,42187,42241,42143,42186
1702713600,42198,42233,42076,42148
1702717200,42157,42241,42154,42182
1702720800,42190,42234,42164,42230
1702724400,42241,42298,42199,42295
1702728000,42298,42446,42241,42384
1702731600,42397,42507,42227,42369
1702735200,42384,42426,42285,42331
1702738800,42336,42568,42288,42566
1702742400,42568,42676,42456,42566
1702746000,42563,42564,42446,42488
1702749600,42488,42496,42363,42438
1702753200,42448,42500,42319,42327
1702756800,42327,42390,42238,42299
1702760400,42302,42344,42225,42277
1702764000,42272,42296,42133,42281
1702767600,42280,42298,42167,42246
1702771200,42228,42268,42117,42117
1702774800,42116,42207,41853,41979
1702778400,41966,42096,41839,41840
1702782000,41844,41970,41843,41890
1702785600,41890,42005,41872,41961
1702789200,41959,42010,41753,41868
1702792800,41869,41975,41780,41964
1702796400,41962,41993,41839,41856
1702800000,41845,41886,41669,41845
1702803600,41849,41940,41790,41934
1702807200,41932,41960,41851,41906
1702810800,41843,41933,41824,41923
1702814400,41916,41960,41848,41920
1702818000,41917,41918,41755,41832
1702821600,41833,41909,41533,41581
1702825200,41593,41805,41549,41761
1702828800,41765,42070,41654,42056
1702832400,42055,42364,41979,42038
1702836000,42037,42173,41764,42129
1702839600,42119,42156,42019,42071
1702843200,42070,42138,42051,42078
1702846800,42053,42053,41864,41882
1702850400,41886,41889,41595,41679
1702854000,41668,41701,41266,41345
1702857600,41337,41408,41167,41334
1702861200,41341,41384,40906,40975
1702864800,40975,41095,40783,40887
1702868400,40883,41073,40849,41062
1702872000,41066,41162,41009,41161
1702875600,41156,41161,40980,40980
1702879200,40980,41241,40975,41157
1702882800,41171,41261,41069,41087
1702886400,41085,41211,41009,41153
1702890000,41157,41160,40798,41011
1702893600,41008,41027,40513,40772
1702897200,40791,41147,40759,41067
1702900800,41068,41083,40856,40862
1702904400,40871,41379,40861,41315
1702908000,41314,41699,41220,41566
1702911600,41590,41623,41231,41240
1702915200,41286,41484,41130,41471
1702918800,41477,41616,41375,41375
1702922400,41373,41619,41330,41619
1702926000,41623,41709,41614,41691
1702929600,41708,42015,41569,41937
1702933200,41957,42732,41957,42616
1702936800,42654,42686,42438,42503
1702940400,42502,42709,42502,42650
1702944000,42664,42866,42568,42746
1702947600,42759,43357,42610,43281
1702951200,43293,43456,43025,43078
1702954800,43079,43136,42994,43076
1702958400,43076,43125,42837,42906
1702962000,42912,42977,42850,42944
1702965600,42944,42954,42804,42898
1702969200,42911,43093,42880,43028
1702972800,43048,43191,43020,43083
1702976400,43087,43160,42953,43017
1702980000,43021,43247,42938,43104
1702983600,43112,43191,42953,42962
1702987200,42969,43004,42849,42941
1702990800,42929,43017,42853,42857
1702994400,42850,42894,42218,42352
1702998000,42338,42706,42235,42475
1703001600,42469,42621,42291,42310
1703005200,42314,42342,41814,41829
1703008800,41817,42212,41794,42197
1703012400,42173,42450,42125,42316
1703016000,42308,42365,42111,42202
1703019600,42201,42497,42195,42497
1703023200,42497,42497,42242,42317
1703026800,42316,42392,42186,42258
1703030400,42257,42431,42231,42413
1703034000,42432,42481,42234,42312
1703037600,42313,42446,42207,42419
1703041200,42414,42451,42361,42410
1703044800,42410,42835,42362,42817
1703048400,42815,42815,42574,42701
1703052000,42706,42994,42620,42852
1703055600,42861,42944,42788,42910
1703059200,42941,42967,42749,42795
1703062800,42769,42942,42732,42786
1703066400,42789,42866,42681,42865
1703070000,42872,42977,42747,42860
1703073600,42862,42989,42763,42978
1703077200,42981,43770,42981,43726
1703080800,43763,44165,43618,43887
1703084400,43886,44291,43832,44064
1703088000,44069,44151,43505,43710
1703091600,43713,44036,43597,44000
1703095200,44018,44225,43952,44161
1703098800,44161,44279,43765,43765
1703102400,43774,43811,43249,43442
1703106000,43444,43697,43337,43448
1703109600,43446,43728,43412,43615
1703113200,43611,43665,43466,43665
1703116800,43667,43728,43524,43580
1703120400,43587,43603,43373,43466
1703124000,43449,43574,43305,43390
1703127600,43390,43682,43375,43652
1703131200,43655,43702,43601,43624
1703134800,43623,43685,43468,43512
1703138400,43503,43808,43476,43795
1703142000,43796,43865,43724,43753
1703145600,43755,43933,43676,43684
1703149200,43685,43738,43561,43733
1703152800,43738,44038,43738,44008
1703156400,43990,44100,43891,43946
1703160000,43947,44207,43938,44071
1703163600,44067,44240,43965,44152
1703167200,44167,44220,43440,43516
1703170800,43522,43932,43403,43826
1703174400,43823,43917,43534,43666
1703178000,43669,43669,43379,43450
1703181600,43450,43630,43450,43580
1703185200,43623,43853,43419,43589
1703188800,43589,43786,43560,43786
1703192400,43785,44118,43727,44013
1703196000,44025,44031,43897,43959
1703199600,43965,43966,43811,43873
1703203200,43871,43960,43759,43840
1703206800,43862,44258,43852,44135
1703210400,44136,44156,43933,43979
1703214000,43985,44057,43917,43981
1703217600,44021,44157,43944,44124
1703221200,44125,44240,44096,44158
1703224800,44156,44409,43848,43902
1703228400,43894,43969,43556,43595
1703232000,43594,43805,43581,43618
1703235600,43630,43786,43475,43766
1703239200,43747,43771,43659,43734
1703242800,43704,43828,43638,43757
1703246400,43761,43796,43519,43574
1703250000,43574,43817,43545,43722
1703253600,43722,43764,43430,43659
1703257200,43651,43707,43569,43690
1703260800,43677,43712,43498,43573
1703264400,43574,43754,43559,43712
1703268000,43711,44012,43683,43983
1703271600,43986,43986,43644,43670
1703275200,43665,43783,43664,43675
1703278800,43680,43812,43680,43738
1703282400,43745,43839,43701,43839
1703286000,43838,44076,43828,44002
1703289600,44011,44027,43850,43858
1703293200,43862,43943,43707,43707
1703296800,43700,43729,43539,43557
1703300400,43551,43644,43529,43573
1703304000,43559,43559,43347,43534
1703307600,43534,43638,43512,43634
1703311200,43639,43665,43560,43663
1703314800,43657,43676,43584,43593
1703318400,43592,43662,43592,43653
1703322000,43649,43691,43560,43652
1703325600,43661,43674,43597,43606
1703329200,43603,43634,43519,43573
1703332800,43572,43770,43568,43729
1703336400,43730,43786,43671,43718
1703340000,43759,43817,43699,43807
1703343600,43822,43875,43748,43778
1703347200,43785,43865,43739,43810
1703350800,43811,43837,43756,43773
1703354400,43770,43865,43729,43810
1703358000,43825,43830,43718,43728
1703361600,43726,43764,43670,43737
1703365200,43729,43812,43685,43801
1703368800,43799,43849,43764,43781
1703372400,43775,43840,43733,43733
1703376000,43730,43734,43639,43733
1703379600,43733,43917,43733,43806
1703383200,43815,43923,43813,43877
1703386800,43877,43901,43831,43858
1703390400,43868,43954,43792,43826
1703394000,43825,43828,43472,43520
1703397600,43530,43583,43472,43571
1703401200,43576,43676,43558,43676
1703404800,43672,43685,43603,43656
1703408400,43648,43707,43621,43707
1703412000,43707,43712,43466,43613
1703415600,43612,43660,43571,43660
1703419200,43659,43681,43586,43680
1703422800,43675,43794,43662,43785
1703426400,43783,43891,43738,43758
1703430000,43755,43823,43714,43718
1703433600,43719,43738,43608,43695
1703437200,43694,43738,43641,43664
1703440800,43657,43707,43623,43697
1703444400,43697,43713,43609,43653
1703448000,43643,43643,43492,43542
1703451600,43539,43592,43499,43534
1703455200,43527,43587,42700,43050
1703458800,43043,43206,42959,43033
1703462400,43015,43130,42771,42939
1703466000,42963,43087,42942,43076
1703469600,43053,43113,42896,43074
1703473200,43067,43160,43025,43160
1703476800,43160,43216,43106,43115
1703480400,43122,43243,43118,43242
1703484000,43253,43330,43230,43250
1703487600,43252,43293,43191,43218
1703491200,43225,43295,43124,43134
1703494800,43118,43203,43077,43159
1703498400,43161,43206,43109,43187
1703502000,43194,43248,43098,43201
1703505600,43192,43712,43112,43671
1703509200,43688,43807,43566,43664
1703512800,43681,43770,43592,43663
1703516400,43676,43765,43632,43634
1703520000,43641,43718,43472,43536
1703523600,43534,43675,43511,43571
1703527200,43591,43658,43399,43455
1703530800,43437,43503,43384,43491
1703534400,43502,43503,43368,43432
1703538000,43438,43534,43366,43533
1703541600,43534,43723,43495,43701
1703545200,43697,43697,43588,43591
1703548800,43587,43605,43440,43471
1703552400,43473,43555,43454,43522
1703556000,43533,43545,43446,43446
1703559600,43446,43498,43415,43469
1703563200,43468,43488,43404,43454
1703566800,43428,43447,42742,42779
1703570400,42775,42818,42565,42708
1703574000,42686,42830,42648,42776
1703577600,42764,42800,42661,42709
1703581200,42708,42729,42193,42412
1703584800,42408,42650,42362,42650
1703588400,42645,42727,42564,42676
1703592000,42672,42778,42608,42763
1703595600,42762,42770,42632,42708
1703599200,42705,42808,42563,42599
1703602800,42588,42722,42283,42364
1703606400,42367,42414,42121,42298
1703610000,42295,42341,41639,41997
1703613600,41995,42139,41810,42128
1703617200,42127,42268,42040,42084
1703620800,42072,42219,42044,42128
1703624400,42121,42334,42114,42334
1703628000,42334,42584,42322,42466
1703631600,42470,42539,42408,42510
1703635200,42511,42543,42349,42356
1703638800,42353,42489,42305,42452
1703642400,42470,42483,42192,42220
1703646000,42251,42334,42121,42231
1703649600,42222,42339,42212,42298
1703653200,42316,42441,42289,42441
1703656800,42446,42538,42414,42438
1703660400,42425,42500,42403,42467
1703664000,42465,42758,42400,42716
1703667600,42734,42758,42652,42754
1703671200,42746,43217,42705,43207
1703674800,43200,43224,42917,43020
1703678400,43019,43049,42789,42921
1703682000,42932,42983,42723,42928
1703685600,42924,43160,42845,42928
1703689200,42924,43093,42802,42998
1703692800,43000,43200,42905,43106
1703696400,43111,43156,42892,43048
1703700000,43048,43227,42962,43203
1703703600,43206,43213,43032,43171
1703707200,43186,43587,43138,43510
1703710800,43489,43519,43284,43402
1703714400,43400,43698,43341,43371
1703718000,43361,43504,43361,43473
1703721600,43468,43812,43422,43586
1703725200,43613,43741,43466,43466
1703728800,43469,43497,43349,43394
1703732400,43424,43450,43362,43445
1703736000,43444,43644,43347,43347
1703739600,43344,43388,43180,43246
1703743200,43236,43236,43010,43052
1703746800,43080,43080,42835,43065
1703750400,43066,43082,42955,42955
1703754000,42940,43135,42892,43062
1703757600,43063,43201,43039,43117
1703761200,43104,43163,43041,43068
1703764800,43083,43151,42768,42768
1703768400,42811,42933,42614,42793
1703772000,42807,42839,42482,42664
1703775600,42671,42706,42411,42457
1703779200,42457,42570,42288,42460
1703782800,42471,42638,42464,42551
1703786400,42541,42645,42402,42493
1703790000,42491,42712,42465,42622
1703793600,42610,42627,42386,42518
1703797200,42518,42623,42360,42475
1703800800,42462,42655,42411,42655
1703804400,42655,42758,42546,42583
1703808000,42587,42710,42415,42439
1703811600,42431,42553,42141,42358
1703815200,42358,42613,42284,42575
1703818800,42591,42787,42472,42716
1703822400,42720,42783,42612,42676
1703826000,42678,42719,42522,42692
1703829600,42690,42709,42533,42538
1703833200,42537,42577,42249,42316
1703836800,42316,42527,42316,42502
1703840400,42502,42712,42448,42679
1703844000,42686,42824,42649,42716
1703847600,42715,42958,42706,42887
1703851200,42893,42958,42789,42845
1703854800,42863,42909,42736,42850
1703858400,42870,43128,42792,43048
1703862000,43065,43065,42176,42288
1703865600,42295,42364,41980,41987
1703869200,41989,42068,41651,41778
1703872800,41778,42110,41728,42062
1703876400,42067,42151,41953,42101
1703880000,42115,42115,41922,42033
1703883600,42017,42231,41892,41927
1703887200,41934,41940,41306,41770
1703890800,41804,42100,41793,42072
1703894400,42069,42211,42020,42102
1703898000,42094,42207,42079,42164
1703901600,42157,42176,41839,41910
1703905200,41914,42006,41826,41973
1703908800,41972,42066,41968,41993
1703912400,41987,42121,41983,42094
1703916000,42112,42146,42026,42042
1703919600,42043,42124,41935,41948
1703923200,41939,41986,41554,41568
1703926800,41577,41713,41529,41684
1703930400,41689,41804,41673,41804
1703934000,41804,41953,41804,41892
1703937600,41905,42101,41888,41990
1703941200,41988,42027,41894,42027
1703944800,42027,42244,42027,42243
1703948400,42230,42420,42185,42370
1703952000,42373,42589,42373,42400
1703955600,42397,42599,42258,42496
1703959200,42488,42512,42337,42413
1703962800,42411,42451,42340,42358
1703966400,42356,42401,42208,42285
1703970000,42287,42325,42223,42304
1703973600,42303,42306,42094,42143
1703977200,42105,42287,42105,42148
1703980800,42148,42414,42148,42341
1703984400,42363,42426,42163,42167
1703988000,42168,42230,41976,42091
1703991600,42073,42171,42029,42171
1703995200,42170,42311,42151,42221
1703998800,42221,42300,42197,42198
1704002400,42189,42280,42182,42250
1704006000,42251,42656,42251,42519
1704009600,42525,42553,42365,42465
1704013200,42464,42867,42435,42735
1704016800,42741,42757,42615,42652
1704020400,42638,42679,42497,42501
1704024000,42508,42629,42358,42435
1704027600,42426,42522,42402,42456
1704031200,42449,42522,42405,42501
1704034800,42522,42576,42355,42449
1704038400,42448,42676,42416,42575
1704042000,42604,42638,42471,42599
1704045600,42605,42696,42526,42639
1704049200,42652,42671,42569,42596
1704052800,42600,42643,42500,42537
1704056400,42537,42640,42506,42506
1704060000,42506,42563,42096,42254
1704063600,42246,42332,42072,42258
1704067200,42258,42533,42257,42470
1704070800,42443,42746,42420,42600
1704074400,42603,42621,42502,42574
1704078000,42572,42581,42253,42335
1704081600,42322,42388,42212,42388
1704085200,42388,42396,42188,42234
1704088800,42216,42420,42214,42403
1704092400,42403,42497,42403,42465
1704096000,42494,42543,42452,42542
1704099600,42543,42676,42543,42635
1704103200,42653,42742,42633,42687
1704106800,42705,42755,42609,42682
1704110400,42708,42763,42619,42650
1704114000,42659,42742,42618,42723
1704117600,42707,42708,42589,42611
1704121200,42611,42840,42596,42766
1704124800,42793,42850,42678,42727
1704128400,42744,42834,42710,42817
1704132000,42835,43196,42835,43120
1704135600,43147,43545,43109,43518
1704139200,43534,43833,43534,43698
1704142800,43715,43789,43498,43623
1704146400,43623,43655,43404,43545
1704150000,43561,44192,43561,44187
1704153600,44187,45219,44167,45098
1704157200,45073,45386,44704,44887
1704160800,44901,45414,44901,45412
1704164400,45412,45532,45163,45422
1704168000,45482,45498,45210,45236
1704171600,45222,45363,45173,45211
1704175200,45214,45358,45180,45224
1704178800,45213,45680,45213,45495
1704182400,45497,45922,45382,45793
1704186000,45812,45911,45676,45722
1704189600,45717,45760,45479,45608
1704193200,45623,45724,45250,45467
1704196800,45467,45632,45320,45338
1704200400,45338,45740,45309,45699
1704204000,45689,45845,45070,45303
1704207600,45297,45369,44899,45226
1704211200,45227,45437,44925,45392
1704214800,45387,45417,44981,44989
1704218400,44989,45294,44979,45170
1704222000,45185,45263,44844,45065
1704225600,45059,45192,44764,44796
1704229200,44823,45125,44634,45125
1704232800,45125,45297,44874,45001
1704236400,45008,45063,44828,44970
1704240000,44972,45231,44887,45161
1704243600,45162,45339,45127,45336
1704247200,45342,45429,45243,45292
1704250800,45314,45339,45187,45289
1704254400,45296,45296,45150,45205
1704258000,45207,45309,45142,45195
1704261600,45198,45374,45172,45342
1704265200,45335,45391,44973,45029
1704268800,45028,45220,45021,45219
1704272400,45222,45510,45210,45361
1704276000,45361,45403,45066,45164
1704279600,45168,45195,43533,43739
1704283200,43751,43751,41454,42816
1704286800,42835,42853,42260,42572
1704290400,42542,42548,42080,42221
1704294000,42224,43042,42224,43014
1704297600,43008,43606,42838,43034
1704301200,43033,43067,42661,42932
1704304800,42908,43082,41996,42265
1704308400,42284,43027,42176,42627
1704312000,42608,42862,42548,42725
1704315600,42739,42986,42613,42912
1704319200,42930,42967,42640,42775
1704322800,42771,42865,42619,42865
1704326400,42863,42992,42786,42903
1704330000,42900,42959,42656,42746
1704333600,42750,43232,42725,43167
1704337200,43164,43238,43017,43143
1704340800,43151,43235,42998,43185
1704344400,43198,43300,43116,43218
1704348000,43235,43263,43131,43182
1704351600,43183,43291,42804,42804
1704355200,42822,43004,42768,42881
1704358800,42914,43112,42905,43055
1704362400,43054,43124,42722,43113
1704366000,43120,43273,42989,43226
1704369600,43231,43446,43147,43434
1704373200,43435,43538,43214,43388
1704376800,43388,43775,43295,43712
1704380400,43704,44357,43643,44085
1704384000,44090,44171,43829,43948
1704387600,43967,44265,43884,44057
1704391200,44056,44195,43928,44094
1704394800,44095,44483,43985,44021
1704398400,44021,44731,43955,44191
1704402000,44165,44605,44165,44468
1704405600,44492,44795,44220,44394
1704409200,44401,44401,44125,44186
1704412800,44195,44297,44033,44266
1704416400,44262,44328,42616,43432
1704420000,43408,44028,43344,43555
1704423600,43561,43836,43464,43504
1704427200,43526,43666,43256,43625
1704430800,43612,43744,43563,43685
1704434400,43674,43945,43614,43873
1704438000,43880,43949,43769,43810
1704441600,43809,43982,43808,43949
1704445200,43964,44346,43964,44189
1704448800,44165,44178,43496,43663
1704452400,43658,43938,43645,43811
1704456000,43797,44132,43673,43911
1704459600,43910,44107,43770,44028
1704463200,44030,44097,42500,43511
1704466800,43517,43834,43371,43527
1704470400,43523,43630,43250,43253
1704474000,43289,43654,43139,43645
1704477600,43649,43702,43443,43626
1704481200,43641,43833,43541,43620
1704484800,43630,44366,43627,43986
1704488400,43989,44016,43623,43964
1704492000,43961,44069,43815,44006
1704495600,44009,44344,44009,44184
1704499200,44189,44253,44033,44108
1704502800,44106,44132,43958,44009
1704506400,44012,44047,43873,43949
1704510000,43942,44053,43863,43981
1704513600,43973,44010,43875,43886
1704517200,43886,43905,43640,43738
1704520800,43728,43728,43482,43502
1704524400,43503,43698,43440,43697
1704528000,43688,43765,43595,43732
1704531600,43734,43780,43665,43670
1704535200,43712,43786,43617,43726
1704538800,43717,43733,43655,43701
1704542400,43699,43777,43585,43642
1704546000,43644,43759,43583,43742
1704549600,43741,43938,43741,43846
1704553200,43856,43927,43827,43898
1704556800,43893,43992,43861,43901
1704560400,43886,44028,43869,43997
1704564000,43993,44150,43920,44031
1704567600,44032,44047,43870,43938
1704571200,43939,43986,43688,43857
1704574800,43861,43958,43765,43915
1704578400,43928,43954,43791,43907
1704582000,43904,43999,43775,43999
1704585600,43988,44261,43946,44144
1704589200,44162,44189,43996,44000
1704592800,44003,44117,43875,43963
1704596400,43967,44055,43936,43964
1704600000,43976,44054,43917,44020
1704603600,44042,44085,43876,43911
1704607200,43919,44101,43890,44051
1704610800,44051,44117,44020,44111
1704614400,44116,44184,44029,44040
1704618000,44049,44093,43912,43965
1704621600,43963,44010,43939,43984
1704625200,43987,44139,43987,44084
1704628800,44084,44165,44003,44115
1704632400,44112,44457,44111,44426
1704636000,44426,44500,44320,44411
1704639600,44425,44454,43973,44094
1704643200,44071,44197,43887,43966
1704646800,43956,44107,43749,44090
1704650400,44098,44191,44060,44138
1704654000,44123,44277,44063,44273
1704657600,44273,44290,44144,44144
1704661200,44147,44272,44136,44259
1704664800,44258,44258,43818,43888
1704668400,43871,44044,43636,43944
1704672000,43936,43997,43660,43660
1704675600,43660,43836,43649,43740
1704679200,43746,43826,43213,43396
1704682800,43353,43574,43260,43553
1704686400,43529,43622,43462,43618
1704690000,43598,43660,43498,43654
1704693600,43649,44245,43616,43916
1704697200,43926,44094,43818,43984
1704700800,43995,44090,43863,43869
1704704400,43893,43939,43676,43747
1704708000,43749,44148,43716,44105
1704711600,44113,44688,43984,44652
1704715200,44653,45200,44440,45157
1704718800,45144,45210,44860,44950
1704722400,44968,45125,44779,44828
1704726000,44841,45352,44718,44991
1704729600,45018,45180,44838,44990
1704733200,44983,45708,44964,45708
1704736800,45697,47021,45697,47007
1704740400,47008,47281,46622,47021
1704744000,47022,47209,46746,46785
1704747600,46808,47247,46695,47097
1704751200,47145,47153,46852,47047
1704754800,47033,47153,46881,46995
1704758400,47012,47179,46281,46706
1704762000,46731,46818,46311,46575
1704765600,46588,46812,46516,46812
1704769200,46812,46998,46796,46976
1704772800,46969,46975,46727,46826
1704776400,46838,46870,46645,46770
1704780000,46770,46874,46704,46821
1704783600,46836,46942,46764,46853
1704787200,46852,46905,46555,46564
1704790800,46566,46709,46454,46518
1704794400,46504,46689,46428,46462
1704798000,46462,46662,46454,46662
1704801600,46641,47015,45496,46197
1704805200,46182,47054,46099,46862
1704808800,46858,47025,46527,46587
1704812400,46569,47021,46459,46873
1704816000,46943,46996,46755,46923
1704819600,46919,46934,46662,46744
1704823200,46746,46752,46528,46657
1704826800,46656,46891,46595,46890
1704830400,46891,46930,46605,46666
1704834000,46654,47897,44903,45462
1704837600,45381,46296,45300,46283
1704841200,46218,46260,45956,46124
1704844800,46103,46247,45805,45880
1704848400,45899,45949,45639,45940
1704852000,45946,46103,45894,45960
1704855600,45995,46226,45961,46132
1704859200,46155,46203,45964,45986
1704862800,45989,46036,45910,45993
1704866400,45993,46065,45909,46029
1704870000,46023,46042,45746,45778
1704873600,45785,45867,45350,45350
1704877200,45354,45707,45354,45671
1704880800,45673,45739,45548,45548
1704884400,45582,45679,45081,45532
1704888000,45492,45647,44406,44697
1704891600,44672,45379,44304,45131
1704895200,45131,45404,44805,44881
1704898800,44872,45609,44801,45564
1704902400,45577,45675,45210,45309
1704906000,45324,46437,45249,46419
1704909600,46419,46653,45952,46549
1704913200,46573,46715,46116,46518
1704916800,46514,46529,44900,46162
1704920400,46097,46301,45152,45960
1704924000,45952,47000,45779,46966
1704927600,46929,47751,46432,46681
1704931200,46678,46734,46327,46689
1704934800,46701,46784,46502,46521
1704938400,46529,46650,46516,46581
1704942000,46583,46606,46229,46516
1704945600,46515,46521,46336,46421
1704949200,46430,46430,45922,46103
1704952800,46082,46113,45644,45936
1704956400,45927,46160,45900,46092
1704960000,46105,46321,46061,46286
1704963600,46280,46343,46217,46239
1704967200,46227,46855,46208,46855
1704970800,46857,47155,46721,47063
1704974400,47080,47480,46981,47480
1704978000,47470,47470,46835,47349
1704981600,47349,49048,47262,48664
1704985200,48661,48733,46447,46712
1704988800,46691,46949,45741,45941
1704992400,45939,46515,45600,46468
1704996000,46481,46652,46263,46592
1704999600,46606,46711,46282,46704
1705003200,46699,47014,46160,46301
1705006800,46263,46467,46138,46148
1705010400,46149,46438,46100,46413
1705014000,46404,46489,46309,46360
1705017600,46343,46516,46083,46297
1705021200,46305,46337,45911,46144
1705024800,46146,46259,46020,46138
1705028400,46121,46182,45933,46005
1705032000,46000,46095,45872,45957
1705035600,45969,46214,45899,46193
1705039200,46193,46361,46121,46121
1705042800,46122,46150,45777,46021
1705046400,46015,46015,45655,45868
1705050000,45870,46067,45549,45928
1705053600,45925,46134,45844,46074
1705057200,46064,46253,45955,45958
1705060800,45956,46114,45686,45869
1705064400,45878,45932,45611,45783
1705068000,45783,45894,45250,45451
1705071600,45466,45469,44272,44336
1705075200,44336,44592,43155,43559
1705078800,43559,43715,43168,43688
1705082400,43687,43846,43263,43424
1705086000,43422,43670,43232,43425
1705089600,43418,44011,43379,43636
1705093200,43656,43866,43225,43433
1705096800,43424,43426,41509,42489
1705100400,42460,42938,42460,42778
1705104000,42772,42968,42757,42792
1705107600,42802,42879,42512,42656
1705111200,42614,42843,42518,42518
1705114800,42520,42658,42440,42597
1705118400,42597,42840,42549,42834
1705122000,42830,43118,42769,43097
1705125600,43088,43170,42944,43144
1705129200,43146,43246,43062,43093
1705132800,43101,43244,43072,43191
1705136400,43166,43190,42860,42920
1705140000,42922,42928,42630,42695
1705143600,42709,42794,42511,42614
1705147200,42610,42741,42502,42681
1705150800,42681,42778,42600,42732
1705154400,42729,42943,42631,42851
1705158000,42860,43236,42854,43147
1705161600,43176,43176,42794,42889
1705165200,42891,42976,42768,42897
1705168800,42883,42897,42737,42794
1705172400,42823,42969,42773,42774
1705176000,42773,42902,42702,42868
1705179600,42864,42969,42822,42961
1705183200,42963,43030,42885,42986
1705186800,42986,42986,42809,42843
1705190400,42834,42883,42668,42685
1705194000,42676,42839,42676,42777
1705197600,42761,42807,42651,42763
1705201200,42756,42759,42661,42668
1705204800,42662,42685,42559,42575
1705208400,42577,42783,42577,42734
1705212000,42737,42974,42737,42974
1705215600,42973,43041,42887,42998
1705219200,43000,43010,42883,42984
1705222800,42979,43060,42824,43060
1705226400,43030,43030,42866,42869
1705230000,42884,42907,42781,42805
1705233600,42814,42844,42712,42756
1705237200,42751,42904,42739,42892
1705240800,42878,42988,42789,42814
1705244400,42822,42950,42792,42908
1705248000,42919,42953,42845,42916
1705251600,42930,42989,42867,42965
1705255200,42968,42989,42830,42882
1705258800,42886,42916,42621,42632
1705262400,42629,42712,42199,42490
1705266000,42487,42577,41974,42512
1705269600,42517,42609,42055,42265
1705273200,42247,42291,41704,41715
1705276800,41701,42335,41680,42242
1705280400,42232,42380,42162,42265
1705284000,42261,42373,42185,42373
1705287600,42368,42611,42368,42532
1705291200,42555,42613,42505,42582
1705294800,42569,42800,42567,42728
1705298400,42721,42778,42599,42639
1705302000,42629,42741,42507,42697
1705305600,42709,42742,42626,42650
1705309200,42645,42727,42573,42716
1705312800,42724,42724,42512,42540
1705316400,42535,42681,42516,42671
1705320000,42671,42691,42558,42641
1705323600,42668,42933,42594,42836
1705327200,42842,42845,42157,42176
1705330800,42181,42436,42136,42256
1705334400,42242,42527,42221,42502
1705338000,42497,42746,42497,42684
1705341600,42701,43324,42685,42979
1705345200,42948,43104,42801,42951
1705348800,42970,43086,42826,42924
1705352400,42907,42922,42681,42681
1705356000,42683,42763,42324,42579
1705359600,42583,42608,42443,42493
1705363200,42483,42649,42445,42572
1705366800,42569,42686,42526,42547
1705370400,42536,42690,42521,42671
1705374000,42698,42901,42679,42891
1705377600,42897,42901,42722,42759
1705381200,42759,42871,42725,42741
1705384800,42732,42738,42619,42694
1705388400,42704,42737,42570,42736
1705392000,42736,42974,42671,42973
1705395600,42974,43098,42860,42905
1705399200,42894,42919,42814,42832
1705402800,42829,42903,42726,42864
1705406400,42859,43113,42821,43113
1705410000,43118,43129,42717,42786
1705413600,42784,42917,42056,42672
1705417200,42668,43295,42529,43245
1705420800,43238,43398,43025,43245
1705424400,43237,43241,43016,43034
1705428000,43032,43144,42829,43005
1705431600,43016,43172,42940,43156
1705435200,43151,43375,43049,43204
1705438800,43179,43566,43179,43436
1705442400,43430,43493,43198,43205
1705446000,43201,43278,43114,43131
1705449600,43128,43168,43052,43085
1705453200,43079,43187,42958,42968
1705456800,42953,43044,42912,42979
1705460400,42973,43015,42837,42840
1705464000,42839,42895,42768,42841
1705467600,42832,42892,42750,42764
1705471200,42760,42850,42751,42792
1705474800,42815,42836,42594,42634
1705478400,42612,42722,42544,42699
1705482000,42690,42794,42650,42650
1705485600,42651,42814,42599,42814
1705489200,42811,42819,42645,42649
1705492800,42650,42753,42400,42753
1705496400,42752,42752,42498,42580
1705500000,42570,42897,42359,42538
1705503600,42559,42727,42452,42456
1705507200,42458,42531,42233,42323
1705510800,42314,42432,42172,42335
1705514400,42337,42568,42247,42568
1705518000,42568,42699,42520,42570
1705521600,42575,42845,42531,42686
1705525200,42648,42776,42572,42637
1705528800,42638,42693,42417,42688
1705532400,42686,42747,42581,42738
1705536000,42738,42748,42586,42624
1705539600,42623,42676,42474,42547
1705543200,42553,42688,42552,42630
1705546800,42615,42640,42507,42543
1705550400,42550,42640,42539,42626
1705554000,42627,42735,42587,42732
1705557600,42730,42835,42717,42746
1705561200,42758,42870,42758,42856
1705564800,42870,42871,42681,42694
1705568400,42698,42814,42669,42695
1705572000,42683,42722,42362,42395
1705575600,42387,42492,42344,42492
1705579200,42492,42496,42319,42396
1705582800,42378,42599,42327,42467
1705586400,42467,42686,42395,42686
1705590000,42691,42761,42579,42579
1705593600,42580,42580,41679,41881
1705597200,41880,42105,41451,41761
1705600800,41756,41843,41325,41440
1705604400,41447,41524,40770,40985
1705608000,40946,41261,40600,40756
1705611600,40748,41209,40687,41074
1705615200,41033,41310,41026,41310
1705618800,41292,41320,41167,41283
1705622400,41250,41320,41066,41253
1705626000,41257,41292,41087,41230
1705629600,41222,41263,41037,41077
1705633200,41069,41096,40715,41003
1705636800,41000,41157,40992,41044
1705640400,41050,41182,41009,41161
1705644000,41163,41464,41157,41431
1705647600,41439,41533,41172,41214
1705651200,41213,41323,41098,41236
1705654800,41239,41400,41192,41357
1705658400,41346,41434,41287,41434
1705662000,41434,41459,41322,41438
1705665600,41435,41438,41222,41271
1705669200,41283,41385,41226,41341
1705672800,41351,41409,40808,40902
1705676400,40933,41093,40672,40842
1705680000,40850,40891,40277,40362
1705683600,40352,41182,40258,41179
1705687200,41178,41932,40959,41761
1705690800,41766,41857,41527,41770
1705694400,41768,42152,41430,41537
1705698000,41549,41752,41490,41603
1705701600,41588,41698,41509,41644
1705705200,41641,41676,41575,41628
1705708800,41622,41647,41428,41451
1705712400,41450,41660,41450,41612
1705716000,41617,41617,41508,41594
1705719600,41580,41624,41499,41607
1705723200,41603,41629,41543,41578
1705726800,41590,41609,41544,41606
1705730400,41606,41664,41597,41651
1705734000,41643,41744,41628,41629
1705737600,41637,41650,41499,41563
1705741200,41569,41609,41438,41501
1705744800,41492,41581,41468,41516
1705748400,41517,41588,41449,41548
1705752000,41559,41662,41516,41599
1705755600,41581,41654,41564,41612
1705759200,41618,41625,41473,41517
1705762800,41516,41643,41460,41543
1705766400,41542,41609,41519,41541
1705770000,41538,41599,41514,41560
1705773600,41561,41594,41499,41582
1705777200,41585,41644,41571,41607
1705780800,41607,41784,41586,41719
1705784400,41723,41854,41705,41706
1705788000,41716,41779,41659,41753
1705791600,41752,41771,41605,41673
1705795200,41658,41699,41610,41624
1705798800,41617,41694,41610,41641
1705802400,41641,41689,41632,41681
1705806000,41680,41704,41649,41668
1705809600,41663,41668,41636,41649
1705813200,41656,41677,41611,41615
1705816800,41612,41644,41554,41581
1705820400,41581,41639,41565,41622
1705824000,41629,41694,41629,41644
1705827600,41645,41714,41645,41714
1705831200,41714,41793,41683,41773
1705834800,41766,41779,41675,41702
1705838400,41692,41784,41679,41716
1705842000,41715,41829,41713,41829
1705845600,41829,41849,41744,41767
1705849200,41768,41824,41590,41632
1705852800,41634,41648,41519,41589
1705856400,41576,41668,41576,41656
1705860000,41656,41703,41603,41666
1705863600,41664,41704,41622,41704
1705867200,41702,41744,41611,41634
1705870800,41634,41778,41610,41765
1705874400,41758,41761,41604,41617
1705878000,41605,41661,41485,41560
1705881600,41555,41644,41454,41628
1705885200,41621,41649,41256,41330
1705888800,41318,41399,41236,41293
1705892400,41287,41318,41034,41162
1705896000,41164,41186,40754,40763
1705899600,40763,41112,40687,41098
1705903200,41099,41266,40972,41169
1705906800,41153,41153,40950,40987
1705910400,40997,40997,40734,40921
1705914000,40900,41004,40600,40697
1705917600,40701,40817,40345,40667
1705921200,40669,40891,40630,40774
1705924800,40762,40881,40671,40845
1705928400,40834,41187,40827,40909
1705932000,40908,40945,40500,40669
1705935600,40670,40792,40324,40716
1705939200,40725,40798,40353,40467
1705942800,40467,40754,40409,40665
1705946400,40665,40753,40036,40262
1705950000,40260,40496,39445,39798
1705953600,39796,40322,39767,40146
1705957200,40135,40150,39816,39816
1705960800,39811,40035,39460,39794
1705964400,39795,39908,39437,39528
1705968000,39515,39835,39471,39832
1705971600,39830,39869,39670,39794
1705975200,39780,40037,39780,40028
1705978800,40022,40081,39946,39968
1705982400,39975,40133,39974,40025
1705986000,40021,40085,40014,40026
1705989600,40027,40085,39931,39979
1705993200,39982,39990,39630,39740
1705996800,39740,39816,39327,39428
1706000400,39423,39458,38885,38942
1706004000,38927,39132,38833,38890
1706007600,38876,39018,38620,38807
1706011200,38801,39045,38716,39013
1706014800,39033,39033,38815,38815
1706018400,38816,38845,38505,38716
1706022000,38713,39391,38713,39179
1706025600,39158,39330,38892,39267
1706029200,39269,39606,39228,39367
1706032800,39366,39602,39078,39079
1706036400,39085,39248,38984,39117
1706040000,39136,39382,38989,39131
1706043600,39121,39293,39031,39194
1706047200,39206,39522,39166,39429
1706050800,39439,39869,39438,39868
1706054400,39849,40224,39759,40155
1706058000,40149,40149,39745,39745
1706061600,39746,39871,39692,39736
1706065200,39741,39766,39551,39591
1706068800,39570,39715,39545,39621
1706072400,39633,39810,39633,39764
1706076000,39764,39854,39634,39836
1706079600,39846,40128,39786,39941
1706083200,39951,40104,39831,39921
1706086800,39921,40068,39878,39998
1706090400,39988,40515,39961,40323
1706094000,40333,40345,40081,40190
1706097600,40190,40262,39978,40001
1706101200,40009,40098,39857,39954
1706104800,39956,40171,39749,39893
1706108400,39892,40085,39820,40036
1706112000,40032,40166,39903,40160
1706115600,40168,40181,40028,40118
1706119200,40117,40137,39597,39754
1706122800,39742,39831,39617,39799
1706126400,39789,39988,39493,39506
1706130000,39525,39765,39461,39765
1706133600,39748,39881,39730,39869
1706137200,39845,40162,39835,40074
1706140800,40074,40157,40002,40155
1706144400,40154,40162,39926,39969
1706148000,39970,40053,39908,39922
1706151600,39933,40077,39924,39993
1706155200,39993,40014,39898,39942
1706158800,39942,39946,39778,39854
1706162400,39854,40022,39852,40011
1706166000,39994,40109,39965,40108
1706169600,40106,40147,40007,40066
1706173200,40057,40110,40006,40014
1706176800,40012,40094,39945,40094
1706180400,40094,40278,40059,40155
1706184000,40160,40254,39816,39837
1706187600,39847,39936,39732,39897
1706191200,39897,40065,39849,39994
1706194800,39992,40023,39611,39784
1706198400,39782,39828,39649,39686
1706202000,39674,39807,39531,39781
1706205600,39785,40002,39703,39822
1706209200,39821,39969,39709,39969
1706212800,39969,39979,39607,39817
1706216400,39817,39907,39760,39902
1706220000,39904,39959,39866,39932
1706223600,39933,39960,39873,39916
1706227200,39929,39950,39866,39875
1706230800,39875,39941,39808,39921
1706234400,39921,40188,39919,40118
1706238000,40118,40169,40046,40047
1706241600,40047,40181,40047,40123
1706245200,40151,40160,40070,40084
1706248800,40081,40133,39970,39970
1706252400,39974,40001,39879,39955
1706256000,39955,40147,39944,40110
1706259600,40113,40379,40027,40066
1706263200,40051,40725,40046,40660
1706266800,40652,41301,40652,41257
1706270400,41284,41474,41074,41121
1706274000,41122,41202,40895,40992
1706277600,40993,41564,40993,41564
1706281200,41563,41563,41188,41401
1706284800,41400,41988,41380,41947
1706288400,41941,41998,41740,41902
1706292000,41898,42194,41834,42117
1706295600,42105,42136,41929,42054
1706299200,42052,42233,41843,41969
1706302800,41967,42038,41863,41994
1706306400,41996,42012,41825,41898
1706310000,41893,41973,41800,41818
1706313600,41817,41863,41709,41787
1706317200,41769,41919,41766,41810
1706320800,41809,41892,41808,41832
1706324400,41833,41856,41764,41810
1706328000,41809,41872,41780,41829
1706331600,41833,41871,41735,41758
1706335200,41754,41809,41692,41692
1706338800,41700,41729,41609,41704
1706342400,41669,41699,41429,41473
1706346000,41441,41724,41396,41662
1706349600,41664,41784,41643,41745
1706353200,41742,41784,41701,41753
1706356800,41753,41799,41707,41748
1706360400,41745,41799,41716,41729
1706364000,41734,41809,41725,41760
1706367600,41766,41879,41735,41810
1706371200,41809,41888,41795,41813
1706374800,41805,41846,41774,41782
1706378400,41782,41809,41749,41797
1706382000,41803,41973,41786,41915
1706385600,41915,42066,41915,42060
1706389200,42066,42162,42014,42148
1706392800,42149,42187,42081,42142
1706396400,42155,42170,42091,42124
1706400000,42126,42145,41945,41989
1706403600,41999,42230,41998,42096
1706407200,42115,42167,42099,42104
1706410800,42103,42231,42100,42224
1706414400,42231,42747,42227,42722
1706418000,42712,42824,42452,42563
1706421600,42560,42574,42301,42412
1706425200,42411,42530,42367,42393
1706428800,42393,42609,42335,42485
1706432400,42496,42699,42434,42570
1706436000,42574,42651,42503,42608
1706439600,42609,42624,42364,42476
1706443200,42477,42496,42293,42413
1706446800,42413,42445,42253,42389
1706450400,42388,42522,42258,42289
1706454000,42289,42408,42157,42252
1706457600,42242,42342,42141,42309
1706461200,42304,42308,42096,42160
1706464800,42153,42168,41936,41967
1706468400,41963,42015,41731,41781
1706472000,41779,41960,41684,41943
1706475600,41937,42015,41809,41965
1706479200,41967,41971,41629,41828
1706482800,41830,42056,41751,42026
1706486400,42027,42055,41879,41968
1706490000,41967,42293,41966,42151
1706493600,42157,42313,42121,42219
1706497200,42226,42484,42226,42325
1706500800,42324,42338,42187,42206
1706504400,42212,42273,42122,42130
1706508000,42129,42243,42126,42138
1706511600,42165,42226,41987,42042
1706515200,42038,42130,41960,42108
1706518800,42105,42309,41956,42268
1706522400,42283,42375,42207,42300
1706526000,42313,42343,42190,42220
1706529600,42240,42354,41970,42099
1706533200,42093,42119,41930,41994
1706536800,41995,42086,41804,41940
1706540400,41937,42630,41864,42630
1706544000,42631,43295,42548,43210
1706547600,43206,43295,42933,42994
1706551200,43004,43112,42887,43022
1706554800,43019,43149,42982,42992
1706558400,43002,43205,42983,43156
1706562000,43143,43262,43070,43181
1706565600,43173,43215,43080,43114
1706569200,43107,43305,43082,43305
1706572800,43302,43307,43138,43171
1706576400,43166,43550,43151,43443
1706580000,43443,43775,43443,43614
1706583600,43613,43688,43462,43513
1706587200,43513,43563,43410,43415
1706590800,43414,43460,43342,43360
1706594400,43361,43415,43260,43340
1706598000,43339,43435,43316,43354
1706601600,43352,43456,43220,43421
1706605200,43421,43451,43315,43315
1706608800,43322,43492,43290,43479
1706612400,43473,43550,43414,43530
1706616000,43529,43853,43258,43389
1706619600,43393,43472,43155,43282
1706623200,43287,43492,43124,43463
1706626800,43473,43617,43305,43370
1706630400,43379,43500,43233,43491
1706634000,43491,43587,43306,43402
1706637600,43397,43500,43283,43372
1706641200,43374,43578,43340,43547
1706644800,43548,43799,43497,43568
1706648400,43565,43685,43492,43549
1706652000,43548,43579,43336,43337
1706655600,43336,43359,42692,42946
1706659200,42945,43098,42861,42932
1706662800,42921,42989,42718,42768
1706666400,42767,42881,42655,42871
1706670000,42860,42974,42851,42917
1706673600,42915,42969,42856,42945
1706677200,42945,43025,42905,42960
1706680800,42959,43036,42896,42953
1706684400,42953,43047,42921,43023
1706688000,43009,43050,42922,42955
1706691600,42946,42951,42605,42620
1706695200,42630,42759,42369,42369
1706698800,42370,42648,42340,42615
1706702400,42615,42686,42523,42595
1706706000,42586,42876,42488,42769
1706709600,42765,42958,42546,42867
1706713200,42854,43445,42691,43354
1706716800,43346,43579,43292,43467
1706720400,43466,43738,43428,43716
1706724000,43724,43735,43463,43500
1706727600,43500,43544,43032,43300
1706731200,43347,43350,42497,42500
1706734800,42500,42676,42264,42450
1706738400,42441,42673,42357,42631
1706742000,42623,42660,42531,42558
1706745600,42548,42641,42208,42448
1706749200,42427,42442,41859,41944
1706752800,41946,42131,41925,42116
1706756400,42115,42136,41935,41978
1706760000,41965,42091,41859,42034
1706763600,42033,42146,41983,42110
1706767200,42112,42182,42080,42152
1706770800,42152,42259,42080,42148
1706774400,42140,42209,42081,42204
1706778000,42200,42218,42089,42116
1706781600,42115,42278,42077,42189
1706785200,42175,42258,42010,42039
1706788800,42024,42187,41914,42103
1706792400,42092,42248,41950,42199
1706796000,42184,42630,42162,42617
1706799600,42621,42917,42502,42502
1706803200,42498,42677,42359,42637
1706806800,42637,43153,42609,42895
1706810400,42918,43025,42763,42838
1706814000,42838,43263,42815,43207
1706817600,43203,43260,42891,43000
1706821200,42996,43201,42958,43107
1706824800,43082,43098,42871,42916
1706828400,42928,43072,42874,43071
1706832000,43075,43403,43033,43155
1706835600,43163,43281,43098,43107
1706839200,43107,43185,43020,43065
1706842800,43065,43099,43011,43021
1706846400,43016,43044,42929,42946
1706850000,42945,43125,42928,43082
1706853600,43078,43238,43067,43144
1706857200,43140,43227,43072,43072
1706860800,43067,43090,42934,42989
1706864400,42989,43044,42935,42953
1706868000,42955,43116,42917,43096
1706871600,43098,43173,43030,43131
1706875200,43140,43217,43044,43117
1706878800,43113,43133,42538,42665
1706882400,42642,42870,42586,42776
1706886000,42775,43217,42723,43209
1706889600,43210,43451,43085,43199
1706893200,43173,43269,42896,42935
1706896800,42936,42956,42600,42901
1706900400,42900,43051,42893,43033
1706904000,43037,43061,42882,42920
1706907600,42939,43048,42939,42974
1706911200,42973,43191,42973,43180
1706914800,43168,43208,43112,43183
1706918400,43183,43352,43133,43213
1706922000,43212,43287,43170,43190
1706925600,43189,43208,43135,43168
1706929200,43166,43212,43129,43160
1706932800,43153,43196,43133,43173
1706936400,43172,43193,43085,43149
1706940000,43149,43149,43068,43075
1706943600,43074,43113,43031,43031
1706947200,43037,43076,42993,43001
1706950800,43001,43103,43001,43077
1706954400,43077,43103,43030,43044
1706958000,43049,43049,42959,42976
1706961600,42977,43061,42958,43049
1706965200,43049,43072,43020,43051
1706968800,43051,43067,43012,43026
1706972400,43021,43165,42876,43106
1706976000,43103,43173,43061,43086
1706979600,43078,43248,43078,43212
1706983200,43211,43227,43020,43058
1706986800,43051,43073,43005,43046
1706990400,43041,43077,42989,43049
1706994000,43049,43077,43005,43031
1706997600,43008,43072,42988,43023
1707001200,43022,43065,42943,42994
1707004800,42991,43000,42886,42999
1707008400,42999,43025,42930,43012
1707012000,43024,43046,43000,43003
1707015600,43013,43031,43001,43018
1707019200,43016,43019,42891,42907
1707022800,42909,42938,42852,42876
1707026400,42868,42920,42739,42739
1707030000,42738,42840,42717,42830
1707033600,42830,42830,42762,42785
1707037200,42784,42958,42716,42951
1707040800,42923,42931,42866,42925
1707044400,42924,43091,42922,43043
1707048000,43047,43097,42989,42989
1707051600,42985,43024,42958,42981
1707055200,42982,43001,42845,42866
1707058800,42865,42938,42835,42920
1707062400,42922,42926,42863,42895
1707066000,42908,42938,42829,42882
1707069600,42882,42922,42742,42779
1707073200,42770,42805,42568,42622
1707076800,42608,42901,42535,42858
1707080400,42862,42953,42756,42759
1707084000,42758,42854,42243,42538
1707087600,42552,42630,42495,42570
1707091200,42568,42599,42345,42347
1707094800,42344,42509,42244,42504
1707098400,42504,42505,42355,42420
1707102000,42417,42686,42417,42671
1707105600,42681,42777,42637,42707
1707109200,42709,42741,42609,42741
1707112800,42741,42798,42671,42782
1707116400,42794,43124,42752,43024
1707120000,43025,43139,42948,42987
1707123600,42996,43023,42912,42993
1707127200,43007,43209,43007,43104
1707130800,43101,43157,43042,43156
1707134400,43157,43238,43079,43212
1707138000,43213,43515,43184,43393
1707141600,43399,43464,43113,43156
1707145200,43140,43140,42553,42602
1707148800,42597,42712,42451,42684
1707152400,42690,42778,42597,42659
1707156000,42664,42682,42527,42678
1707159600,42686,42814,42653,42713
1707163200,42731,42747,42289,42380
1707166800,42376,42482,42324,42338
1707170400,42324,42471,42288,42450
1707174000,42448,42665,42406,42659
1707177600,42657,42671,42545,42551
1707181200,42551,42706,42521,42622
1707184800,42613,42880,42593,42795
1707188400,42795,42901,42723,42795
1707192000,42792,42864,42737,42776
1707195600,42777,42800,42706,42734
1707199200,42732,42732,42620,42727
1707202800,42735,42851,42695,42846
1707206400,42833,43025,42829,43016
1707210000,43020,43056,42905,42951
1707213600,42948,43046,42640,42748
1707217200,42739,42798,42665,42788
1707220800,42781,42845,42616,42739
1707224400,42737,42951,42700,42837
1707228000,42834,43050,42782,42901
1707231600,42899,43222,42870,43214
1707235200,43213,43366,43138,43139
1707238800,43134,43243,43089,43163
1707242400,43161,43236,43003,43176
1707246000,43180,43270,43102,43270
1707249600,43264,43295,43068,43068
1707253200,43080,43253,43056,43159
1707256800,43153,43209,43113,43189
1707260400,43189,43214,43036,43092
1707264000,43093,43173,43038,43078
1707267600,43072,43168,43027,43031
1707271200,43031,43081,42988,43026
1707274800,43026,43026,42764,42768
1707278400,42766,42907,42766,42907
1707282000,42907,43010,42858,42999
1707285600,42996,42996,42862,42926
1707289200,42920,42968,42866,42883
1707292800,42883,42939,42846,42912
1707296400,42916,43165,42876,43114
1707300000,43114,43119,42819,42864
1707303600,42863,42953,42846,42905
1707307200,42894,43067,42860,43056
1707310800,43046,43155,43006,43119
1707314400,43121,43295,42939,43008
1707318000,43005,43159,42902,43041
1707321600,43037,43211,42983,43211
1707325200,43217,43674,43191,43473
1707328800,43469,43643,43430,43625
1707332400,43630,43673,43412,43597
1707336000,43597,44242,43597,44134
1707339600,44115,44389,44115,44204
1707343200,44203,44343,44139,44161
1707346800,44171,44346,44150,44346
1707350400,44342,44682,44325,44672
1707354000,44666,44678,44474,44656
1707357600,44652,44766,44522,44641
1707361200,44641,44716,44524,44532
1707364800,44543,44584,44475,44475
1707368400,44486,44622,44479,44545
1707372000,44545,44565,44444,44459
1707375600,44455,44538,44416,44507
1707379200,44507,44731,44507,44707
1707382800,44705,44758,44598,44676
1707386400,44678,44835,44673,44816
1707390000,44804,44873,44688,44696
1707393600,44698,44833,44608,44686
1707397200,44682,44989,44682,44968
1707400800,44968,45217,44871,45065
1707404400,45082,45489,44952,45470
1707408000,45465,45522,44914,45068
1707411600,45061,45237,44903,45039
1707415200,45044,45320,44996,45283
1707418800,45305,45443,45235,45288
1707422400,45286,45587,45278,45526
1707426000,45501,45506,45291,45337
1707429600,45336,45418,45230,45268
1707433200,45277,45411,45272,45300
1707436800,45299,45416,45252,45309
1707440400,45299,45505,45283,45505
1707444000,45496,46365,45447,46288
1707447600,46270,46343,46028,46049
1707451200,46049,46138,45850,45954
1707454800,45955,46276,45928,46259
1707458400,46267,46271,46128,46182
1707462000,46219,46439,46188,46202
1707465600,46206,46664,46204,46636
1707469200,46644,46734,46493,46529
1707472800,46536,46795,46533,46780
1707476400,46782,47289,46700,47180
1707480000,47182,47659,47140,47317
1707483600,47321,47634,47244,47469
1707487200,47466,47708,46712,47071
1707490800,47061,47275,46764,47174
1707494400,47169,47499,47142,47291
1707498000,47287,47680,47228,47672
1707501600,47671,48201,47513,47630
1707505200,47600,47684,47282,47537
1707508800,47528,47729,47511,47545
1707512400,47566,47649,47342,47561
1707516000,47542,47590,47067,47307
1707519600,47307,47324,47088,47161
1707523200,47156,47275,47072,47106
1707526800,47109,47369,47080,47321
1707530400,47331,47361,47303,47340
1707534000,47338,47514,47338,47396
1707537600,47402,47467,47360,47443
1707541200,47444,47463,47309,47368
1707544800,47365,47386,47309,47383
1707548400,47391,47391,47190,47192
1707552000,47190,47293,47111,47117
1707555600,47127,47258,47101,47108
1707559200,47103,47206,46894,46917
1707562800,46916,47229,46902,47205
1707566400,47209,47292,47180,47262
1707570000,47262,47372,47137,47324
1707573600,47329,47383,47266,47286
1707577200,47285,47370,47273,47366
1707580800,47366,47372,47231,47273
1707584400,47278,47349,47184,47226
1707588000,47222,47355,47210,47353
1707591600,47353,47668,47321,47540
1707595200,47547,48186,47474,47888
1707598800,47894,48151,47806,47944
1707602400,47957,47957,47628,47847
1707606000,47841,47949,47722,47770
1707609600,47770,47800,47631,47754
1707613200,47753,47784,47593,47662
1707616800,47650,47796,47650,47795
1707620400,47795,48563,47795,48536
1707624000,48551,48601,48291,48322
1707627600,48326,48363,48158,48260
1707631200,48263,48319,48159,48243
1707634800,48269,48371,48105,48194
1707638400,48204,48296,48102,48159
1707642000,48163,48247,48132,48152
1707645600,48164,48209,47957,48157
1707649200,48157,48452,48157,48433
1707652800,48422,48481,48290,48330
1707656400,48319,48372,48061,48079
1707660000,48083,48262,47960,48252
1707663600,48254,48254,48053,48164
1707667200,48157,48210,47978,48133
1707670800,48130,48403,48127,48313
1707674400,48311,48364,48037,48295
1707678000,48294,48394,48257,48299
1707681600,48296,48376,48007,48061
1707685200,48048,48148,47993,48124
1707688800,48136,48232,48096,48154
1707692400,48153,48313,48037,48313
1707696000,48313,48814,48250,48617
1707699600,48618,48623,48360,48497
1707703200,48499,48553,48047,48182
1707706800,48149,48244,48086,48167
1707710400,48167,48167,48047,48083
1707714000,48097,48203,48082,48082
1707717600,48095,48172,47781,48163
1707721200,48164,48383,48149,48219
1707724800,48217,48323,48090,48116
1707728400,48117,48129,47840,47887
1707732000,47888,48070,47720,47880
1707735600,47886,47927,47760,47908
1707739200,47909,48030,47846,48030
1707742800,48030,48036,47888,47942
1707746400,47949,48797,47926,48797
1707750000,48797,50000,48680,49940
1707753600,49941,50000,49463,49609
1707757200,49598,50333,49571,49880
1707760800,49861,50012,49667,49745
1707764400,49742,49962,49525,49539
1707768000,49539,50274,49539,50187
1707771600,50196,50331,49848,49848
1707775200,49845,50092,49845,50047
1707778800,50046,50102,49900,49937
1707782400,49937,50197,49923,50130
1707786000,50116,50385,50014,50160
1707789600,50160,50189,49871,49968
1707793200,49966,49981,49763,49815
1707796800,49814,49987,49811,49916
1707800400,49920,50068,49828,50065
1707804000,50067,50117,49932,50019
1707807600,50022,50126,49885,50010
1707811200,49995,50164,49988,50129
1707814800,50124,50259,50019,50214
1707818400,50214,50232,49858,49862
1707822000,49868,50030,49677,49998
1707825600,50011,50011,49815,49887
1707829200,49882,49945,49204,49549
1707832800,49540,49657,48435,48697
1707836400,48673,49004,48442,48754
1707840000,48734,48858,48480,48481
1707843600,48481,48897,48325,48860
1707847200,48832,49279,48832,49126
1707850800,49125,49275,48929,49044
1707854400,49057,49564,49041,49424
1707858000,49422,49774,49386,49561
1707861600,49564,49659,49385,49552
1707865200,49542,49796,49409,49720
1707868800,49728,49746,49427,49525
1707872400,49521,49568,49374,49463
1707876000,49456,49588,49410,49528
1707879600,49516,49635,49491,49540
1707883200,49539,49599,49267,49411
1707886800,49409,49653,49409,49567
1707890400,49568,49677,49533,49666
1707894000,49665,49904,49654,49871
1707897600,49868,50818,49769,50803
1707901200,50818,51700,50652,51568
1707904800,51572,51584,51256,51327
1707908400,51319,51746,51028,51575
1707912000,51575,51833,51438,51583
1707915600,51589,51830,51521,51800
1707919200,51783,52093,51573,51943
1707922800,51954,52055,51368,51628
1707926400,51594,51789,51252,51625
1707930000,51596,51764,51531,51697
1707933600,51696,51717,51402,51475
1707937200,51483,51742,51236,51715
1707940800,51713,51923,51674,51736
1707944400,51737,51825,51506,51763
1707948000,51775,51868,51653,51843
1707951600,51842,51930,51778,51844
1707955200,51841,52544.51,51815,52374
1707958800,52365,52399,51778,51954
1707962400,51947,52257,51926,52089
1707966000,52092,52433,52080,52394
1707969600,52392,52403,52169,52190
1707973200,52185,52284,51870,52004
1707976800,52003,52129,51887,52024
1707980400,52023,52149,51690,51834
1707984000,51823,52019,51699,51986
1707987600,51991,52301,51933,52229
1707991200,52223,52391,52153,52340
1707994800,52339,52528,52213,52378
1707998400,52366,52526,52130,52368
1708002000,52369,52397,52130,52279
1708005600,52246,52884,52126,52654
1708009200,52652,52707,51759,51980
1708012800,51981,52407,51770,52283
1708016400,52277,52342,51881,51891
1708020000,51898,52093,51859,52003
1708023600,51997,52088,51770,52049
1708027200,52046,52059,51630,51717
1708030800,51725,51850,51364,51385
1708034400,51371,51860,51371,51693
1708038000,51686,52041,51665,51942
1708041600,51935,52062,51860,51968
1708045200,51968,52189,51928,52003
1708048800,51982,52251,51899,52221
1708052400,52221,52376,52144,52336
1708056000,52325,52383,52157,52162
1708059600,52170,52226,52000,52085
1708063200,52091,52182,51870,51918
1708066800,51911,51980,51752,51768
1708070400,51752,52026,51745,51859
1708074000,51860,52012,51615,51859
1708077600,51862,52314,51833,52314
1708081200,52314,52451,52202,52242
1708084800,52220,52427,52133,52413
1708088400,52413,52515,52182,52515
1708092000,52494,52600,51789,51956
1708095600,51937,51938,51621,51907
1708099200,51905,52275,51857,52063
1708102800,52061,52099,51835,52053
1708106400,52053,52061,51854,51993
1708110000,51992,52058,51683,51777
1708113600,51780,51924,51702,51861
1708117200,51858,52045,51783,52011
1708120800,52007,52041,51926,52024
1708124400,52027,52251,51994,52161
1708128000,52163,52210,52030,52035
1708131600,52035,52062,51889,51998
1708135200,52001,52049,51910,51962
1708138800,51963,52002,51924,51996
1708142400,51996,52064,51947,52038
1708146000,52035,52053,51826,51940
1708149600,51946,51978,51906,51949
1708153200,51955,51982,51930,51934
1708156800,51927,51927,51739,51753
1708160400,51757,51814,51681,51709
1708164000,51702,51734,51522,51734
1708167600,51739,51808,51698,51710
1708171200,51715,51752,51578,51729
1708174800,51732,51732,51072,51218
1708178400,51221,51361,50649,50862
1708182000,50848,51190,50647,50992
1708185600,50999,51030,50756,50965
1708189200,50971,51270,50971,51235
1708192800,51231,51299,51153,51278
1708196400,51283,51448,51250,51414
1708200000,51409,51581,51324,51528
1708203600,51549,52019,51475,51811
1708207200,51806,51870,51598,51725
1708210800,51704,51746,51605,51664
1708214400,51661,51773,51572,51698
1708218000,51698,51808,51504,51545
1708221600,51560,51570,51196,51285
1708225200,51291,51485,51279,51485
1708228800,51485,51650,51485,51582
1708232400,51601,51690,51524,51672
1708236000,51671,51707,51430,51512
1708239600,51526,51745,51463,51650
1708243200,51681,51801,51654,51799
1708246800,51801,51999,51800,51989
1708250400,51984,52063,51809,51842
1708254000,51826,51846,51702,51838
1708257600,51840,51876,51553,51567
1708261200,51574,51696,51554,51626
1708264800,51652,51945,51646,51896
1708268400,51873,51883,51746,51791
1708272000,51789,51835,51683,51790
1708275600,51806,51876,51803,51859
1708279200,51851,51851,51663,51805
1708282800,51814,51881,51722,51780
1708286400,51770,51795,51612,51794
1708290000,51795,51926,51768,51876
1708293600,51875,52393,51839,52242
1708297200,52262,52358,52005,52130
1708300800,52155,52428,52128,52194
1708304400,52196,52199,51925,52100
1708308000,52114,52225,52104,52155
1708311600,52154,52173,51995,52083
1708315200,52082,52231,52021,52105
1708318800,52122,52157,51997,52150
1708322400,52148,52465,52148,52396
1708326000,52375,52496,52327,52407
1708329600,52406,52417,52083,52112
1708333200,52124,52368,52119,52276
1708336800,52274,52453,52154,52368
1708340400,52363,52435,52289,52348
1708344000,52348,52465,52247,52279
1708347600,52307,52383,52132,52164
1708351200,52162,52206,52032,52110
1708354800,52100,52351,52044,52128
1708358400,52121,52226,51694,51760
1708362000,51780,52207,51702,52166
1708365600,52149,52207,51932,51934
1708369200,51932,51941,51791,51834
1708372800,51823,51956,51770,51811
1708376400,51800,51913,51711,51910
1708380000,51910,52106,51866,51933
1708383600,51959,52025,51727,51789
1708387200,51776,51846,51510,51648
1708390800,51666,51717,51329,51637
1708394400,51632,51758,51560,51718
1708398000,51717,51789,51584,51587
1708401600,51589,51820,51522,51786
1708405200,51774,51990,51753,51902
1708408800,51906,52026,51898,51930
1708412400,51946,51975,51808,51837
1708416000,51837,51868,51591,51775
1708419600,51775,51821,51560,51778
1708423200,51775,52108,51768,52108
1708426800,52111,52389,52111,52300
1708430400,52299,52395,52144,52191
1708434000,52186,53015,52147,52844
1708437600,52844,52863,51808,52049
1708441200,52048,52079,51387,51685
1708444800,51693,51793,51377,51388
1708448400,51402,51402,50770,51334
1708452000,51321,51541,51241,51506
1708455600,51516,52107,51436,52103
1708459200,52089,52243,51941,52000
1708462800,51999,52179,51909,52042
1708466400,52042,52314,52019,52200
1708470000,52201,52526,52201,52275
1708473600,52272,52397,52141,52188
1708477200,52187,52307,52063,52120
1708480800,52120,52176,52051,52079
1708484400,52063,52103,52002,52015
1708488000,52006,52021,51833,51954
1708491600,51978,52113,51827,51844
1708495200,51842,51898,51690,51747
1708498800,51744,51777,51492,51567
1708502400,51560,51779,51541,51666
1708506000,51674,51696,51030,51113
1708509600,51110,51424,50896,51307
1708513200,51298,51388,50816,50964
1708516800,50972,51412,50611,51324
1708520400,51324,51442,50908,51188
1708524000,51185,51204,50770,50916
1708527600,50917,51324,50831,51149
1708531200,51149,51429,51013,51354
1708534800,51344,51427,50892,50932
1708538400,50933,51106,50817,50855
1708542000,50838,51055,50658,51055
1708545600,51047,51153,50865,50959
1708549200,50975,51393,50948,51393
1708552800,51390,51516,51233,51505
1708556400,51491,51944,51491,51843
1708560000,51857,51868,51513,51539
1708563600,51519,51636,51159,51229
1708567200,51237,51473,51219,51412
1708570800,51426,51634,51376,51576
1708574400,51573,51630,51345,51429
1708578000,51429,51659,51429,51515
1708581600,51516,51789,51516,51748
1708585200,51755,51902,51652,51810
1708588800,51803,51920,51665,51868
1708592400,51867,52011,51689,51935
1708596000,51928,51936,51584,51688
1708599600,51688,51688,51510,51606
1708603200,51604,51714,51407,51502
1708606800,51501,51520,50921,51140
1708610400,51143,51379,51024,51339
1708614000,51356,51640,51257,51573
1708617600,51572,51730,51394,51464
1708621200,51479,51719,51434,51675
1708624800,51687,51710,51502,51700
1708628400,51699,51699,51455,51496
1708632000,51484,52049,51455,52044
1708635600,51971,51971,51547,51664
1708639200,51670,51702,51177,51444
1708642800,51430,51467,51202,51253
1708646400,51252,51442,51228,51423
1708650000,51423,51507,51279,51279
1708653600,51282,51393,51023,51069
1708657200,51063,51148,50958,51084
1708660800,51075,51293,50979,51204
1708664400,51191,51228,51105,51223
1708668000,51221,51292,51190,51285
1708671600,51265,51283,50880,50912
1708675200,50913,51142,50829,50953
1708678800,50952,51049,50863,51008
1708682400,51004,51178,50963,51171
1708686000,51173,51239,51143,51208
1708689600,51208,51211,50926,50981
1708693200,50981,51081,50911,51054
1708696800,51045,51298,50786,51109
1708700400,51107,51107,50830,50912
1708704000,50912,51122,50610,51045
1708707600,51044,51162,50975,51138
1708711200,51148,51183,50989,51094
1708714800,51094,51189,51021,51095
1708718400,51102,51161,50920,51065
1708722000,51065,51079,50978,50978
1708725600,50980,51024,50744,50778
1708729200,50761,50908,50519,50743
1708732800,50738,50904,50683,50884
1708736400,50884,50884,50591,50592
1708740000,50592,50797,50581,50792
1708743600,50789,50847,50695,50841
1708747200,50841,50987,50815,50947
1708750800,50946,51043,50910,51034
1708754400,51041,51043,50930,50953
1708758000,50946,51080,50927,51047
1708761600,51061,51092,50945,50977
1708765200,50984,51097,50969,51092
1708768800,51092,51147,51056,51073
1708772400,51070,51120,51025,51114
1708776000,51118,51119,51025,51073
1708779600,51069,51156,51046,51138
1708783200,51141,51147,51073,51134
1708786800,51134,51143,51091,51098
1708790400,51099,51202,51091,51202
1708794000,51202,51677,51202,51513
1708797600,51516,51683,51399,51429
1708801200,51440,51621,51440,51547
1708804800,51559,51581,51442,51504
1708808400,51505,51640,51461,51558
1708812000,51557,51667,51554,51558
1708815600,51553,51639,51510,51562
1708819200,51564,51585,51448,51482
1708822800,51481,51677,51436,51677
1708826400,51672,51870,51548,51593
1708830000,51590,51614,51457,51614
1708833600,51614,51622,51510,51613
1708837200,51613,51713,51585,51662
1708840800,51665,51801,51626,51754
1708844400,51757,51773,51671,51713
1708848000,51710,51780,51591,51605
1708851600,51602,51647,51541,51642
1708855200,51642,51675,51559,51569
1708858800,51574,51700,51557,51644
1708862400,51650,51674,51576,51655
1708866000,51655,51689,51553,51611
1708869600,51612,51776,51601,51738
1708873200,51735,51763,51441,51507
1708876800,51516,51609,51282,51376
1708880400,51372,51566,51363,51554
1708884000,51566,51566,51490,51566
1708887600,51571,51726,51507,51668
1708891200,51670,51958,51670,51726
1708894800,51738,51783,51647,51773
1708898400,51768,51864,51656,51706
1708902000,51748,51802,51672,51722
1708905600,51738,51783,51622,51675
1708909200,51666,51693,51474,51474
1708912800,51474,51530,51436,51436
1708916400,51436,51560,51399,51560
1708920000,51560,51578,51475,51538
1708923600,51547,51591,51437,51578
1708927200,51587,51597,51493,51522
1708930800,51524,51527,51275,51291
1708934400,51318,51382,51263,51263
1708938000,51258,51308,50909,50949
1708941600,50963,51233,50963,51168
1708945200,51169,51202,51049,51081
1708948800,51081,51227,50952,51227
1708952400,51227,51429,51200,51226
1708956000,51228,51732,51215,51702
1708959600,51700,52926,51655,52917
1708963200,52916,53674,52789,53414
1708966800,53419,53546,53242,53527
1708970400,53543,53670,53341,53644
1708974000,53635,54577,53478,54550
1708977600,54550,54969,54316,54489
1708981200,54504,54773,54340,54679
1708984800,54679,54835,54511,54710
1708988400,54710,54711,54493,54524
1708992000,54534,54715,54500,54595
1708995600,54603,55842,54564,55824
1708999200,55814,57055,55645,56326
1709002800,56384,56578,55608,55745
1709006400,55736,56123,55655,55761
1709010000,55762,56231,55661,56113
1709013600,56086,56476,56069,56404
1709017200,56400,56400,55847,56095
1709020800,56095,56462,56075,56280
1709024400,56267,56774,56201,56654
1709028000,56651,56850,56424,56570
1709031600,56570,56630,56363,56567
1709035200,56556,57449,56497,56811
1709038800,56825,57247,56665,57167
1709042400,57159,57357,56700,57020
1709046000,57016,57341,56636,56788
1709049600,56781,57212,56257,57067
1709053200,57063,57247,56700,56781
1709056800,56792,57184,56706,57165
1709060400,57160,57615,56929,57356
1709064000,57362,57421,56708,57030
1709067600,57011,57039,56613,56735
1709071200,56731,57030,56671,56919
1709074800,56914,57137,56879,57068
1709078400,57065,57139,56904,57045
1709082000,57045,57121,56795,56802
1709085600,56819,57014,56724,56962
1709089200,56964,57004,56881,56957
1709092800,56960,57302,56933,57247
1709096400,57251,57309,57103,57116
1709100000,57117,57232,57089,57202
1709103600,57227,58378.99,57193,58271
1709107200,58282,59508,58217,59478
1709110800,59470,59470,58871,59336
1709114400,59332,59396,59033,59297
1709118000,59302,59547,58584,58994
1709121600,58979,59456,58932,59380
1709125200,59381,60765,59334,60496
1709128800,60506,61229.88,59860,60996
1709132400,61011,61389,60620,61014
1709136000,61011,62555,60979,62536
1709139600,62510,64000,58835,61419
1709143200,61465,61577,59218,61148
1709146800,61130,61461,60651,60995
1709150400,60934,61146,59926,60384
1709154000,60419,60626,59801,60582
1709157600,60547,61440,60508,61322
1709161200,61321,62723,61303,62512
1709164800,62512,62512,61223,61403
1709168400,61393,61550,61053,61409
1709172000,61388,61760,61121,61760
1709175600,61767,61767,61174,61589
1709179200,61589,62655,61358,62469
1709182800,62452,62664,61804,62532
1709186400,62533,63684,62492,63045
1709190000,63006,63165,62571,62699
1709193600,62719,63143,62338,62804
1709197200,62761,62976,62288,62699
1709200800,62692,62778,62130,62719
1709204400,62707,63325,62634,62943
1709208000,62924,63046,62338,62656
1709211600,62669,63078,62036,62961
1709215200,62956,63588,62803,62959
1709218800,62978,63325,62630,62791
1709222400,62794,62909,61535,62202
1709226000,62201,62383,60503,60922
1709229600,60937,61505,60365,60775
1709233200,60791,61661,60602,61619
1709236800,61621,62390,61551,61970
1709240400,61968,62042,60688,61441
1709244000,61443,61520,60743,61259
1709247600,61264,61585,61161,61161
1709251200,61161,61774,61150,61524
1709254800,61498,61585,61139,61223
1709258400,61231,61231,60809,61004
1709262000,61001,61218,60801,61107
1709265600,61107,61528,61065,61528
1709269200,61523,61560,61314,61329
1709272800,61330,61764,61226,61590
1709276400,61585,61787,61411,61456
1709280000,61468,62270,61373,61952
1709283600,61995,62241,61904,62193
1709287200,62174,62246,61922,62057
1709290800,62061,62167,61861,61907
1709294400,61922,62593,61892,62259
1709298000,62262,62699,62222,62484
1709301600,62483,62504,61565,61969
1709305200,61981,62197,61110,61263
1709308800,61257,61646,61242,61442
1709312400,61451,62092,61449,61923
1709316000,61924,62510,61824,62362
1709319600,62363,62400,61988,62252
1709323200,62290,63265,62280,63083
1709326800,62980,62997,62428,62588
1709330400,62587,62758,62376,62536
1709334000,62555,62770,62410,62444
1709337600,62433,62485,62157,62348
1709341200,62348,62348,62024,62099
1709344800,62089,62260,62014,62167
1709348400,62173,62488,62085,62378
1709352000,62374,62374,62115,62115
1709355600,62115,62163,61851,62083
1709359200,62083,62315,62000,62000
1709362800,62031,62111,61876,62086
1709366400,62079,62197,61868,62014
1709370000,62014,62055,61730,61914
1709373600,61927,62083,61886,61967
1709377200,61971,62114,61913,61916
1709380800,61911,62225,61908,62144
1709384400,62144,62144,61883,61884
1709388000,61883,61957,61645,61877
1709391600,61903,62032,61804,61848
1709395200,61854,61947,61721,61928
1709398800,61928,62020,61826,61826
1709402400,61827,62077,61827,62074
1709406000,62084,62173,62015,62173
1709409600,62172,62248,61846,61946
1709413200,61943,62080,61904,61981
1709416800,61977,62018,61772,61772
1709420400,61764,62119,61764,62042
1709424000,62034,62043,61787,61787
1709427600,61787,61939,61787,61836
1709431200,61835,61841,61698,61841
1709434800,61841,62032,61814,61972
1709438400,61974,62129,61946,62042
1709442000,62055,62087,61930,61934
1709445600,61928,62077,61816,61894
1709449200,61897,61932,61402,61644
1709452800,61636,61744,61452,61632
1709456400,61604,61905,61599,61751
1709460000,61747,61835,61639,61695
1709463600,61679,61868,61665,61861
1709467200,61868,62573,61860,62221
1709470800,62211,62405,62002,62383
1709474400,62383,62428,62143,62143
1709478000,62151,62294,62124,62205
1709481600,62184,62871,62122,62867
1709485200,62866,63030,62563,62611
1709488800,62627,62889,62627,62843
1709492400,62865,62894,62689,62764
1709496000,62772,62893,62615,62794
1709499600,62795,62862,62661,62862
1709503200,62859,63249,62743,62860
1709506800,62867,63174,62750,63142
1709510400,63140,64282,62376,63494
1709514000,63486,63852,63295,63547
1709517600,63553,63979,63152,63727
1709521200,63730,63768,63392,63490
1709524800,63500,63823,63417,63657
1709528400,63671,63747,63247,63373
1709532000,63395,63731,63363,63721
1709535600,63714,64320,63508,64117
1709539200,64099,65530,64044,65208
1709542800,65259,65583,64692,65327
1709546400,65324,65353,64793,65110
1709550000,65110,65246,64874,65246
1709553600,65254,65265,64926,65155
1709557200,65152,65670,65104,65164
1709560800,65185,66483,64635,66256
1709564400,66247,66639,65912,66543
1709568000,66543,66879,66091,66602
1709571600,66613,67621,66242,66920
1709575200,66932,67177,66167,66673
1709578800,66667,67573,66391,67478
1709582400,67491,68058,67178,67611
1709586000,67631,67836,66879,67526
1709589600,67503,68012,67341,68011
1709593200,68012,68577,67573,68359
1709596800,68359,68553,67880,68147
1709600400,68152,68850,68096,68654
1709604000,68675,68687,67906,68263
1709607600,68249,68346,67625,68214
1709611200,68231,68550,66963,67367
1709614800,67370,67370,65150,67013
1709618400,67000,67532,66685,67354
1709622000,67338,67421,66188,66238
1709625600,66190,66919,65599,66916
1709629200,66919,66933,66106,66436
1709632800,66463,67201,66463,66866
1709636400,66869,66933,66532,66701
1709640000,66704,67391,66629,67385
1709643600,67392,68061,67369,67830
1709647200,67830,68899,67301,68800
1709650800,68842,69210,66527,66842
1709654400,66813,67018,64516,65464
1709658000,65432,65623,63348,65603
1709661600,65568,65593,63723,64022
1709665200,64021,64276,59313,61443
1709668800,61465,63166,61316,62047
1709672400,62041,64045,61956,63320
1709676000,63326,63670,62542,63440
1709679600,63449,64459,63312,63796
1709683200,63815,64232,63476,63514
1709686800,63497,63858,63139,63161
1709690400,63161,63553,62843,62849
1709694000,62849,63427,62849,63311
1709697600,63319,64654,63307,64654
1709701200,64636,66456,64338,66456
1709704800,66423,66540,65749,65781
1709708400,65769,66759,65531,66759
1709712000,66682,67645,66600,66929
1709715600,66941,67370,66088,66166
1709719200,66180,66794,66153,66682
1709722800,66700,67330,66431,67329
1709726400,67329,67589,64795,65937
1709730000,65965,66652,65426,66372
1709733600,66346,67249,65927,65927
1709737200,65950,66709,65267,66504
1709740800,66508,67187,66333,67178
1709744400,67165,67403,66736,67403
1709748000,67394,67547,66704,67190
1709751600,67170,67331,66693,66819
1709755200,66818,67467,66771,67076
1709758800,67052,67067,66359,66474
1709762400,66458,66538,65943,65959
1709766000,65983,66292,65759,66120
1709769600,66124,66302,65731,66266
1709773200,66247,66455,65623,66407
1709776800,66454,66509,65960,66141
1709780400,66136,66398,65862,65865
1709784000,65886,66179,65675,65872
1709787600,65860,66157,65711,65840
1709791200,65838,66216,65718,65908
1709794800,65898,66479,65828,66428
1709798400,66425,67031,66395,66691
1709802000,66720,66919,66575,66758
1709805600,66803,66991,66682,66959
1709809200,66946,67310,66543,66928
1709812800,66933,67153,66639,66761
1709816400,66761,67068,66639,66941
1709820000,66989,68000,66719,67086
1709823600,67088,67665,66812,67333
1709827200,67317,67569,67095,67393
1709830800,67397,68061,67311,67672
1709834400,67656,67891,67486,67705
1709838000,67703,67960,67321,67576
1709841600,67584,68061,67549,67720
1709845200,67727,67751,67218,67345
1709848800,67365,67579,67096,67211
1709852400,67209,67283,66928,66941
1709856000,66928,67211,66863,67182
1709859600,67173,67368,66940,67048
1709863200,67053,67168,66933,67168
1709866800,67168,67314,67050,67212
1709870400,67224,67312,67066,67157
1709874000,67155,67189,66879,67002
1709877600,66995,67678,66916,67646
1709881200,67631,67727,67338,67361
1709884800,67356,67515,67169,67351
1709888400,67333,67492,67183,67203
1709892000,67201,67498,67189,67423
1709895600,67420,67800,67345,67800
1709899200,67808,67815,67450,67544
1709902800,67546,67987,67396,67881
1709906400,67885,68748,67663,68553
1709910000,68547,70184,67340,67756
1709913600,67733,68044,66264,67936
1709917200,67950,68906,67808,68479
1709920800,68453,68915,68195,68711
1709924400,68716,69000,68268,69000
1709928000,69007,69552,68958,69345
1709931600,69353,69400,68032,68413
1709935200,68433,68633,68241,68309
1709938800,68306,68538,68208,68285
1709942400,68285,68442,68176,68267
1709946000,68266,68325,68053,68089
1709949600,68066,68392,68066,68377
1709953200,68374,68470,68269,68429
1709956800,68431,68479,68279,68433
1709960400,68431,68441,68300,68389
1709964000,68390,68663,68311,68576
1709967600,68576,68685,68436,68440
1709971200,68429,68595,68424,68436
1709974800,68441,68508,68306,68439
1709978400,68446,68454,68112,68333
1709982000,68337,68486,68286,68441
1709985600,68441,68643,68341,68641
1709989200,68630,68668,68473,68517
1709992800,68517,68565,68273,68313
1709996400,68353,68511,68300,68461
1710000000,68447,68489,68183,68275
1710003600,68275,68380,68168,68309
1710007200,68317,68495,68274,68417
1710010800,68417,68495,68297,68370
1710014400,68370,68520,68369,68501
1710018000,68505,68594,68359,68533
1710021600,68531,68572,68477,68510
1710025200,68503,68585,68407,68463
1710028800,68464,68602,68372,68502
1710032400,68507,69386,68473,69081
1710036000,69109,69339,68933,68958
1710039600,68968,69276,68852,69274
1710043200,69267,69779,69151,69545
1710046800,69540,69656,69332,69487
1710050400,69482,69519,69200,69457
1710054000,69461,69557,69366,69465
1710057600,69479,69798,69454,69736
1710061200,69751,69981,69356,69907
1710064800,69952,69999,69689,69889
1710068400,69907,69964,69558,69709
1710072000,69698,69957,69600,69912
1710075600,69913,69954,69287,69454
1710079200,69450,69621,68825,69405
1710082800,69404,69538,69105,69344
1710086400,69336,69881,69313,69560
1710090000,69572,69716,69497,69542
1710093600,69544,69614,69331,69363
1710097200,69379,69586,69267,69528
1710100800,69529,69599,69370,69436
1710104400,69430,69515,69201,69203
1710108000,69210,69223,68196,68525
1710111600,68518,69048,68462,69026
1710115200,69013,69015,67120,68151
1710118800,68151,68421,67654,68349
1710122400,68348,68554,68283,68356
1710126000,68356,68651,68316,68604
1710129600,68627,68824,68504,68575
1710133200,68572,68824,68533,68589
1710136800,68608,69355,68495,69339
1710140400,69354,71277,69315,71017
1710144000,71025,71694,71012,71193
1710147600,71195,71837,71170,71792
1710151200,71800,71837,71466,71528
1710154800,71544,72306,71331,71585
1710158400,71585,72198,71448,72002
1710162000,72001,72399,71373,71510
1710165600,71527,72391,71527,72191
1710169200,72183,72767,72062,72069
1710172800,72072,72651,71880,72569
1710176400,72600,72640,72283,72566
1710180000,72561,72687,72250,72543
1710183600,72543,72910,71828,72044
1710187200,72074,72312,71947,72133
1710190800,72155,72616,72075,72535
1710194400,72545,72774,72410,72460
1710198000,72463,72482,72105,72118
1710201600,72105,72372,72027,72027
1710205200,72028,72500,71928,72473
1710208800,72432,72432,72113,72205
1710212400,72181,72271,71424,71623
1710216000,71622,72082,71331,71822
1710219600,71808,72087,71713,72004
1710223200,71994,72296,71466,72286
1710226800,72272,72375,72038,72150
1710230400,72146,72220,71452,71731
1710234000,71723,72105,71715,71963
1710237600,71960,72015,71649,71892
1710241200,71864,72368,71863,72047
1710244800,72052,72269,71500,72200
1710248400,72199,72330,71717,72313
1710252000,72313,73054,71635,71666
1710255600,71677,72069,70919,71719
1710259200,71718,71833,70117,70511
1710262800,70500,70980,68636,70980
1710266400,70980,71493,70444,71379
1710270000,71410,71725,71220,71476
1710273600,71475,71475,70564,71074
1710277200,71082,71157,70645,70884
1710280800,70865,71297,70708,71174
1710284400,71174,71550,71041,71473
1710288000,71473,71742,71340,71428
1710291600,71429,72113,71390,72035
1710295200,72031,72090,71889,72004
1710298800,72003,72235,71908,72081
1710302400,72083,72234,71938,72234
1710306000,72235,72235,72013,72181
1710309600,72181,72763,72129,72738
1710313200,72739,73185,72670,72915
1710316800,72896,73679,72861,73490
1710320400,73491,73649,73186,73341
1710324000,73351,73430,73177,73289
1710327600,73274,73499,73088,73109
1710331200,73127,73231,72504,72854
1710334800,72846,73071,71699,72215
1710338400,72215,72981,72083,72424
1710342000,72409,73141,72345,72779
1710345600,72763,73100,72412,73075
1710349200,73067,73288,72783,72907
1710352800,72914,73341,72810,73224
1710356400,73225,73508,72867,73468
1710360000,73484,73513,73010,73156
1710363600,73163,73446,73022,73302
1710367200,73323,73337,72892,73013
1710370800,73012,73187,72946,73121
1710374400,73130,73229,72809,72887
1710378000,72881,72984,72539,72969
1710381600,72965,73256,72855,73071
1710385200,73060,73335,73060,73311
1710388800,73298,73679,72748,73010
1710392400,73011,73194,72788,73194
1710396000,73188,73635,73166,73608
1710399600,73608,73794,73143,73259
1710403200,73258,73575,73247,73357
1710406800,73363,73539,73199,73357
1710410400,73357,73382,72896,73021
1710414000,73014,73066,72687,72934
1710417600,72933,73071,72471,72887
1710421200,72888,72940,71473,71827
1710424800,71827,72530,71211,71639
1710428400,71641,72052,70525,70800
1710432000,70804,71398,69822,71286
1710435600,71273,71399,70670,71011
1710439200,71014,71014,69321,70088
1710442800,70068,70411,68555,69339
1710446400,69284,71065,69251,70692
1710450000,70704,71077,70225,71068
1710453600,71068,71629,71066,71513
1710457200,71539,71699,71370,71371
1710460800,71387,72415,71243,71885
1710464400,71887,72042,71569,71586
1710468000,71580,71715,67901,69000
1710471600,69048,69423,66767,68200
1710475200,68194,68487,66911,67423
1710478800,67358,68201,67106,67376
1710482400,67395,68627,67395,68604
1710486000,68602,68828,68082,68409
1710489600,68440,68570,66991,67033
1710493200,67030,68058,65569,67760
1710496800,67756,68047,67219,67219
1710500400,67252,67844,66724,67650
1710504000,67691,67996,67411,67876
1710507600,67884,68651,67402,68447
1710511200,68432,68631,67842,68600
1710514800,68615,68731,68116,68152
1710518400,68146,68405,67517,67894
1710522000,67883,68324,67623,68192
1710525600,68206,70457,68206,70219
1710529200,70224,70606,68553,68971
1710532800,68980,69002,67463,67852
1710536400,67860,68282,67813,68282
1710540000,68285,69178,68225,69120
1710543600,69103,69756,68806,69516
1710547200,69505,70069,69438,69612
1710550800,69651,69862,69056,69282
1710554400,69322,69322,68925,69061
1710558000,69066,69434,68966,69189
1710561600,69185,69290,68800,69001
1710565200,69010,69069,68610,68964
1710568800,68964,69218,68917,69183
1710572400,69170,69430,69131,69430
1710576000,69409,69409,68950,69037
1710579600,68990,69139,68847,68944
1710583200,68982,68982,68331,68415
1710586800,68396,68557,67734,68242
1710590400,68253,68438,67873,67882
1710594000,67874,68233,67654,67695
1710597600,67690,68203,67512,68172
1710601200,68165,68489,67817,68369
1710604800,68316,68388,68090,68163
1710608400,68154,68221,67131,67241
1710612000,67297,67372,66639,67001
1710615600,66995,67650,66863,66931
1710619200,66879,67483,66711,67081
1710622800,67079,67190,65983,66204
1710626400,66184,66711,65755,66344
1710630000,66316,66337,64780,65248
1710633600,65245,66264,65090,65147
1710637200,65230,66116,65207,66116
1710640800,66065,66516,65979,66313
1710644400,66344,66533,66145,66511
1710648000,66510,66520,66241,66314
1710651600,66315,66495,65946,66199
1710655200,66174,66323,64918,64981
1710658800,64918,65730,64522,65588
1710662400,65561,66607,65250,66433
1710666000,66407,66740,66166,66373
1710669600,66410,67281,66323,67080
1710673200,67076,67403,66834,66863
1710676800,66871,67306,66364,66516
1710680400,66533,67393,66533,67052
1710684000,67049,67539,66822,67530
1710687600,67538,68058,67174,67911
1710691200,67894,68321,67700,67990
1710694800,67975,68617,67868,68499
1710698400,68485,68566,68036,68130
1710702000,68141,68533,68058,68526
1710705600,68505,68635,68200,68241
1710709200,68255,68359,67945,68129
1710712800,68117,68867,68114,68214
1710716400,68243,68623,68053,68352
1710720000,68344,68369,67233,67247
1710723600,67233,67719,66775,67587
1710727200,67577,68137,67351,67725
1710730800,67744,68093,67726,67905
1710734400,67927,68503,67663,68316
1710738000,68342,68902,68190,68656
1710741600,68645,68667,68372,68455
1710745200,68451,68451,68090,68165
1710748800,68184,68184,67289,68035
1710752400,68008,68213,67629,67815
1710756000,67804,68142,67670,68077
1710759600,68077,68429,67957,68207
1710763200,68207,68536,68004,68488
1710766800,68500,68569,67160,67505
1710770400,67537,67751,66622,66952
1710774000,66965,67470,66608,67456
1710777600,67442,68049,66959,67117
1710781200,67122,67470,66585,67374
1710784800,67376,67441,66916,67000
1710788400,67000,67461,66888,66950
1710792000,66952,67377,66952,67370
1710795600,67366,67898,67351,67615
1710799200,67614,67704,67268,67704
1710802800,67683,67987,67532,67613
1710806400,67603,68123,66903,67093
1710810000,67074,67176,65821,65862
1710813600,65871,66382,65506,65870
1710817200,65901,66016,64879,65879
1710820800,65874,65969,64387,65354
1710824400,65383,65625,64631,65182
1710828000,65185,65402,64593,64888
1710831600,64899,64899,63555,64663
1710835200,64659,64659,63102,63399
1710838800,63424,64167,62900,64154
1710842400,64108,64108,62698,63226
1710846000,63211,63309,62443,63016
1710849600,63007,63749,62949,63570
1710853200,63577,63828,63015,63542
1710856800,63524,63541,62323,62820
1710860400,62801,64059,62535,63987
1710864000,63980,65014,63891,64963
1710867600,64963,65753,64638,64843
1710871200,64814,64926,64205,64701
1710874800,64692,65301,64387,64395
1710878400,64382,64489,63550,63755
1710882000,63792,64073,63491,63954
1710885600,63945,63997,62422,62584
1710889200,62575,62755,61447,61897
1710892800,61919,63340,61823,63182
1710896400,63173,63184,61854,62317
1710900000,62323,62969,62200,62825
1710903600,62818,63378,61622,61730
1710907200,61820,62300,61094,61627
1710910800,61627,61757,60760,61528
1710914400,61523,61996,61499,61712
1710918000,61741,63163,61722,62963
1710921600,62865,63272,62670,62686
1710925200,62671,63310,62605,63197
1710928800,63166,63253,62814,63014
1710932400,62988,63928,62943,63359
1710936000,63354,64303,63150,64031
1710939600,64023,64043,63052,63575
1710943200,63569,64352,63436,64234
1710946800,64228,64390,63365,63602
1710950400,63616,63769,62040,63118
1710954000,63117,64765,62840,64114
1710957600,64115,65468,63960,65402
1710961200,65437,66017,65135,65792
1710964800,65786,67808,65666,67082
1710968400,67080,67930,66935,67721
1710972000,67768,68168,67364,67706
1710975600,67715,68061,67452,67872
1710979200,67842,68249,67460,67666
1710982800,67662,67960,67662,67806
1710986400,67830,67937,67513,67533
1710990000,67536,67743,66359,66643
1710993600,66696,66936,66497,66731
1710997200,66732,67093,66090,66977
1711000800,67001,67331,66912,66996
1711004400,66974,67322,66923,67005
1711008000,67007,67658,66988,67297
1711011600,67284,67314,66656,66836
1711015200,66811,67014,66661,66974
1711018800,66978,67193,66726,67047
1711022400,67039,67459,67015,67237
1711026000,67243,67678,66627,66750
1711029600,66680,67399,66519,66863
1711033200,66869,66975,66057,66525
1711036800,66532,66805,66166,66785
1711040400,66748,66983,65659,65706
1711044000,65704,65843,64831,65120
1711047600,65123,65623,64970,65264
1711051200,65205,65900,64537,65470
1711054800,65473,65724,65150,65621
1711058400,65608,65843,65323,65386
1711062000,65379,65599,65270,65485
1711065600,65477,65966,65385,65789
1711069200,65798,65907,65187,65241
1711072800,65242,65702,65129,65635
1711076400,65702,66153,65587,65964
1711080000,65985,66287,65766,66147
1711083600,66179,66431,65952,66431
1711087200,66430,66631,66313,66452
1711090800,66405,66426,65973,66170
1711094400,66175,66359,65776,65838
1711098000,65857,66049,65356,65492
1711101600,65500,65594,64553,64671
1711105200,64705,64957,64089,64233
1711108800,64230,64678,63891,64272
1711112400,64280,64418,62829,63069
1711116000,63060,63473,62598,62724
1711119600,62725,64336,62638,63869
1711123200,63877,63880,62771,63271
1711126800,63275,63748,63275,63572
1711130400,63579,63975,63458,63738
1711134000,63749,64145,63455,63883
1711137600,63884,63973,63370,63521
1711141200,63516,63531,62332,62989
1711144800,62970,63243,62594,63038
1711148400,63031,63813,63029,63807
1711152000,63812,63814,63554,63586
1711155600,63591,64339,63563,64108
1711159200,64119,64375,63750,63877
1711162800,63865,63929,63016,63577
1711166400,63548,64083,63546,63881
1711170000,63887,64128,63733,64085
1711173600,64121,64293,63988,64173
1711177200,64189,64844,64164,64579
1711180800,64587,64832,64252,64513
1711184400,64537,64568,64205,64465
1711188000,64514,64708,64217,64323
1711191600,64340,64635,64245,64634
1711195200,64638,64925,64558,64704
1711198800,64701,64718,64298,64601
1711202400,64592,65404,64406,65267
1711206000,65264,65356,64761,65108
1711209600,65108,65804,64897,65668
1711213200,65668,66027,65477,65662
1711216800,65680,65683,65326,65386
1711220400,65392,65495,64808,64893
1711224000,64961,65133,64695,65019
1711227600,65042,65205,64784,64951
1711231200,64941,65061,64755,64756
1711234800,64755,64802,63921,64001
1711238400,64007,64576,63966,64536
1711242000,64548,64698,64392,64490
1711245600,64464,64527,64190,64287
1711249200,64283,64286,63959,63982
1711252800,63991,64247,63807,64216
1711256400,64230,64375,64108,64317
1711260000,64317,64414,64115,64241
1711263600,64229,64592,64059,64586
1711267200,64550,65257,64483,65257
1711270800,65250,65250,64817,64892
1711274400,64905,65358,64881,65102
1711278000,65095,65340,64988,65340
1711281600,65340,65773,65207,65659
1711285200,65635,65812,65270,65349
1711288800,65359,65898,65302,65630
1711292400,65671,65745,65434,65659
1711296000,65671,65828,65183,65238
1711299600,65234,65533,64614,65340
1711303200,65334,66030,65334,65804
1711306800,65845,66031,65669,65846
1711310400,65884,66447,65736,66149
1711314000,66220,66653,66189,66544
1711317600,66551,67000,66476,66962
1711321200,66924,67613,66924,67188
1711324800,67208,67322,66504,66573
1711328400,66571,66967,66451,66546
1711332000,66556,66820,66407,66720
1711335600,66710,67338,66600,67338
1711339200,67339,67538,67049,67503
1711342800,67538,67735,67322,67391
1711346400,67393,67395,66960,67173
1711350000,67181,67295,66767,66852
1711353600,66841,67218,66829,66958
1711357200,66953,67120,66783,67087
1711360800,67090,67359,66888,67023
1711364400,67030,67051,66789,66836
1711368000,66827,67281,66807,67109
1711371600,67108,68054,66884,68041
1711375200,68012,69463,67711,69384
1711378800,69455,70049,69136,69821
1711382400,69817,70277,69464,70179
1711386000,70178,70852,70145,70587
1711389600,70595,70969,70402,70904
1711393200,70881,71099,70573,71043
1711396800,71095,71213,70706,70977
1711400400,70951,70997,69584,69865
1711404000,69885,70717,69880,70311
1711407600,70352,70491,69757,69898
1711411200,69889,70218,69756,69910
1711414800,69909,70319,69812,70293
1711418400,70274,70564,70069,70498
1711422000,70512,70623,70311,70471
1711425600,70444,70674,70443,70630
1711429200,70632,70640,70314,70325
1711432800,70326,70645,70300,70639
1711436400,70645,71572,70455,70512
1711440000,70517,70835,70319,70720
1711443600,70705,71284,70641,71168
1711447200,71192,71222,70903,70918
1711450800,70917,70929,70606,70700
1711454400,70694,71108,70547,71107
1711458000,71107,71126,70100,70404
1711461600,70408,70691,69257,70311
1711465200,70318,70349,69722,70279
1711468800,70265,70531,69439,69779
1711472400,69740,70215,69537,70066
1711476000,70106,70500,69971,69971
1711479600,69957,70096,69405,69456
1711483200,69456,69884,69377,69829
1711486800,69831,70235,69728,70012
1711490400,69996,70267,69666,70248
1711494000,70218,70294,69942,69997
1711497600,69999,70674,69820,70612
1711501200,70613,70725,70218,70327
1711504800,70343,70589,70183,70579
1711508400,70600,70680,70329,70381
1711512000,70397,70498,70058,70173
1711515600,70194,70503,70154,70461
1711519200,70451,70557,70168,70307
1711522800,70316,70316,69664,69741
1711526400,69741,69999,69511,69554
1711530000,69568,70091,69438,70054
1711533600,70050,70192,69909,70117
1711537200,70128,70344,70044,70213
1711540800,70232,70353,70000,70171
1711544400,70198,71754,69697,69886
1711548000,69860,70167,68557,70025
1711551600,70022,70047,68800,68850
1711555200,68867,69284,68388,69231
1711558800,69225,69397,68528,68670
1711562400,68665,68912,68362,68437
1711566000,68458,68888,68426,68595
1711569600,68579,69105,68579,68876
1711573200,68864,69214,68864,68916
1711576800,68916,69419,68900,69419
1711580400,69419,69578,69043,69421
1711584000,69406,69944,69383,69641
1711587600,69624,69699,69239,69409
1711591200,69427,69522,68863,69082
1711594800,69127,69330,69040,69281
1711598400,69242,69700,69238,69675
1711602000,69686,69881,69577,69690
1711605600,69693,70357,69646,70340
1711609200,70361,70420,70179,70387
1711612800,70383,70835,70293,70539
1711616400,70547,70893,70505,70554
1711620000,70549,70800,70319,70783
1711623600,70766,70912,70494,70605
1711627200,70632,70801,70320,70801
1711630800,70800,71322,70386,70870
1711634400,70832,71587,70691,71587
1711638000,71530,71585,71000,71296
1711641600,71310,71336,70545,70689
1711645200,70716,70837,70480,70792
1711648800,70797,70980,70398,70543
1711652400,70547,70927,70495,70847
1711656000,70850,70914,70657,70699
1711659600,70679,70934,70678,70843
1711663200,70810,70910,70590,70872
1711666800,70857,71065,70708,70803
1711670400,70769,70840,70633,70752
1711674000,70767,70929,70664,70807
1711677600,70792,70843,70606,70640
1711681200,70640,70739,70320,70462
1711684800,70459,70539,70310,70374
1711688400,70365,70469,70209,70209
1711692000,70201,70488,70056,70437
1711695600,70445,70500,69782,69800
1711699200,69799,70083,69686,69946
1711702800,69949,70056,69600,69749
1711706400,69758,69909,69597,69909
1711710000,69842,70332,69842,70167
1711713600,70161,70305,69873,70154
1711717200,70153,70623,70052,70426
1711720800,70442,70533,70066,70101
1711724400,70077,70159,69073,69186
1711728000,69195,69572,69106,69194
1711731600,69127,69480,69119,69451
1711735200,69440,69622,69360,69547
1711738800,69521,69706,69406,69706
1711742400,69702,69738,69572,69653
1711746000,69653,69670,69347,69467
1711749600,69498,69862,69486,69848
1711753200,69849,69957,69786,69903
1711756800,69934,69991,69776,69991
1711760400,69991,70197,69866,70025
1711764000,70034,70062,69901,69992
1711767600,69993,70087,69814,69829
1711771200,69829,70133,69807,70107
1711774800,70121,70344,69933,70057
1711778400,70059,70139,69932,70010
1711782000,70002,70077,69898,69898
1711785600,69898,70046,69857,70003
1711789200,69988,70167,69944,70052
1711792800,70052,70145,69987,70056
1711796400,70072,70218,70069,70218
1711800000,70218,70256,70130,70256
1711803600,70256,70302,70125,70200
1711807200,70205,70225,70041,70093
1711810800,70100,70192,69915,70055
1711814400,70046,70319,69951,70233
1711818000,70227,70227,70058,70088
1711821600,70087,70087,69923,70006
1711825200,69996,70010,69739,69946
1711828800,69904,69947,69818,69867
1711832400,69857,69903,69681,69758
1711836000,69753,69856,69681,69753
1711839600,69747,69805,69586,69613
1711843200,69616,69965,69594,69896
1711846800,69896,70083,69861,70069
1711850400,70040,70150,69965,69985
1711854000,70002,70009,69798,69939
1711857600,69941,70125,69884,70115
1711861200,70084,70462,70074,70355
1711864800,70393,70405,70202,70238
1711868400,70254,70344,70185,70292
1711872000,70310,70471,70251,70275
1711875600,70281,70319,70176,70240
1711879200,70240,70327,70223,70273
1711882800,70273,70437,70273,70379
1711886400,70399,70600,70370,70523
1711890000,70522,70750,70510,70609
1711893600,70598,70682,70472,70558
1711897200,70549,70549,70311,70395
1711900800,70402,70674,70339,70474
1711904400,70505,70553,70462,70517
1711908000,70519,71219,70454,70881
1711911600,70843,71133,70667,71034
1711915200,71088,71124,70759,70851
1711918800,70854,70963,70657,70860
1711922400,70868,71077,70863,70979
1711926000,70970,71391,70933,71285
1711929600,71296,71296,70886,71182
1711933200,71177,71199,70830,70848
1711936800,70840,70921,70793,70878
1711940400,70883,70909,70549,70619
1711944000,70577,70672,70446,70446
1711947600,70447,70509,69031,69156
1711951200,69156,69689,68900,69641
1711954800,69616,69798,69533,69625
1711958400,69620,69620,69215,69436
1711962000,69463,69622,69439,69456
1711965600,69432,69599,69321,69581
1711969200,69580,69822,69460,69478
1711972800,69470,69848,69450,69843
1711976400,69847,70092,69643,69882
1711980000,69889,69962,68635,68903
1711983600,68884,68998,68168,68231
1711987200,68183,68783,68073,68590
1711990800,68569,68742,68222,68742
1711994400,68741,68998,68453,68930
1711998000,68936,69865,68906,69713
1712001600,69720,69833,69372,69764
1712005200,69764,69915,69578,69617
1712008800,69639,69887,69605,69740
1712012400,69750,69890,69680,69699
1712016000,69694,69706,69099,69384
1712019600,69400,69630,69297,69434
1712023200,69415,69464,66013,67139
1712026800,67030,67335,66625,66756
1712030400,66749,67007,66415,66672
1712034000,66644,66877,66177,66814
1712037600,66795,67177,66753,66925
1712041200,66927,66951,66500,66528
1712044800,66522,66756,66176,66278
1712048400,66285,66591,65821,66107
1712052000,66100,66288,65480,66001
1712055600,65983,66034,65047,65623
1712059200,65613,65820,65137,65338
1712062800,65355,65426,64545,65217
1712066400,65216,66272,65173,65719
1712070000,65719,66145,64701,64900
1712073600,64900,65793,64615,65561
1712077200,65589,65698,65300,65633
1712080800,65633,66070,65409,65837
1712084400,65842,66240,65815,66000
1712088000,65938,66134,65542,65708
1712091600,65716,65835,65239,65719
1712095200,65761,65939,65594,65842
1712098800,65835,65848,65396,65469
1712102400,65471,65619,64511,65408
1712106000,65387,65923,65141,65827
1712109600,65826,66057,65718,65946
1712113200,65941,66292,65771,66243
1712116800,66241,66495,66182,66356
1712120400,66378,66400,65971,66118
1712124000,66094,66408,66093,66395
1712127600,66394,66514,66169,66188
1712131200,66192,66673,66042,66555
1712134800,66547,66657,66365,66515
1712138400,66533,66557,66054,66233
1712142000,66226,66261,65599,66099
1712145600,66098,66246,65773,65939
1712149200,65937,66056,65670,65833
1712152800,65837,66942,65837,66677
1712156400,66683,66683,65757,65839
1712160000,65843,66606,65835,66217
1712163600,66202,66401,65871,65998
1712167200,65985,66129,65511,66037
1712170800,66027,66163,65752,65816
1712174400,65831,65863,65599,65747
1712178000,65730,65974,65528,65943
1712181600,65978,66263,65877,66169
1712185200,66167,66323,65979,65988
1712188800,65984,66390,65868,66319
1712192400,66283,66324,66065,66183
1712196000,66192,66192,65528,65779
1712199600,65761,65815,65576,65651
1712203200,65636,65717,65100,65474
1712206800,65485,65688,65388,65599
1712210400,65593,65804,65549,65780
1712214000,65762,66264,65663,66076
1712217600,66025,66406,66014,66229
1712221200,66216,66391,66175,66266
1712224800,66263,66455,66148,66284
1712228400,66293,66423,66134,66356
1712232000,66352,66831,66324,66712
1712235600,66718,67516,66700,67273
1712239200,67273,67973,67120,67733
1712242800,67733,67846,67484,67655
1712246400,67696,68185,67552,67849
1712250000,67864,68940,67777,68848
1712253600,68896,69328,68558,68621
1712257200,68626,69178,68388,68498
1712260800,68520,68598,67362,67953
1712264400,67972,68162,67530,67819
1712268000,67838,68072,67628,67952
1712271600,67949,68569,67918,68538
1712275200,68522,68767,68200,68653
1712278800,68639,68640,67876,68209
1712282400,68208,68208,67497,67630
1712286000,67609,68070,67609,67882
1712289600,67882,68049,67492,67663
1712293200,67653,67780,66431,66907
1712296800,66922,67183,66800,67159
1712300400,67160,67160,66846,66930
1712304000,66935,67661,66919,67136
1712307600,67107,67113,66397,66814
1712311200,66819,67217,66715,67047
1712314800,67051,67087,66415,66498
1712318400,66513,66919,65999,66913
1712322000,66910,67621,66548,67546
1712325600,67528,68627,67367,68183
1712329200,68175,68300,67677,68250
1712332800,68224,68413,67729,68004
1712336400,67991,68040,67378,67464
1712340000,67467,67730,67287,67644
1712343600,67638,68061,67422,67422
1712347200,67412,67791,67378,67663
1712350800,67642,67865,67558,67571
1712354400,67538,67860,67520,67654
1712358000,67671,68000,67647,67857
1712361600,67851,68085,67718,67934
1712365200,67944,68020,67700,67728
1712368800,67736,67809,67476,67617
1712372400,67616,67912,67616,67828
1712376000,67838,67843,67644,67778
1712379600,67783,68243,67763,68058
1712383200,68061,68193,67914,68143
1712386800,68141,68208,67973,68026
1712390400,68022,68141,67899,68035
1712394000,68039,68136,67801,67829
1712397600,67816,67911,67759,67864
1712401200,67856,67925,67654,67679
1712404800,67691,67818,67629,67769
1712408400,67764,67767,67589,67728
1712412000,67726,68092,67714,68016
1712415600,68016,68306,67916,68125
1712419200,68126,68188,67971,68161
1712422800,68155,68495,68056,68314
1712426400,68319,68400,68216,68328
1712430000,68325,68438,68238,68280
1712433600,68298,68413,68200,68412
1712437200,68411,68454,68322,68331
1712440800,68323,69093,68307,69070
1712444400,69093,69680,68845,68917
1712448000,68907,69164,68858,69032
1712451600,69033,69647,69003,69570
1712455200,69614,69781,69330,69338
1712458800,69330,69534,69266,69441
1712462400,69432,69521,69112,69342
1712466000,69341,69494,69303,69421
1712469600,69422,69448,69177,69262
1712473200,69275,69492,69251,69390
1712476800,69388,69411,69388,69411
1712480400,69384,69491,69247,69318
1712484000,69323,69505,69258,69348
1712487600,69388,69432,69239,69374
1712491200,69384,69429,69239,69366
1712494800,69365,69554,69314,69372
1712498400,69366,69664,69247,69587
1712502000,69583,69881,69387,69568
1712505600,69558,70310,69515,70069
1712509200,70052,70108,69689,69809
1712512800,69817,69829,69277,69409
1712516400,69370,69509,68915,69079
1712520000,69073,69422,68996,69322
1712523600,69319,69422,69040,69046
1712527200,69052,69339,68924,69214
1712530800,69213,69464,69191,69358
1712534400,69336,69440,69073,69340
1712538000,69310,69814,69281,69444
1712541600,69385,69427,69139,69225
1712545200,69229,69486,69131,69457
1712548800,69471,69504,69284,69395
1712552400,69408,69796,69405,69719
1712556000,69727,69817,69664,69803
1712559600,69797,70832,69796,70702
1712563200,70708,72079,70644,71948
1712566800,71946,72573,71665,72165
1712570400,72165,72356,71778,72302
1712574000,72302,72606,72188,72370
1712577600,72372,72756,72076,72154
1712581200,72154,72273,71691,71939
1712584800,71923,71976,71245,71708
1712588400,71708,71983,71580,71781
1712592000,71770,72010,71568,71749
1712595600,71736,71807,71306,71709
1712599200,71703,72136,71681,71929
1712602800,71913,71998,71550,71738
1712606400,71778,71787,71491,71706
1712610000,71705,71888,71618,71685
1712613600,71659,71940,71594,71913
1712617200,71901,71984,71602,71613
1712620800,71623,71748,71339,71422
1712624400,71434,71460,70877,71286
1712628000,71281,71605,71162,71471
1712631600,71485,71639,71202,71277
1712635200,71288,71322,70929,71203
1712638800,71191,71321,70972,71058
1712642400,71057,71289,70606,70772
1712646000,70791,70924,70197,70394
1712649600,70398,70614,69635,70506
1712653200,70524,70878,70294,70439
1712656800,70427,70690,70270,70580
1712660400,70603,70898,70603,70792
1712664000,70797,70948,70647,70681
1712667600,70701,70912,69940,69949
1712671200,69933,70420,68619,69330
1712674800,69330,69339,68544,69239
1712678400,69244,69289,68489,68579
1712682000,68584,68930,68217,68790
1712685600,68794,68982,68747,68857
1712689200,68840,69146,68642,69001
1712692800,68939,69197,68939,69129
1712696400,69157,69230,68910,69186
1712700000,69203,69384,69120,69303
1712703600,69302,69312,68866,69135
1712707200,69100,69280,69008,69122
1712710800,69103,69246,68595,69246
1712714400,69247,69564,68484,68646
1712718000,68663,69156,68631,69145
1712721600,69145,69180,69000,69123
1712725200,69123,69380,69123,69241
1712728800,69240,69464,69210,69363
1712732400,69365,69513,69294,69328
1712736000,69310,69313,68808,68983
1712739600,69010,69157,68915,69129
1712743200,69133,69176,68645,68935
1712746800,68927,69114,68853,69045
1712750400,69043,69190,67527,67932
1712754000,67875,68257,67482,68221
1712757600,68208,68956,67954,68695
1712761200,68680,68744,68285,68663
1712764800,68645,69574,68560,69517
1712768400,69552,69915,69163,69324
1712772000,69355,69418,69075,69312
1712775600,69335,70075,69227,70075
1712779200,70075,70130,69741,69818
1712782800,69804,70030,69592,70026
1712786400,70027,71150,70027,70540
1712790000,70584,70803,70486,70630
1712793600,70638,70638,70274,70511
1712797200,70520,70758,70470,70564
1712800800,70566,71049,70506,70998
1712804400,70991,71014,70793,70841
1712808000,70871,70871,70403,70616
1712811600,70613,70680,70454,70592
1712815200,70574,70832,70574,70708
1712818800,70743,71287,70739,70742
1712822400,70745,71244,70641,71051
1712826000,71044,71044,70599,70613
1712829600,70599,70777,70412,70431
1712833200,70443,70596,69865,70007
1712836800,70000,71074,69916,70864
1712840400,70856,70991,69680,70278
1712844000,70270,70346,69580,69580
1712847600,69574,70011,69555,69993
1712851200,69995,70122,69568,70006
1712854800,70007,70403,69973,70208
1712858400,70199,70412,69949,70099
1712862000,70103,70543,70014,70489
1712865600,70483,70769,70387,70502
1712869200,70497,70522,70075,70140
1712872800,70159,70295,70030,70173
1712876400,70173,70225,69848,70015
1712880000,70019,70353,70007,70307
1712883600,70301,70354,70121,70285
1712887200,70290,70779,70208,70656
1712890800,70647,71031,70647,71010
1712894400,70995,71236,70831,71131
1712898000,71120,71167,70908,70972
1712901600,70972,71024,70743,70866
1712905200,70880,70955,70589,70768
1712908800,70764,70886,70624,70781
1712912400,70773,70852,70530,70641
1712916000,70643,70835,70582,70768
1712919600,70770,70948,70728,70882
1712923200,70881,70963,70335,70526
1712926800,70469,70469,69623,69887
1712930400,69830,70049,69178,69210
1712934000,69210,69697,69192,69316
1712937600,69299,69554,68608,68782
1712941200,68764,68909,67402,68127
1712944800,68098,68331,65230,66500
1712948400,66484,67306,66335,66856
1712952000,66861,67480,66731,67115
1712955600,67096,67096,66715,66985
1712959200,66944,67282,66859,67092
1712962800,67089,67273,66841,67150
1712966400,67146,67181,66799,66952
1712970000,66957,66965,65781,65893
1712973600,65926,66599,65926,66561
1712977200,66553,67168,66508,67168
1712980800,67167,67928,67030,67611
1712984400,67643,67929,67339,67364
1712988000,67414,67533,67298,67514
1712991600,67538,67585,67157,67458
1712995200,67464,67478,67122,67214
1712998800,67204,67500,67167,67426
1713002400,67410,67492,67343,67468
1713006000,67450,67808,67338,67368
1713009600,67389,67705,67193,67531
1713013200,67561,67799,67476,67574
1713016800,67579,67737,67403,67587
1713020400,67586,67930,67474,67708
1713024000,67672,67777,67289,67442
1713027600,67459,67459,66527,66772
1713031200,66733,67217,66503,67192
1713034800,67173,67249,63803,64886
1713038400,64759,64929,61308,61997
1713042000,62034,63272,61767,62954
1713045600,62987,64700,62188,64397
1713049200,64399,65654,63815,64054
1713052800,64039,64429,62955,63755
1713056400,63770,64179,63342,63813
1713060000,63801,64015,63067,63122
1713063600,63120,63589,62162,63466
1713067200,63462,64193,63427,63987
1713070800,63987,64491,63956,64420
1713074400,64433,64911,64144,64707
1713078000,64704,64884,64299,64516
1713081600,64506,64918,64436,64601
1713085200,64561,64755,63967,64176
1713088800,64173,64696,64173,64487
1713092400,64516,64612,63933,64215
1713096000,64212,64863,64120,64545
1713099600,64550,64871,64387,64419
1713103200,64416,64443,63485,63959
1713106800,63980,64490,63931,64212
1713110400,64214,64755,64183,64423
1713114000,64434,64610,62638,63922
1713117600,63897,64715,63782,64421
1713121200,64420,64496,63967,64206
1713124800,64219,64374,63756,63865
1713128400,63862,63878,63377,63737
1713132000,63728,65510,63728,65359
1713135600,65342,65859,65094,65749
1713139200,65748,65934,65367,65573
1713142800,65556,65778,65152,65347
1713146400,65347,65430,64996,65186
1713150000,65241,65399,65115,65210
1713153600,65193,65241,64763,64953
1713157200,64950,65525,64950,65517
1713160800,65510,66599,65417,66547
1713164400,66523,66623,66243,66341
1713168000,66340,66561,66144,66352
1713171600,66362,66900,66204,66639
1713175200,66652,66728,66458,66559
1713178800,66588,66750,65899,65934
1713182400,65945,66296,65883,66103
1713186000,66109,66476,65786,65962
1713189600,65947,66045,64217,64279
1713193200,64297,64815,63852,64617
1713196800,64615,64900,63936,64180
1713200400,64168,64782,63379,63927
1713204000,63946,64087,63175,63200
1713207600,63176,63650,62340,63349
1713211200,63316,63651,62985,63150
1713214800,63150,63506,62662,63274
1713218400,63277,63531,62777,63466
1713222000,63454,63560,63206,63438
1713225600,63467,63727,62984,63279
1713229200,63281,63925,63112,63192
1713232800,63159,63523,62806,63445
1713236400,63386,63577,62864,63003
1713240000,62996,63079,61750,62518
1713243600,62518,62909,62408,62745
1713247200,62726,63287,62685,63235
1713250800,63209,63810,63157,63534
1713254400,63546,63691,63111,63316
1713258000,63310,63600,63224,63275
1713261600,63272,63364,61654,62610
1713265200,62594,63234,62411,63105
1713268800,63087,63451,62834,63074
1713272400,63072,63352,62162,62743
1713276000,62720,63125,62057,62111
1713279600,62112,62443,61774,61794
1713283200,61792,62732,61714,62732
1713286800,62732,63274,62308,62537
1713290400,62508,63061,62462,63013
1713294000,63026,63109,62666,62735
1713297600,62717,63060,62565,63047
1713301200,63039,64376,62982,64034
1713304800,64042,64101,63660,63816
1713308400,63797,63913,63668,63830
1713312000,63821,64370,63622,64059
1713315600,64049,64059,63654,64040
1713319200,64047,64314,63749,63861
1713322800,63856,64059,63757,63859
1713326400,63848,64221,63684,64119
1713330000,64111,64636,63865,63943
1713333600,63955,64023,63780,63921
1713337200,63907,63953,63325,63332
1713340800,63331,63603,63196,63360
1713344400,63342,63565,63288,63342
1713348000,63333,63350,62798,62954
1713351600,62938,63189,62579,62620
1713355200,62666,62871,62101,62337
1713358800,62387,62977,62166,62665
1713362400,62675,62684,60760,61280
1713366000,61281,61543,59827,60291
1713369600,60321,61085,59672,60211
1713373200,60159,61364,60091,61271
1713376800,61261,61963,61175,61447
1713380400,61440,61478,60750,61004
1713384000,60996,61454,60795,60829
1713387600,60854,61639,60854,61304
1713391200,61335,61698,61172,61686
1713394800,61688,61753,61209,61278
1713398400,61256,61530,60962,61506
1713402000,61519,61639,61382,61639
1713405600,61639,61922,61447,61670
1713409200,61671,62211,61671,62001
1713412800,61982,62076,61550,61645
1713416400,61638,61822,61001,61091
1713420000,61080,61298,60830,61141
1713423600,61175,61362,60947,61191
1713427200,61197,61535,60894,61360
1713430800,61361,61713,61357,61632
1713434400,61642,61922,61514,61835
1713438000,61842,63095,61840,62623
1713441600,62619,62760,61639,62234
1713445200,62257,62856,61920,62838
1713448800,62849,64018,62624,63880
1713452400,63926,64182,63486,63537
1713456000,63538,63924,63333,63563
1713459600,63566,63678,62705,62853
1713463200,62860,63257,62368,63144
1713466800,63145,63609,63141,63554
1713470400,63545,63665,63327,63522
1713474000,63534,63859,63366,63572
1713477600,63510,63671,63213,63555
1713481200,63539,63700,63426,63515
1713484800,63512,63512,62728,62738
1713488400,62747,62801,60687,61028
1713492000,60998,61362,59629,61350
1713495600,61376,62117,61165,61792
1713499200,61772,62743,61772,62441
1713502800,62455,62613,61794,62098
1713506400,62073,64925,61885,64556
1713510000,64634,65190,64220,64574
1713513600,64576,65118,64205,64665
1713517200,64661,64965,64521,64838
1713520800,64810,65182,64475,64778
1713524400,64826,65433,64760,64927
1713528000,64932,65506,64825,65039
1713531600,65024,65108,64499,64949
1713535200,64953,65016,63899,64482
1713538800,64470,64728,64372,64447
1713542400,64454,64569,63555,63994
1713546000,64034,64832,63979,64670
1713549600,64670,64670,64136,64211
1713553200,64196,64397,64094,64340
1713556800,64341,64341,63711,64054
1713560400,64071,64470,64071,64387
1713564000,64420,64528,64032,64032
1713567600,64002,64134,63007,63821
1713571200,63847,64257,63458,63507
1713574800,63485,63798,63136,63684
1713578400,63705,64108,63577,63861
1713582000,63850,64054,63798,64007
1713585600,63994,64282,63860,64197
1713589200,64154,64283,64014,64200
1713592800,64189,64251,63974,64080
1713596400,64118,64190,63968,63987
1713600000,64009,64009,63692,63744
1713603600,63764,63799,63318,63642
1713607200,63630,63790,63418,63592
1713610800,63587,63929,63587,63731
1713614400,63733,63944,63600,63840
1713618000,63832,64044,63824,63896
1713621600,63913,64017,63770,63957
1713625200,63961,64973,63821,64824
1713628800,64837,64980,64491,64760
1713632400,64818,65450,64803,65218
1713636000,65241,65347,64887,64989
1713639600,64991,65037,64832,64895
1713643200,64918,65021,64679,64763
1713646800,64756,64856,64657,64758
1713650400,64789,64814,64592,64674
1713654000,64652,65004,64652,64990
1713657600,64978,64978,64646,64793
1713661200,64781,65113,64763,64972
1713664800,64981,65388,64957,65328
1713668400,65323,65710,65144,65219
1713672000,65184,65239,64910,65081
1713675600,65129,65254,65019,65065
1713679200,65053,65232,65004,65089
1713682800,65109,65199,64950,65153
1713686400,65182,65246,65004,65005
1713690000,65004,65017,64825,64927
1713693600,64918,64992,64809,64982
1713697200,64983,65442,64983,65263
1713700800,65302,65386,64980,65046
1713704400,65024,65254,64817,64898
1713708000,64890,65053,64818,64901
1713711600,64931,65129,64893,65050
1713715200,65086,65107,64294,64580
1713718800,64593,64896,64550,64851
1713722400,64853,64871,64613,64780
1713726000,64788,64854,64553,64554
1713729600,64553,64722,64380,64655
1713733200,64705,65152,64678,64678
1713736800,64704,65099,64603,65045
1713740400,65033,65068,64892,64950
1713744000,64951,65159,64779,64919
1713747600,64925,65646,64638,64700
1713751200,64720,64863,64545,64809
1713754800,64795,66101,64762,65726
1713758400,65733,65875,65544,65766
1713762000,65770,66467,65724,66428
1713765600,66445,66445,66191,66369
1713769200,66368,66503,66027,66027
1713772800,66026,66243,65954,65998
1713776400,65990,66069,65859,65964
1713780000,65971,66150,65924,66087
1713783600,66091,66157,65757,65911
1713787200,65914,66010,65686,66010
1713790800,66010,66272,65726,66189
1713794400,66145,66546,66018,66074
1713798000,66074,66140,65702,66027
1713801600,66029,66444,65970,66199
1713805200,66185,66855,66176,66584
1713808800,66583,66731,66320,66359
1713812400,66354,66623,66169,66555
1713816000,66558,66775,66432,66543
1713819600,66540,66580,66375,66540
1713823200,66553,67208,66553,67052
1713826800,67077,67241,66817,66855
1713830400,66845,67056,66737,67056
1713834000,67056,67201,66824,66824
1713837600,66861,66950,66609,66656
1713841200,66636,66802,66479,66485
1713844800,66482,66607,66232,66293
1713848400,66285,66647,66236,66542
1713852000,66553,66671,66359,66417
1713855600,66414,66466,66089,66132
1713859200,66135,66253,66010,66242
1713862800,66262,66304,66073,66086
1713866400,66087,66319,66087,66227
1713870000,66251,66251,65899,66064
1713873600,66064,66173,65837,66137
1713877200,66135,66591,66066,66544
1713880800,66557,67166,66447,66947
1713884400,66972,66972,66359,66393
1713888000,66449,66807,66390,66773
1713891600,66768,66910,66603,66775
1713895200,66780,66864,66608,66803
1713898800,66793,66800,66415,66485
1713902400,66485,66485,65970,66355
1713906000,66352,66455,66257,66346
1713909600,66348,66455,66276,66371
1713913200,66370,66444,66145,66421
1713916800,66413,66751,66413,66751
1713920400,66751,66886,66687,66768
1713924000,66748,66764,66470,66535
1713927600,66530,66719,66515,66598
1713931200,66614,67048,66614,67019
1713934800,67008,67057,66655,66750
1713938400,66731,66794,66567,66786
1713942000,66775,66871,66599,66642
1713945600,66641,66730,66496,66536
1713949200,66530,66553,66281,66365
1713952800,66360,66494,66216,66417
1713956400,66420,66615,66361,66570
1713960000,66577,66744,66368,66369
1713963600,66368,66368,65816,66077
1713967200,66053,66184,64733,65228
1713970800,65214,65226,64480,64577
1713974400,64566,64909,64318,64755
1713978000,64755,65112,64729,64860
1713981600,64856,64884,64059,64059
1713985200,64060,64437,63733,63939
1713988800,63946,64198,63554,64049
1713992400,64044,64375,63950,64341
1713996000,64309,64355,63921,64056
1713999600,64012,64305,63811,64259
1714003200,64254,64708,64196,64555
1714006800,64547,64660,64041,64041
1714010400,64038,64305,63875,64259
1714014000,64289,64437,64139,64262
1714017600,64270,64363,64052,64327
1714021200,64325,64364,64028,64211
1714024800,64209,64368,64182,64275
1714028400,64275,64365,63822,64008
1714032000,64008,64162,63722,63909
1714035600,63908,64159,63828,63961
1714039200,63959,63959,63356,63473
1714042800,63468,63967,63440,63830
1714046400,63834,64262,63277,63396
1714050000,63445,63535,62785,63385
1714053600,63414,63823,63209,63367
1714057200,63350,64159,63229,64104
1714060800,64091,64475,63942,64388
1714064400,64402,64809,64358,64682
1714068000,64681,64910,64454,64690
1714071600,64698,64749,64547,64708
1714075200,64713,64967,64483,64800
1714078800,64789,65286,64708,64708
1714082400,64708,64758,64568,64610
1714086000,64610,64745,64446,64493
1714089600,64488,64551,64119,64311
1714093200,64306,64641,63921,64400
1714096800,64389,64655,64333,64503
1714100400,64500,64502,64316,64371
1714104000,64378,64387,64178,64201
1714107600,64196,64563,64028,64561
1714111200,64554,64582,64260,64385
1714114800,64372,64599,64252,64269
1714118400,64277,64460,64252,64396
1714122000,64405,64561,64314,64461
1714125600,64473,64554,64068,64091
1714129200,64091,64244,64077,64229
1714132800,64228,64483,63959,64127
1714136400,64136,64561,63668,64491
1714140000,64486,64793,63784,63833
1714143600,63840,64012,63348,63483
1714147200,63476,63747,63306,63648
1714150800,63640,64074,63543,63981
1714154400,63982,64128,63924,64049
1714158000,64031,64096,63714,63714
1714161600,63719,64067,63718,63935
1714165200,63947,64059,63813,64040
1714168800,64034,64035,63676,63803
1714172400,63798,63901,63737,63745
1714176000,63746,63903,62841,63135
1714179600,63163,63242,62405,62552
1714183200,62566,63307,62480,62926
1714186800,62909,63126,62811,63055
1714190400,63050,63144,62914,63009
1714194000,63022,63075,62788,62955
1714197600,62944,63083,62833,62979
1714201200,62973,63119,62921,62927
1714204800,62932,63019,62900,62983
1714208400,62979,62997,62856,62929
1714212000,62940,62951,62690,62758
1714215600,62757,62894,62653,62813
1714219200,62821,63113,62792,62992
1714222800,62996,63204,62965,63173
1714226400,63173,63363,63037,63093
1714230000,63092,63170,62827,62918
1714233600,62914,63052,62720,62720
1714237200,62713,63584,62713,63377
1714240800,63369,63552,62818,63293
1714244400,63286,63343,63151,63315
1714248000,63317,63405,63128,63237
1714251600,63235,63320,63121,63247
1714255200,63245,63401,63192,63215
1714258800,63216,63516,63216,63429
1714262400,63417,63706,63417,63580
1714266000,63579,63638,63485,63563
1714269600,63562,63984,63517,63901
1714273200,63899,64310,63897,63991
1714276800,63988,64018,63808,63819
1714280400,63809,63975,63783,63907
1714284000,63912,63967,63768,63943
1714287600,63931,64013,63866,63885
1714291200,63881,63949,63639,63670
1714294800,63668,63796,63645,63734
1714298400,63726,63763,63352,63659
1714302000,63661,63676,63379,63467
1714305600,63459,63638,63391,63555
1714309200,63555,63828,63502,63747
1714312800,63746,63750,63471,63579
1714316400,63578,63630,63447,63520
1714320000,63515,63760,63460,63685
1714323600,63686,63783,63552,63746
1714327200,63741,63940,63680,63900
1714330800,63913,63917,63707,63732
1714334400,63707,63718,63584,63676
1714338000,63664,63707,63585,63654
1714341600,63644,63710,62924,63140
1714345200,63133,63136,62811,63098
1714348800,63106,63289,63037,63249
1714352400,63241,63333,63069,63222
1714356000,63212,63273,62585,62700
1714359600,62698,62747,62226,62288
1714363200,62270,62628,62211,62522
1714366800,62518,62526,62037,62449
1714370400,62445,62463,61943,62188
1714374000,62186,62410,61950,62397
1714377600,62398,62488,62210,62394
1714381200,62398,62644,62277,62529
1714384800,62526,62660,62384,62384
1714388400,62385,62422,62173,62241
1714392000,62226,62623,62069,62568
1714395600,62574,62667,61764,61995
1714399200,61994,62992,61864,62825
1714402800,62830,63090,62729,63033
1714406400,63038,63136,62750,62790
1714410000,62778,63211,62778,63025
1714413600,63017,63045,62702,62851
1714417200,62837,62970,62532,62966
1714420800,62965,63128,62865,62954
1714424400,62953,63128,62812,63069
1714428000,63040,63898,63011,63857
1714431600,63894,64181,63798,63832
1714435200,63849,64714,63696,64546
1714438800,64588,64588,63569,63622
1714442400,63581,63859,63084,63757
1714446000,63754,63802,63546,63630
1714449600,63676,63687,63357,63379
1714453200,63407,63479,63079,63322
1714456800,63318,63447,63227,63403
1714460400,63399,63445,63137,63145
1714464000,63140,63224,61824,61914
1714467600,61886,62123,61585,61669
1714471200,61661,61761,61447,61761
1714474800,61763,61763,61019,61181
1714478400,61154,61307,60753,61208
1714482000,61215,61291,60748,60800
1714485600,60777,61506,60525,61209
1714489200,61239,61360,60554,60741
1714492800,60748,60836,60148,60301
1714496400,60292,60467,59999,60317
1714500000,60316,60466,59982,60325
1714503600,60316,60430,59068,59150
1714507200,59160,60079,59160,59868
1714510800,59866,60319,59855,60112
1714514400,60090,60956,60090,60531
1714518000,60524,60873,60343,60632
1714521600,60611,60786,60018,60186
1714525200,60187,60354,59810,60058
1714528800,60063,60104,59523,59863
1714532400,59861,60227,59835,60183
1714536000,60176,60278,60119,60208
1714539600,60207,60250,59899,59973
1714543200,59995,60026,59450,59463
1714546800,59476,59487,57082,57441
1714550400,57408,57499,56500,57067
1714554000,57073,57561,56953,57038
1714557600,57030,57702,56809,57702
1714561200,57708,57834,57409,57831
1714564800,57830,58203,57666,57931
1714568400,57924,57960,57212,57220
1714572000,57242,57533,57042,57418
1714575600,57411,57412,56600,56800
1714579200,56810,57343,56673,56967
1714582800,56967,57626,56564,57368
1714586400,57350,59395,57302,58856
1714590000,58868,59228,56834,56893
1714593600,56879,57453,56702,57297
1714597200,57280,58070,57184,57808
1714600800,57817,58105,57787,57799
1714604400,57799,58462,57738,58256
1714608000,58272,58497,57600,57698
1714611600,57699,57829,56932,57052
1714615200,57062,57571,57062,57405
1714618800,57428,57638,57333,57393
1714622400,57368,57568,57250,57308
1714626000,57311,57450,57154,57446
1714629600,57440,57676,57360,57589
1714633200,57624,57875,57598,57637
1714636800,57649,57931,57584,57805
1714640400,57808,57855,57633,57767
1714644000,57770,57868,57565,57797
1714647600,57783,58652,57776,58537
1714651200,58532,59086,58452,58518
1714654800,58531,58789,58238,58445
1714658400,58412,59296,58305,59061
1714662000,59043,59465,58968,59285
1714665600,59277,59338,58947,59029
1714669200,59036,59277,58965,59197
1714672800,59206,59579,59002,59398
1714676400,59407,59407,59033,59369
1714680000,59341,59431,58672,58740
1714683600,58729,59623,58715,59124
1714687200,59113,59435,59097,59347
1714690800,59340,59386,59082,59099
1714694400,59076,59147,58829,59049
1714698000,59051,59488,59038,59329
1714701600,59322,59901,59289,59555
1714705200,59556,60000,59544,59733
1714708800,59729,59850,59581,59603
1714712400,59608,59640,59489,59545
1714716000,59535,59569,59267,59277
1714719600,59267,59437,59082,59170
1714723200,59183,59382,59126,59224
1714726800,59234,59566,59208,59478
1714730400,59472,59472,58863,59049
1714734000,59039,59416,58880,59282
1714737600,59290,60749,59011,60656
1714741200,60634,61795,60543,61714
1714744800,61705,62109,61402,61646
1714748400,61641,61820,61363,61701
1714752000,61704,62196,61576,61711
1714755600,61700,61986,61566,61831
1714759200,61824,62007,61728,61851
1714762800,61826,62106,61609,62102
1714766400,62100,63225,61997,62904
1714770000,62946,62987,62417,62769
1714773600,62779,63036,62680,62851
1714777200,62814,63340,62812,62915
1714780800,62907,63203,62812,63107
1714784400,63106,63576,62851,62891
1714788000,62891,62923,62585,62722
1714791600,62718,62889,62684,62712
1714795200,62737,63164,62707,63081
1714798800,63080,63444,62977,63415
1714802400,63398,63404,62940,63014
1714806000,62982,63163,62913,62994
1714809600,62993,63229,62942,63189
1714813200,63184,63325,63065,63189
1714816800,63187,64482,63126,64482
1714820400,64426,64522,63714,63868
1714824000,63885,64094,63779,64082
1714827600,64093,64158,63491,63751
1714831200,63738,63964,63567,63833
1714834800,63830,63847,63487,63618
1714838400,63630,63736,63424,63701
1714842000,63693,63770,63352,63499
1714845600,63480,63764,63412,63652
1714849200,63653,64013,63555,63927
1714852800,63923,64198,63882,63883
1714856400,63882,64121,63577,63904
1714860000,63918,63929,63607,63653
1714863600,63618,63921,63615,63899
1714867200,63901,64182,63448,63531
1714870800,63529,63605,62947,63329
1714874400,63321,63439,63159,63162
1714878000,63155,63288,63016,63253
1714881600,63244,63434,63240,63356
1714885200,63347,63500,63151,63221
1714888800,63222,63476,63179,63389
1714892400,63388,63951,63380,63760
1714896000,63760,63936,63577,63684
1714899600,63684,63758,63592,63689
1714903200,63682,63847,63592,63712
1714906800,63698,63936,63669,63878
1714910400,63870,63900,63656,63739
1714914000,63735,64267,63658,64142
1714917600,64131,64144,63783,64111
1714921200,64104,64625,64005,64431
1714924800,64430,64544,64222,64317
1714928400,64328,64487,64190,64222
1714932000,64227,64249,63882,63958
1714935600,63948,64024,63863,63888
1714939200,63880,63880,63610,63747
1714942800,63736,63867,63624,63867
1714946400,63866,63890,63722,63863
1714950000,63867,64236,63844,64021
1714953600,64024,64344,64024,64225
1714957200,64230,64499,64105,64166
1714960800,64166,64237,63852,63852
1714964400,63852,63948,63745,63887
1714968000,63887,64182,63780,64159
1714971600,64163,64342,64041,64190
1714975200,64168,64446,64141,64243
1714978800,64242,64568,64182,64546
1714982400,64550,65513,64497,65156
1714986000,65149,65356,65107,65151
1714989600,65173,65276,63844,64033
1714993200,64042,64358,64020,64220
1714996800,64244,64313,63356,63556
1715000400,63578,63982,63452,63880
1715004000,63867,64221,63234,63285
1715007600,63320,63753,62931,63644
1715011200,63630,63755,63114,63205
1715014800,63192,63500,62976,63164
1715018400,63176,63527,62973,63400
1715022000,63391,63405,62720,63193
1715025600,63218,63398,63039,63307
1715029200,63294,63610,63294,63540
1715032800,63525,63573,63416,63505
1715036400,63489,63500,63135,63164
1715040000,63159,63670,62962,63548
1715043600,63541,63951,63487,63891
1715047200,63874,63924,63622,63700
1715050800,63694,63710,62864,63243
1715054400,63242,63466,63105,63466
1715058000,63447,63715,63249,63510
1715061600,63559,63713,63409,63638
1715065200,63631,63894,63560,63686
1715068800,63673,64389,63610,64228
1715072400,64234,64367,64082,64129
1715076000,64126,64172,63775,64097
1715079600,64092,64130,63386,63496
1715083200,63497,63760,63482,63663
1715086800,63665,63722,63136,63207
1715090400,63207,64059,63090,64041
1715094000,64041,64309,63606,63726
1715097600,63738,63882,63500,63622
1715101200,63632,63648,63331,63383
1715104800,63384,63397,62818,63165
1715108400,63167,63257,62969,63067
1715112000,63043,63186,62895,62977
1715115600,62969,63156,62833,63073
1715119200,63069,63105,62756,62854
1715122800,62848,62874,62278,62320
1715126400,62310,62690,62151,62587
1715130000,62586,62690,62438,62508
1715133600,62515,62854,62515,62755
1715137200,62739,62953,62597,62882
1715140800,62889,62996,62383,62519
1715144400,62513,62732,62398,62611
1715148000,62605,62707,62136,62492
1715151600,62491,62560,62074,62210
1715155200,62198,62429,62054,62363
1715158800,62366,62410,62079,62294
1715162400,62294,62503,62252,62459
1715166000,62434,62502,62145,62220
1715169600,62231,62435,62084,62236
1715173200,62227,62410,61779,62410
1715176800,62416,62794,62160,62552
1715180400,62551,62596,61892,62259
1715184000,62257,62420,61996,62420
1715187600,62420,62659,62368,62584
1715191200,62578,62735,62439,62499
1715194800,62497,62528,61952,62154
1715198400,62147,62218,61428,61562
1715202000,61554,61730,61366,61472
1715205600,61430,61559,61095,61242
1715209200,61237,61237,60873,61181
1715212800,61143,61462,61124,61379
1715216400,61377,61528,61373,61524
1715220000,61528,61656,61462,61642
1715223600,61637,61757,61406,61652
1715227200,61659,61738,61411,61482
1715230800,61483,61675,61419,61563
1715234400,61554,61750,61507,61596
1715238000,61592,61617,61116,61237
1715241600,61220,61410,61158,61282
1715245200,61280,61324,60919,61255
1715248800,61255,61281,60779,60779
1715252400,60797,61145,60634,61040
1715256000,61039,61579,61012,61536
1715259600,61510,61511,60860,61148
1715263200,61100,61522,61100,61513
1715266800,61527,62241,61439,62139
1715270400,62132,62653,61824,61857
1715274000,61844,62181,61768,61931
1715277600,61929,62233,61874,62233
1715281200,62236,62548,62181,62442
1715284800,62440,62643,62343,62618
1715288400,62618,62811,62443,62536
1715292000,62536,63409,62487,63272
1715295600,63272,63323,62850,63075
1715299200,63072,63098,62750,62828
1715302800,62835,62965,62675,62884
1715306400,62862,63030,62761,62906
1715310000,62911,62932,62791,62908
1715313600,62910,63003,62790,62918
1715317200,62929,62959,62683,62768
1715320800,62767,63876,62732,63156
1715324400,63167,63363,63001,63076
1715328000,63068,63134,62864,63035
1715331600,63037,63189,62856,63119
1715335200,63122,63122,62879,63026
1715338800,63021,63320,62806,63303
1715342400,63291,63455,62962,63016
1715346000,63018,63114,62816,63002
1715349600,62983,63074,60706,61089
1715353200,61059,61285,60683,60892
1715356800,60893,61278,60250,61056
1715360400,61046,61047,60176,60371
1715364000,60357,60745,60205,60693
1715367600,60679,60861,60504,60625
1715371200,60644,60928,60442,60504
1715374800,60506,60773,60446,60703
1715378400,60661,60902,60602,60858
1715382000,60837,60996,60774,60793
1715385600,60799,60921,60628,60773
1715389200,60775,61069,60751,60863
1715392800,60869,60933,60765,60879
1715396400,60883,60906,60700,60707
1715400000,60720,60848,60707,60758
1715403600,60760,60909,60751,60907
1715407200,60931,61042,60885,60941
1715410800,60946,61007,60858,61007
1715414400,61019,61046,60767,60773
1715418000,60817,60857,60663,60857
1715421600,60854,60870,60665,60710
1715425200,60738,60765,60474,60659
1715428800,60659,60765,60619,60684
1715432400,60694,60955,60646,60948
1715436000,60951,60962,60758,60813
1715439600,60853,61454,60845,61150
1715443200,61154,61388,61082,61177
1715446800,61182,61229,60999,61069
1715450400,61094,61255,60999,61196
1715454000,61200,61205,61042,61122
1715457600,61128,61138,60779,60993
1715461200,60994,61002,60832,60907
1715464800,60901,60988,60879,60900
1715468400,60893,60977,60758,60816
1715472000,60813,61064,60794,60947
1715475600,60953,61057,60846,60847
1715479200,60845,60955,60816,60903
1715482800,60903,60946,60842,60910
1715486400,60906,61094,60905,61081
1715490000,61081,61081,60955,61036
1715493600,61020,61046,60925,60926
1715497200,60925,60976,60600,60787
1715500800,60794,61072,60779,61021
1715504400,61026,61050,60940,60981
1715508000,60974,61329,60919,61122
1715511600,61135,61208,61086,61105
1715515200,61111,61196,61057,61129
1715518800,61122,61196,61064,61161
1715522400,61164,61277,61108,61153
1715526000,61154,61520,61131,61391
1715529600,61391,61848,61326,61350
1715533200,61343,61639,61182,61603
1715536800,61588,61633,61336,61349
1715540400,61350,61417,61210,61394
1715544000,61388,61414,61256,61272
1715547600,61254,61288,60903,61211
1715551200,61215,61382,61183,61302
1715554800,61296,61506,61261,61462
1715558400,61446,61772,61446,61478
1715562000,61482,61503,61174,61395
1715565600,61387,61461,60941,61028
1715569200,61028,61152,60758,61136
1715572800,61137,61147,60889,60951
1715576400,60957,60995,60801,60840
1715580000,60844,61506,60794,61479
1715583600,61477,62417,61451,62327
1715587200,62304,63030,62304,62749
1715590800,62743,63262,62735,63046
1715594400,63023,63061,62375,62658
1715598000,62656,62737,62482,62718
1715601600,62709,62879,62413,62850
1715605200,62819,63018,62597,62755
1715608800,62763,63085,62740,62759
1715612400,62759,63184,62759,63000
1715616000,62999,63444,62926,63171
1715619600,63167,63167,62610,62805
1715623200,62805,62808,62560,62778
1715626800,62775,63174,62775,63174
1715630400,63166,63177,62993,63093
1715634000,63086,63114,62834,62899
1715637600,62893,62947,62720,62762
1715641200,62762,62959,62720,62934
1715644800,62917,63075,62698,62803
1715648400,62794,62999,62578,62657
1715652000,62628,62689,62435,62491
1715655600,62495,62638,62315,62448
1715659200,62407,62613,62322,62509
1715662800,62498,62683,62427,62649
1715666400,62659,62659,61440,62015
1715670000,61999,62074,61824,61993
1715673600,61995,61995,61683,61846
1715677200,61815,61917,61723,61769
1715680800,61772,61781,61500,61697
1715684400,61702,61852,61666,61761
1715688000,61760,62054,61151,61542
1715691600,61542,62017,61432,61656
1715695200,61658,62293,61108,61753
1715698800,61772,61995,61629,61748
1715702400,61749,61791,61218,61389
1715706000,61408,61482,61138,61271
1715709600,61271,61411,61190,61376
1715713200,61376,61631,61352,61559
1715716800,61556,61683,61523,61582
1715720400,61579,61756,61446,61682
1715724000,61638,61740,61543,61674
1715727600,61684,61702,61509,61543
1715731200,61552,61766,61322,61411
1715734800,61411,61720,61411,61672
1715738400,61672,61867,61672,61750
1715742000,61750,61995,61748,61923
1715745600,61922,61952,61798,61881
1715749200,61881,62052,61881,61917
1715752800,61926,61971,61819,61950
1715756400,61950,62256,61881,62188
1715760000,62196,62251,62047,62130
1715763600,62139,62895,61933,62668
1715767200,62675,62984,62383,62691
1715770800,62677,62811,62256,62452
1715774400,62463,64150,62427,63741
1715778000,63772,64699,63549,64156
1715781600,64165,64530,63999,64530
1715785200,64537,65097,64416,64745
1715788800,64733,65144,64733,64792
1715792400,64807,65175,64807,65125
1715796000,65099,65867,65017,65752
1715799600,65765,66461,65341,66099
1715803200,66083,66144,65786,65992
1715806800,65990,66231,65844,65907
1715810400,65913,66319,65885,66148
1715814000,66140,66471,66098,66242
1715817600,66234,66688,65988,66108
1715821200,66103,66223,65859,66006
1715824800,66000,66129,65804,65926
1715828400,65927,66103,65831,66006
1715832000,65986,66028,65811,65835
1715835600,65829,65910,65781,65794
1715839200,65793,66002,65686,65973
1715842800,65970,66311,65948,66209
1715846400,66179,66455,66155,66308
1715850000,66303,66367,66122,66366
1715853600,66365,66367,66129,66182
1715857200,66170,66583,66049,66528
1715860800,66514,66766,65940,66031
1715864400,66038,66383,65812,66358
1715868000,66350,66409,65609,65617
1715871600,65614,65915,65375,65842
1715875200,65837,65850,65113,65153
1715878800,65154,65394,64598,64986
1715882400,64985,65191,64842,65132
1715886000,65114,65563,65092,65160
1715889600,65214,65304,65057,65275
1715893200,65283,65497,65241,65464
1715896800,65470,65486,65176,65436
1715900400,65437,65437,65204,65252
1715904000,65252,65497,65251,65497
1715907600,65497,65497,65129,65351
1715911200,65357,65442,65188,65399
1715914800,65396,65874,65361,65607
1715918400,65591,65641,65395,65469
1715922000,65470,65710,65466,65710
1715925600,65710,66145,65594,65966
1715929200,65993,66500,65993,66431
1715932800,66429,66455,66089,66159
1715936400,66152,66398,66090,66353
1715940000,66356,66519,66204,66500
1715943600,66514,66568,66216,66221
1715947200,66219,66563,66137,66397
1715950800,66396,66438,65829,65966
1715954400,65927,66872,65927,66861
1715958000,66845,67482,66599,67244
1715961600,67238,67345,66959,66968
1715965200,66962,67035,66711,66750
1715968800,66749,66879,66280,66845
1715972400,66844,67096,66677,67083
1715976000,67075,67075,66795,66922
1715979600,66919,66952,66776,66871
1715983200,66829,66836,66711,66794
1715986800,66797,67080,66720,67053
1715990400,67059,67099,66783,66926
1715994000,66924,67020,66792,67007
1715997600,66996,67074,66846,66933
1716001200,66930,67026,66882,66976
1716004800,66986,67022,66856,66911
1716008400,66905,66916,66847,66879
1716012000,66893,66958,66775,66941
1716015600,66940,67241,66863,66928
1716019200,66882,67089,66882,67044
1716022800,67046,67151,67017,67142
1716026400,67152,67297,67072,67238
1716030000,67222,67391,67160,67209
1716033600,67236,67267,66967,66967
1716037200,66988,67098,66839,66896
1716040800,66891,67056,66663,66816
1716044400,66829,66911,66679,66843
1716048000,66835,66999,66734,66897
1716051600,66896,66989,66791,66874
1716055200,66874,66911,66794,66818
1716058800,66814,66971,66783,66936
1716062400,66935,67055,66894,66989
1716066000,66984,67011,66847,66923
1716069600,66923,67025,66847,66935
1716073200,66936,67048,66919,66930
1716076800,66923,67005,66853,66924
1716080400,66921,66990,66891,66935
1716084000,66934,67193,66934,67192
1716087600,67193,67249,67102,67171
1716091200,67167,67181,67023,67151
1716094800,67151,67152,67089,67110
1716098400,67108,67152,66983,67035
1716102000,67036,67297,66993,67297
1716105600,67297,67306,67144,67179
1716109200,67163,67176,67031,67152
1716112800,67152,67654,67123,67278
1716116400,67278,67346,67031,67322
1716120000,67335,67335,66863,66874
1716123600,66863,67128,66735,67062
1716127200,67038,67136,66857,66940
1716130800,66938,66987,66783,66907
1716134400,66906,66999,66588,66673
1716138000,66673,66830,66583,66741
1716141600,66735,66768,66567,66573
1716145200,66585,66637,65901,66052
1716148800,66032,66280,66019,66161
1716152400,66155,66327,66026,66292
1716156000,66279,66439,66250,66366
1716159600,66340,66348,66208,66275
1716163200,66255,66471,66153,66448
1716166800,66446,66559,66074,66519
1716170400,66518,66751,66506,66667
1716174000,66665,66747,66583,66668
1716177600,66670,67120,66622,67119
1716181200,67119,67268,67072,67127
1716184800,67126,67156,66304,66412
1716188400,66383,66887,66381,66826
1716192000,66821,67048,66759,66781
1716195600,66781,66979,66759,66905
1716199200,66904,67322,66888,67142
1716202800,67115,67306,66927,67005
1716206400,67009,67091,66808,66936
1716210000,66936,67150,66791,67075
1716213600,67101,67116,66769,66993
1716217200,66994,67483,66889,67426
1716220800,67425,68276,67411,68231
1716224400,68235,68660,68050,68325
1716228000,68351,68799,68336,68792
1716231600,68791,70121,68637,70057
1716235200,70057,70421,69212,69526
1716238800,69528,69777,68949,69726
1716242400,69737,69972,69562,69617
1716246000,69608,71500,69608,71401
1716249600,71435,71958,71117,71302
1716253200,71265,71297,70725,71079
1716256800,71066,71386,70885,71274
1716260400,71262,71390,71131,71285
1716264000,71282,71288,70837,70876
1716267600,70897,71216,70823,71186
1716271200,71192,71381,71083,71202
1716274800,71212,71227,70852,70855
1716278400,70852,71048,70835,70903
1716282000,70908,71052,70847,70977
1716285600,70980,71262,70926,71031
1716289200,71031,71433,70959,71120
1716292800,71121,71416,71048,71327
1716296400,71263,71302,70531,70586
1716300000,70580,70895,70182,70199
1716303600,70196,70476,69658,69781
1716307200,69772,70209,69639,69640
1716310800,69639,69881,69530,69821
1716314400,69833,69921,69505,69803
1716318000,69798,69953,69156,69264
1716321600,69241,69747,69237,69716
1716325200,69699,69780,69451,69780
1716328800,69710,70209,69710,70209
1716332400,70205,70361,70068,70136
1716336000,70155,70266,70050,70107
1716339600,70089,70210,70007,70155
1716343200,70167,70344,69931,69996
1716346800,69997,70047,69823,69940
1716350400,69993,69994,69214,69595
1716354000,69597,69907,69517,69899
1716357600,69905,70040,69792,69831
1716361200,69872,69885,69589,69715
1716364800,69728,70173,69634,70003
1716368400,70004,70073,69839,69989
1716372000,69989,70218,69941,70178
1716375600,70195,70260,69747,69747
1716379200,69739,70090,69518,69652
1716382800,69614,69902,69417,69559
1716386400,69639,70153,69419,70093
1716390000,70080,70560,69907,70461
1716393600,70436,70649,70197,70221
1716397200,70224,70406,69675,69865
1716400800,69833,69893,69253,69592
1716404400,69591,69799,69459,69599
1716408000,69664,69956,69376,69406
1716411600,69413,69641,68879,69464
1716415200,69472,69519,69007,69091
1716418800,69103,69184,68924,69118
1716422400,69151,69555,69151,69468
1716426000,69454,69574,69219,69440
1716429600,69458,69527,69332,69445
1716433200,69434,69486,69263,69404
1716436800,69405,69538,69369,69502
1716440400,69504,69526,69302,69437
1716444000,69406,69622,69345,69518
1716447600,69519,69806,69431,69690
1716451200,69691,69799,69555,69643
1716454800,69682,69806,69564,69621
1716458400,69622,69766,69513,69517
1716462000,69527,70016,69527,69955
1716465600,69926,70024,69023,69413
1716469200,69412,69538,67700,68009
1716472800,67952,68279,67573,67708
1716476400,67682,68249,67680,68030
1716480000,68022,68133,67777,67782
1716483600,67799,68052,67577,67591
1716487200,67589,67599,66704,67326
1716490800,67312,67631,67009,67114
1716494400,67118,67892,66343,67764
1716498000,67755,68281,67134,67868
1716501600,67951,67951,67513,67646
1716505200,67654,67947,67462,67945
1716508800,67915,67963,67608,67820
1716512400,67823,67823,67625,67734
1716516000,67709,67963,67607,67937
1716519600,67950,67979,67789,67846
1716523200,67864,67875,67629,67672
1716526800,67657,67659,67072,67270
1716530400,67270,67556,66839,66886
1716534000,66873,67289,66831,67151
1716537600,67162,67184,66623,67160
1716541200,67156,67402,67019,67342
1716544800,67345,67489,67296,67311
1716548400,67324,67433,67256,67309
1716552000,67304,67548,67304,67475
1716555600,67472,67573,66911,67045
1716559200,67042,67971,66959,67831
1716562800,67830,68380,67830,68306
1716566400,68309,68438,67906,68364
1716570000,68364,68902,68363,68891
1716573600,68893,69171,68832,68953
1716577200,68906,69254,68750,69171
1716580800,69110,69210,68866,68866
1716584400,68866,68999,68798,68877
1716588000,68868,68871,68693,68783
1716591600,68784,68784,68520,68548
1716595200,68549,68674,68503,68529
1716598800,68544,68697,68540,68602
1716602400,68611,68808,68592,68804
1716606000,68802,68881,68651,68735
1716609600,68730,68807,68668,68767
1716613200,68767,68792,68686,68701
1716616800,68699,68717,68610,68645
1716620400,68628,68775,68611,68732
1716624000,68734,69040,68726,68871
1716627600,68866,69123,68836,69076
1716631200,69076,69438,69065,69350
1716634800,69360,69580,69106,69106
1716638400,69107,69289,69065,69122
1716642000,69130,69230,68891,69031
1716645600,69028,69075,68958,69027
1716649200,69027,69197,68866,68934
1716652800,68936,69034,68866,68936
1716656400,68937,69089,68916,69056
1716660000,69056,69214,69056,69200
1716663600,69206,69239,69106,69149
1716667200,69170,69204,69073,69092
1716670800,69089,69164,69038,69140
1716674400,69140,69163,69048,69122
1716678000,69124,69347,69124,69275
1716681600,69288,69315,69140,69156
1716685200,69158,69239,69148,69157
1716688800,69161,69174,68832,68901
1716692400,68900,69106,68890,69066
1716696000,69044,69044,68925,68968
1716699600,68959,69106,68924,69106
1716703200,69106,69147,69031,69091
1716706800,69095,69397,69086,69320
1716710400,69311,69500,69056,69124
1716714000,69141,69214,68970,69066
1716717600,69061,69189,69061,69189
1716721200,69189,69197,69035,69100
1716724800,69097,69114,68949,68969
1716728400,68965,69110,68940,69110
1716732000,69121,69264,69020,69252
1716735600,69264,69339,68668,68825
1716739200,68824,68932,68708,68770
1716742800,68773,68891,68726,68755
1716746400,68755,68818,68701,68782
1716750000,68776,68898,68772,68868
1716753600,68864,68864,68684,68685
1716757200,68684,68684,68136,68473
1716760800,68479,68676,68466,68531
1716764400,68529,68529,68323,68489
1716768000,68471,68775,68441,68775
1716771600,68775,69255,68703,69059
1716775200,69073,69239,69000,69085
1716778800,69080,69171,68792,68844
1716782400,68841,68856,68744,68747
1716786000,68743,68748,68314,68495
1716789600,68479,68577,68388,68388
1716793200,68389,68668,68324,68612
1716796800,68618,68875,68495,68580
1716800400,68581,68606,68413,68565
1716804000,68565,68565,68413,68546
1716807600,68531,68641,68225,68394
1716811200,68394,68594,68339,68578
1716814800,68594,68973,68553,68877
1716818400,68894,69399,68801,69399
1716822000,69399,70446,69399,70311
1716825600,70310,70601,70092,70095
1716829200,70100,70285,69974,70115
1716832800,70120,70189,69813,69907
1716836400,69919,70050,69026,69187
1716840000,69188,69647,69107,69586
1716843600,69587,69803,69524,69725
1716847200,69731,69731,69486,69528
1716850800,69523,69523,69264,69392
1716854400,69363,69421,69065,69321
1716858000,69311,69513,68503,68570
1716861600,68503,68783,68372,68619
1716865200,68628,68674,67728,68011
1716868800,68020,68092,67433,67751
1716872400,67750,67987,67610,67987
1716876000,67995,68019,67726,67908
1716879600,67916,67954,67604,67638
1716883200,67624,68183,67546,68100
1716886800,68074,68433,67972,68275
1716890400,68275,68816,68216,68534
1716894000,68532,68588,68224,68325
1716897600,68326,68498,68093,68101
1716901200,68121,68388,67597,67707
1716904800,67712,68169,67467,67894
1716908400,67930,68372,67680,68298
1716912000,68311,68372,67616,67643
1716915600,67641,68082,67588,67690
1716919200,67699,67898,67193,67763
1716922800,67782,68529,67780,68348
1716926400,68341,68470,68039,68250
1716930000,68250,68461,68169,68308
1716933600,68305,68601,68285,68550
1716937200,68549,68553,68235,68327
1716940800,68347,68525,68216,68417
1716944400,68419,68627,68242,68473
1716948000,68496,68852,68383,68633
1716951600,68645,68816,68645,68756
1716955200,68701,68841,68692,68766
1716958800,68765,68765,68506,68515
1716962400,68524,68593,68406,68436
1716966000,68440,68450,67888,67888
1716969600,67929,67929,67556,67821
1716973200,67811,67955,67630,67838
1716976800,67821,67947,67757,67930
1716980400,67931,67947,67672,67695
1716984000,67711,67955,67537,67830
1716987600,67847,68211,67556,67818
1716991200,67841,67898,67483,67591
1716994800,67597,67801,67265,67354
1716998400,67329,67646,67109,67489
1717002000,67503,67598,67263,67549
1717005600,67555,67555,67177,67338
1717009200,67324,67670,67168,67203
1717012800,67199,67430,67096,67415
1717016400,67411,67739,67260,67626
1717020000,67609,67747,67532,67623
1717023600,67622,67663,67483,67564
1717027200,67566,67750,67490,67517
1717030800,67517,67767,67410,67730
1717034400,67732,68110,67706,67874
1717038000,67874,68086,67873,68036
1717041600,68047,68337,67913,68105
1717045200,68099,68128,67920,68085
1717048800,68085,68118,67711,67785
1717052400,67801,67996,67503,67554
1717056000,67553,67737,67105,67650
1717059600,67655,67722,67427,67710
1717063200,67712,67955,67515,67920
1717066800,67914,68063,67764,67764
1717070400,67764,68265,67705,68115
1717074000,68120,68668,68013,68608
1717077600,68637,68800,68244,68338
1717081200,68352,68586,68135,68515
1717084800,68513,68676,68373,68655
1717088400,68659,69524,68652,69343
1717092000,69328,69424,69089,69371
1717095600,69356,69356,68440,68644
1717099200,68648,68648,68055,68474
1717102800,68456,68515,68306,68391
1717106400,68380,68407,68257,68293
1717110000,68258,68495,68257,68338
1717113600,68330,68448,68260,68446
1717117200,68446,68602,68323,68412
1717120800,68440,68701,68413,68515
1717124400,68518,68610,68461,68518
1717128000,68521,68633,68461,68498
1717131600,68487,68493,68282,68433
1717135200,68423,68447,68224,68249
1717138800,68270,68390,68077,68160
1717142400,68171,68301,68104,68104
1717146000,68121,68174,67865,67933
1717149600,67902,68282,67902,68282
1717153200,68282,68420,68241,68319
1717156800,68327,69010,68282,68608
1717160400,68612,68792,68005,68046
1717164000,68044,68051,67222,67444
1717167600,67423,67482,67137,67154
1717171200,67150,67267,66624,67143
1717174800,67108,67402,67100,67287
1717178400,67304,67378,67090,67336
1717182000,67337,67898,67271,67580
1717185600,67584,67705,67516,67634
1717189200,67634,67637,67459,67489
1717192800,67502,67591,67459,67459
1717196400,67459,67531,67177,67477
1717200000,67513,67621,67437,67579
1717203600,67583,67621,67387,67494
1717207200,67501,67668,67491,67658
1717210800,67658,67694,67572,67666
1717214400,67668,67702,67608,67629
1717218000,67623,67750,67556,67640
1717221600,67639,67675,67565,67642
1717225200,67646,67673,67525,67567
1717228800,67575,67691,67564,67631
1717232400,67666,67687,67589,67656
1717236000,67655,67694,67581,67581
1717239600,67582,67639,67581,67609
1717243200,67605,67808,67582,67678
1717246800,67671,67767,67662,67662
1717250400,67657,67792,67613,67740
1717254000,67740,67760,67630,67631
1717257600,67630,67672,67565,67648
1717261200,67626,67776,67524,67750
1717264800,67765,67769,67678,67700
1717268400,67700,67735,67646,67702
1717272000,67684,67743,67648,67742
1717275600,67742,67759,67657,67701
1717279200,67697,67810,67662,67728
1717282800,67727,67773,67694,67723
1717286400,67722,67848,67695,67834
1717290000,67844,67844,67670,67697
1717293600,67706,67759,67598,67681
1717297200,67685,67751,67681,67739
1717300800,67738,67800,67684,67799
1717304400,67800,67808,67679,67679
1717308000,67678,67776,67678,67776
1717311600,67775,67776,67686,67686
1717315200,67678,67751,67638,67703
1717318800,67704,67727,67378,67483
1717322400,67483,67532,67346,67491
1717326000,67491,68257,67450,68203
1717329600,68238,68249,67824,67896
1717333200,67893,68158,67767,68117
1717336800,68136,68405,68023,68204
1717340400,68205,68243,67979,68096
1717344000,68098,68170,67947,68063
1717347600,68063,68064,67808,67866
1717351200,67842,67842,67450,67657
1717354800,67672,67758,67281,67733
1717358400,67700,67792,67548,67792
1717362000,67791,67865,67727,67778
1717365600,67830,67947,67783,67904
1717369200,67909,67947,67746,67752
1717372800,67744,67831,67590,67784
1717376400,67811,68500,67773,68427
1717380000,68420,68740,68372,68373
1717383600,68395,68479,68192,68354
1717387200,68402,68561,68265,68468
1717390800,68467,68725,68405,68648
1717394400,68674,69164,68606,69003
1717398000,69002,69131,68795,68876
1717401600,68920,69312,68887,69139
1717405200,69139,69167,68899,69001
1717408800,69008,69170,68882,68905
1717412400,68896,69233,68232,69065
1717416000,69075,69766,69068,69765
1717419600,69766,70268,69527,69806
1717423200,69821,70075,68553,68783
1717426800,68796,69596,68796,69580
1717430400,69622,69689,68908,69065
1717434000,69065,69381,68800,69265
1717437600,69261,69430,69159,69284
1717441200,69280,69280,69015,69186
1717444800,69190,69492,69106,69106
1717448400,69106,69177,68924,69064
1717452000,69064,69129,68809,69035
1717455600,69031,69043,68735,68801
1717459200,68798,69073,68651,68989
1717462800,68988,69197,68895,69197
1717466400,69197,69280,69068,69126
1717470000,69108,69339,69104,69146
1717473600,69111,69258,69048,69048
1717477200,69041,69141,68899,68934
1717480800,68935,69014,68747,68887
1717484400,68872,69031,68872,68991
1717488000,68991,69156,68808,68822
1717491600,68808,68860,68553,68703
1717495200,68698,68924,68696,68876
1717498800,68906,68990,68832,68933
1717502400,68937,69109,68836,68926
1717506000,68933,69798,68933,69530
1717509600,69529,70058,69322,69652
1717513200,69669,70500,69472,70457
1717516800,70457,71031,70417,70850
1717520400,70875,70879,70386,70571
1717524000,70602,71074,70600,70712
1717527600,70730,70735,70083,70446
1717531200,70444,70547,70191,70405
1717534800,70406,70623,70360,70605
1717538400,70623,70742,70530,70579
1717542000,70584,70625,70432,70564
1717545600,70546,70911,70439,70792
1717549200,70802,71286,70694,70995
1717552800,70981,71142,70691,70854
1717556400,70846,70985,70794,70966
1717560000,70949,71237,70837,71171
1717563600,71188,71197,70898,71006
1717567200,70998,71134,70861,71103
1717570800,71078,71339,71040,71181
1717574400,71233,71235,70889,70905
1717578000,70924,71029,70843,70902
1717581600,70909,70913,70742,70799
1717585200,70781,71074,70700,70951
1717588800,70953,71091,70649,70931
1717592400,70932,71164,70607,70736
1717596000,70742,71065,70387,70871
1717599600,70887,71742,70793,71619
1717603200,71622,71759,71309,71318
1717606800,71326,71726,71262,71628
1717610400,71636,71750,70900,71093
1717614000,71090,71424,69600,71284
1717617600,71312,71368,71170,71208
1717621200,71193,71222,71041,71155
1717624800,71137,71285,71105,71147
1717628400,71153,71303,70761,71119
1717632000,71109,71194,70960,71025
1717635600,71025,71189,70908,71105
1717639200,71131,71244,71102,71168
1717642800,71156,71189,71015,71062
1717646400,71065,71108,70916,71088
1717650000,71061,71088,70818,70897
1717653600,70897,71025,70818,70903
1717657200,70886,71057,70862,71015
1717660800,71024,71024,70903,70909
1717664400,70907,71125,70907,70980
1717668000,70998,71012,70898,70978
1717671600,70982,71151,70912,71145
1717675200,71138,71399,71034,71161
1717678800,71161,71501,70980,71116
1717682400,71108,71492,71006,71456
1717686000,71458,71629,71236,71281
1717689600,71281,71361,70797,70934
1717693200,70934,71205,70778,71081
1717696800,71072,71142,70857,71051
1717700400,71051,71053,70439,70459
1717704000,70451,70712,70116,70695
1717707600,70695,70818,70629,70715
1717711200,70722,70861,70643,70860
1717714800,70861,70919,70735,70775
1717718400,70771,70871,70719,70861
1717722000,70858,70885,70658,70827
1717725600,70827,70854,70667,70817
1717729200,70815,70989,70733,70980
1717732800,70982,71192,70975,71192
1717736400,71192,71424,71153,71278
1717740000,71290,71349,71127,71247
1717743600,71247,71286,71040,71074
1717747200,71089,71159,70999,71064
1717750800,71073,71262,70995,71262
1717754400,71260,71382,71176,71324
1717758000,71327,71665,71262,71645
1717761600,71665,71949,70615,71179
1717765200,71193,71605,71024,71493
1717768800,71483,71516,71108,71390
1717772400,71375,71391,70827,71055
1717776000,71050,71165,70749,70825
1717779600,70832,70832,69683,69683
1717783200,69695,69767,68450,69095
1717786800,69043,69420,68742,69228
1717790400,69213,69295,68957,69284
1717794000,69260,69349,69164,69226
1717797600,69213,69508,69151,69470
1717801200,69457,69465,69304,69326
1717804800,69321,69452,69267,69365
1717808400,69364,69444,69272,69435
1717812000,69433,69435,69351,69390
1717815600,69390,69472,69384,69421
1717819200,69384,69438,69255,69284
1717822800,69276,69315,69214,69277
1717826400,69278,69376,69255,69301
1717830000,69305,69538,69305,69538
1717833600,69529,69529,69347,69409
1717837200,69412,69459,69349,69419
1717840800,69438,69473,69330,69429
1717844400,69455,69494,69306,69339
1717848000,69341,69404,69262,69328
1717851600,69328,69397,69150,69396
1717855200,69397,69438,69290,69438
1717858800,69438,69480,69399,69419
1717862400,69418,69462,69302,69382
1717866000,69383,69469,69339,69443
1717869600,69439,69480,69420,69449
1717873200,69448,69510,69422,69455
1717876800,69456,69468,69315,69362
1717880400,69363,69405,69330,69397
1717884000,69396,69407,69297,69336
1717887600,69335,69336,69290,69306
1717891200,69306,69314,69240,69273
1717894800,69273,69323,69240,69290
1717898400,69289,69293,69165,69173
1717902000,69173,69272,69131,69253
1717905600,69250,69353,69235,69308
1717909200,69308,69347,69239,69298
1717912800,69298,69380,69293,69380
1717916400,69380,69397,69281,69287
1717920000,69281,69339,69280,69339
1717923600,69339,69373,69319,69360
1717927200,69359,69360,69322,69338
1717930800,69338,69380,69329,69360
1717934400,69364,69739,69344,69704
1717938000,69731,69756,69280,69455
1717941600,69450,69538,69269,69480
1717945200,69480,69572,69430,69508
1717948800,69503,69622,69493,69619
1717952400,69616,69689,69567,69658
1717956000,69657,69814,69605,69730
1717959600,69735,69840,69672,69701
1717963200,69713,69731,69598,69682
1717966800,69690,69805,69614,69743
1717970400,69740,69767,69614,69632
1717974000,69628,69677,69597,69640
1717977600,69649,69649,69430,69547
1717981200,69547,69653,69506,69606
1717984800,69604,69773,69589,69707
1717988400,69702,69752,69572,69603
1717992000,69603,69639,69530,69639
1717995600,69639,69639,69522,69543
1717999200,69540,69597,69330,69419
1718002800,69410,69472,69247,69271
1718006400,69265,69472,69254,69371
1718010000,69368,69438,69173,69425
1718013600,69429,69437,69335,69420
1718017200,69424,69513,69309,69445
1718020800,69451,69496,69330,69337
1718024400,69345,69480,69206,69377
1718028000,69377,69630,69282,69630
1718031600,69639,70167,69590,70031
1718035200,70058,70089,69722,69964
1718038800,69969,70041,69756,70040
1718042400,70028,70108,69723,69834
1718046000,69819,69819,69383,69469
1718049600,69488,69664,69330,69608
1718053200,69600,69664,69510,69565
1718056800,69572,69572,69388,69450
1718060400,69479,69525,69373,69501
1718064000,69506,69548,69376,69376
1718067600,69376,69499,68468,68672
1718071200,68541,68882,67888,68233
1718074800,68185,68453,68125,68433
1718078400,68381,68397,67616,67994
1718082000,67967,68035,67638,67873
1718085600,67849,67926,67320,67644
1718089200,67571,67808,67478,67536
1718092800,67509,67608,67268,67490
1718096400,67470,67606,66863,67044
1718100000,67038,67253,66696,66914
1718103600,66890,67062,66719,66824
1718107200,66824,67104,66740,66994
1718110800,66994,67242,66529,66769
1718114400,66768,67056,66749,66812
1718118000,66811,67039,66011,66220
1718121600,66209,66695,66145,66462
1718125200,66477,66737,66171,66735
1718128800,66732,67217,66634,67128
1718132400,67107,67581,67072,67402
1718136000,67320,67477,67176,67223
1718139600,67290,67392,67184,67392
1718143200,67403,67556,67314,67353
1718146800,67372,67573,67306,67306
1718150400,67306,67403,67184,67196
1718154000,67195,67247,66911,67160
1718157600,67168,67565,67112,67406
1718161200,67402,67467,67308,67392
1718164800,67436,67573,67380,67443
1718168400,67471,67480,67185,67228
1718172000,67248,67375,67244,67281
1718175600,67266,67458,67217,67438
1718179200,67444,67508,67372,67381
1718182800,67379,67776,67359,67741
1718186400,67746,68027,67746,67980
1718190000,67995,67995,67712,67773
1718193600,67783,69430,67734,69338
1718197200,69363,69636,69095,69331
1718200800,69341,69982,69298,69974
1718204400,69982,70007,69563,69748
1718208000,69745,69793,69293,69660
1718211600,69590,69874,69485,69815
1718215200,69800,69801,68594,68851
1718218800,68833,69229,67230,67523
1718222400,67543,68279,67432,68080
1718226000,68080,68627,68080,68497
1718229600,68518,68567,68243,68318
1718233200,68315,68357,68103,68243
1718236800,68240,68376,67985,68303
1718240400,68327,68344,67938,67982
1718244000,67981,68172,67686,67747
1718247600,67689,67829,66983,67452
1718251200,67447,67684,67322,67322
1718254800,67348,67654,67319,67590
1718258400,67582,67591,67310,67509
1718262000,67506,67711,67406,67711
1718265600,67717,67742,67524,67574
1718269200,67563,67568,67168,67388
1718272800,67407,67964,67233,67806
1718276400,67810,67963,67654,67749
1718280000,67761,68433,67459,67729
1718283600,67741,68257,67503,67594
1718287200,67594,67724,67152,67352
1718290800,67336,67512,66352,66447
1718294400,66416,66981,66242,66956
1718298000,66953,67040,66618,66885
1718301600,66875,66949,66670,66839
1718305200,66830,66852,66567,66568
1718308800,66577,66774,66498,66671
1718312400,66653,66943,66648,66930
1718316000,66916,66957,66802,66861
1718319600,66852,66880,66651,66733
1718323200,66765,66861,66583,66686
1718326800,66683,66791,66463,66791
1718330400,66763,66979,66676,66926
1718334000,66905,66929,66644,66708
1718337600,66727,66796,66672,66674
1718341200,66698,67160,66668,67056
1718344800,67009,67074,66840,66927
1718348400,66923,67043,66855,66864
1718352000,66861,67183,66824,67106
1718355600,67080,67085,66863,66868
1718359200,66867,66956,66799,66836
1718362800,66811,67048,66727,66980
1718366400,66990,67241,66941,67040
1718370000,67042,67314,66920,67043
1718373600,67040,67082,66527,66952
1718377200,66952,67015,66311,66356
1718380800,66348,66459,65162,65243
1718384400,65221,65689,64936,65365
1718388000,65352,65499,65051,65481
1718391600,65461,65635,65262,65485
1718395200,65486,65946,65432,65731
1718398800,65732,66567,65693,66161
1718402400,66158,66212,65857,65972
1718406000,65969,66033,65862,65996
1718409600,65995,66250,65937,66150
1718413200,66150,66257,66027,66038
1718416800,66030,66216,66010,66179
1718420400,66200,66239,66153,66209
1718424000,66230,66319,66168,66199
1718427600,66208,66348,66168,66186
1718431200,66182,66368,66097,66119
1718434800,66134,66154,66019,66029
1718438400,66053,66182,66049,66182
1718442000,66182,66224,66057,66180
1718445600,66180,66263,66145,66255
1718449200,66254,66288,66222,66269
1718452800,66284,66304,66178,66293
1718456400,66300,66302,66176,66266
1718460000,66268,66273,66129,66179
1718463600,66177,66415,66171,66279
1718467200,66277,66323,66145,66145
1718470800,66145,66256,66097,66205
1718474400,66205,66205,66113,66114
1718478000,66113,66168,66034,66120
1718481600,66113,66132,65828,66013
1718485200,66014,66113,66013,66096
1718488800,66077,66168,66006,66167
1718492400,66163,66240,66162,66182
1718496000,66181,66228,66137,66138
1718499600,66138,66160,66081,66128
1718503200,66140,66140,66073,66095
1718506800,66094,66122,66034,66097
1718510400,66100,66160,66010,66122
1718514000,66122,66200,66122,66200
1718517600,66208,66310,66138,66269
1718521200,66292,66311,66224,66224
1718524800,66225,66290,66200,66220
1718528400,66231,66359,66145,66358
1718532000,66359,66711,66317,66647
1718535600,66668,66679,66418,66449
1718539200,66461,66590,66425,66542
1718542800,66543,66711,66523,66711
1718546400,66711,66735,66466,66466
1718550000,66480,66671,66473,66671
1718553600,66662,66687,66520,66537
1718557200,66549,66622,66487,66542
1718560800,66547,66620,66532,66553
1718564400,66543,66596,66471,66500
1718568000,66501,66551,66407,66456
1718571600,66454,66487,66401,66469
1718575200,66482,66914,66476,66696
1718578800,66726,66767,66583,66622
1718582400,66622,66862,66512,66539
1718586000,66528,66572,66264,66426
1718589600,66413,66415,66192,66299
1718593200,66302,66391,66113,66178
1718596800,66208,66407,66127,66407
1718600400,66400,66503,66256,66309
1718604000,66316,66339,66056,66087
1718607600,66078,66316,65907,66139
1718611200,66136,66272,65946,66154
1718614800,66155,66192,65599,65670
1718618400,65699,65890,65521,65817
1718622000,65821,65978,65734,65756
1718625600,65748,65774,65443,65542
1718629200,65543,65733,65136,65149
1718632800,65137,65715,65066,65405
1718636400,65407,65686,65215,65337
1718640000,65333,66004,65150,65864
1718643600,65864,66567,65851,66567
1718647200,66565,67260,66509,67059
1718650800,67056,67056,66531,66642
1718654400,66660,66722,66135,66371
1718658000,66374,66679,66295,66516
1718661600,66550,66678,66450,66645
1718665200,66628,66687,66361,66475
1718668800,66475,66559,65631,65745
1718672400,65785,65937,64050,65114
1718676000,65122,65633,64573,65474
1718679600,65454,65567,65263,65480
1718683200,65480,65741,65336,65568
1718686800,65566,65828,65552,65553
1718690400,65624,65701,65395,65500
1718694000,65504,65787,65487,65668
1718697600,65668,65761,65594,65738
1718701200,65738,65738,65467,65467
1718704800,65478,65584,65357,65449
1718708400,65435,65484,65110,65339
1718712000,65348,65399,65000,65209
1718715600,65218,65218,64615,64834
1718719200,64821,65364,64333,64594
1718722800,64594,64879,64252,64666
1718726400,64647,64825,64321,64661
1718730000,64692,64868,64364,64579
1718733600,64584,64848,64304,64658
1718737200,64658,64719,64032,64398
1718740800,64371,64996,64149,64880
1718744400,64896,65270,64743,65181
1718748000,65215,65262,65017,65247
1718751600,65248,65248,65039,65145
1718755200,65141,65193,64858,65110
1718758800,65110,65466,64786,65002
1718762400,64995,65452,64995,65302
1718766000,65322,65568,65253,65398
1718769600,65390,65702,65337,65432
1718773200,65444,65551,65332,65402
1718776800,65428,65580,65417,65575
1718780400,65581,65631,65177,65309
1718784000,65338,65343,65101,65172
1718787600,65179,65262,65036,65262
1718791200,65264,65473,65106,65473
1718794800,65473,65491,64989,65190
1718798400,65180,65274,65019,65166
1718802000,65166,65206,65022,65061
1718805600,65059,65120,64818,64922
1718809200,64899,65082,64739,64897
1718812800,64888,65055,64775,64907
1718816400,64901,65246,64874,65057
1718820000,65058,65133,64935,64946
1718823600,64947,64959,64778,64857
1718827200,64855,64902,64664,64845
1718830800,64851,65066,64813,64982
1718834400,64990,65026,64803,64805
1718838000,64802,64965,64801,64946
1718841600,64947,65066,64809,65065
1718845200,65066,65362,65001,65134
1718848800,65108,65206,64958,65177
1718852400,65177,65219,65080,65168
1718856000,65164,65301,65079,65267
1718859600,65278,65559,65200,65475
1718863200,65472,65595,65367,65429
1718866800,65435,65937,65435,65839
1718870400,65854,65876,65593,65663
1718874000,65691,65723,65568,65685
1718877600,65700,66255,65628,66193
1718881200,66193,66455,66114,66138
1718884800,66155,66264,65859,65959
1718888400,65954,65982,65121,65122
1718892000,65121,65167,64632,64917
1718895600,64900,65058,64755,64794
1718899200,64793,64895,64516,64837
1718902800,64820,64957,64642,64910
1718906400,64922,65152,64882,65090
1718910000,65041,65047,64787,64988
1718913600,65042,65141,64948,65049
1718917200,65048,65144,64989,65000
1718920800,64991,65110,64934,64937
1718924400,64967,65016,64832,64845
1718928000,64841,64906,64608,64800
1718931600,64800,64957,64638,64921
1718935200,64921,65004,64701,64756
1718938800,64751,64799,64338,64505
1718942400,64429,64627,64300,64627
1718946000,64627,64630,64468,64622
1718949600,64621,64685,64526,64595
1718953200,64626,64697,64167,64199
1718956800,64213,64333,63501,63605
1718960400,63568,64230,63518,64044
1718964000,64051,64120,63776,63858
1718967600,63871,64018,63643,63717
1718971200,63710,63878,63482,63786
1718974800,63782,63812,63356,63578
1718978400,63620,64309,63411,64174
1718982000,64176,64304,63394,63661
1718985600,63684,63781,63514,63609
1718989200,63596,63829,63425,63614
1718992800,63607,64121,63590,64120
1718996400,64118,64205,63888,64203
1719000000,64195,64404,64068,64172
1719003600,64170,64171,63807,64053
1719007200,64059,64167,64048,64122
1719010800,64140,64182,64037,64102
1719014400,64116,64161,63917,64027
1719018000,64027,64190,64016,64116
1719021600,64117,64297,64117,64276
1719025200,64282,64294,64228,64283
1719028800,64296,64321,64221,64321
1719032400,64309,64383,64252,64383
1719036000,64383,64473,64344,64390
1719039600,64391,64483,64298,64463
1719043200,64468,64491,64259,64260
1719046800,64260,64298,64198,64289
1719050400,64290,64329,64248,64284
1719054000,64280,64286,64213,64232
1719057600,64239,64305,64232,64278
1719061200,64256,64280,64230,64258
1719064800,64255,64357,64229,64262
1719068400,64260,64283,64229,64277
1719072000,64277,64324,64238,64291
1719075600,64293,64326,64252,64253
1719079200,64253,64307,64252,64253
1719082800,64253,64281,64214,64273
1719086400,64275,64285,64225,64263
1719090000,64264,64298,64244,64298
1719093600,64298,64298,64248,64289
1719097200,64291,64305,64231,64233
1719100800,64245,64475,64244,64452
1719104400,64455,64490,64322,64442
1719108000,64443,64475,64344,64475
1719111600,64475,64483,64414,64414
1719115200,64414,64415,64352,64358
1719118800,64356,64399,64329,64353
1719122400,64352,64387,64346,64353
1719126000,64343,64405,64342,64385
1719129600,64382,64390,64342,64358
1719133200,64360,64383,64359,64378
1719136800,64371,64371,64267,64272
1719140400,64268,64290,64236,64290
1719144000,64290,64335,64276,64335
1719147600,64336,64383,64228,64264
1719151200,64270,64280,64129,64159
1719154800,64158,64158,64037,64061
1719158400,64057,64128,63900,63900
1719162000,63916,64121,63898,64074
1719165600,64067,64115,64023,64083
1719169200,64081,64136,64050,64110
1719172800,64121,64121,63622,63708
1719176400,63669,63806,63509,63805
1719180000,63766,63770,63600,63605
1719183600,63602,63660,63136,63154
1719187200,63152,63264,62886,63030
1719190800,63008,63287,62887,63277
1719194400,63273,63302,62683,62851
1719198000,62876,63004,62728,62823
1719201600,62817,62905,62618,62807
1719205200,62791,62836,62248,62277
1719208800,62269,62383,62128,62358
1719212400,62357,62535,62149,62394
1719216000,62452,62917,62294,62664
1719219600,62682,62806,60580,61361
1719223200,61370,61528,61095,61134
1719226800,61125,61342,60816,61276
1719230400,61248,61450,61096,61156
1719234000,61156,61602,60911,61551
1719237600,61512,61661,61057,61260
1719241200,61292,61321,60655,60801
1719244800,60811,60995,59958,60135
1719248400,60120,60481,59809,60197
1719252000,60201,60443,59686,60385
1719255600,60367,60438,59026,59269
1719259200,59272,59606,58456,59479
1719262800,59471,60025,59376,60025
1719266400,60025,60242,59945,60016
1719270000,60015,60398,59965,60252
1719273600,60250,60612,60223,60368
1719277200,60378,60478,60253,60469
1719280800,60500,60702,60382,60659
1719284400,60647,61592,60598,61287
1719288000,61299,61384,61149,61350
1719291600,61366,61387,60931,60989
1719295200,61001,61159,60932,61114
1719298800,61117,61215,60598,60630
1719302400,60656,60860,60630,60821
1719306000,60838,61513,60806,61421
1719309600,61418,61421,61146,61273
1719313200,61262,61445,61087,61156
1719316800,61134,61230,60949,61006
1719320400,61012,61380,60974,61151
1719324000,61177,62101,61121,61742
1719327600,61774,61928,61321,61797
1719331200,61807,61928,61352,61381
1719334800,61372,61768,61315,61405
1719338400,61373,62226,61138,62144
1719342000,62144,62395,61809,61984
1719345600,62026,62091,61875,61913
1719349200,61888,62009,61815,61908
1719352800,61908,62166,61865,61910
1719356400,61913,61931,61650,61789
1719360000,61798,61844,61643,61759
1719363600,61767,62166,61719,62083
1719367200,62071,62458,62002,62002
1719370800,62018,62056,61846,61922
1719374400,61927,61972,61705,61708
1719378000,61706,61783,61572,61573
1719381600,61572,61647,61520,61565
1719385200,61576,61772,61535,61729
1719388800,61738,61749,61380,61458
1719392400,61458,61498,61307,61376
1719396000,61383,61398,61148,61244
1719399600,61245,61535,61245,61427
1719403200,61413,61557,61300,61404
1719406800,61399,61801,61355,61727
1719410400,61752,61956,61550,61725
1719414000,61717,61753,61189,61405
1719417600,61462,61540,61152,61239
1719421200,61234,61345,60831,61206
1719424800,61197,61200,60850,60888
1719428400,60870,61093,60675,60955
1719432000,60954,61094,60685,60947
1719435600,60960,61035,60891,61006
1719439200,60986,60992,60748,60880
1719442800,60877,60918,60732,60807
1719446400,60820,60998,60728,60931
1719450000,60930,61088,60836,61004
1719453600,61032,61042,60795,60992
1719457200,61005,61228,60889,60989
1719460800,60995,61137,60980,61035
1719464400,61061,61081,60757,60757
1719468000,60752,60799,60561,60682
1719471600,60681,60838,60563,60735
1719475200,60722,60801,60669,60801
1719478800,60801,61274,60744,61218
1719482400,61254,61380,61050,61050
1719486000,61080,61226,61042,61134
1719489600,61130,61543,61086,61277
1719493200,61277,61946,61257,61929
1719496800,61943,62323,61639,61684
1719500400,61687,61792,61468,61516
1719504000,61497,61731,61469,61641
1719507600,61637,61972,61617,61780
1719511200,61798,61861,61677,61816
1719514800,61808,61816,61329,61368
1719518400,61380,61510,61270,61409
1719522000,61409,61504,61387,61453
1719525600,61458,61605,61444,61565
1719529200,61585,61624,61526,61622
1719532800,61609,61639,61421,61497
1719536400,61488,62151,61437,62015
1719540000,62038,62062,61535,61675
1719543600,61671,61843,61596,61773
1719547200,61772,61779,61450,61678
1719550800,61670,61670,61410,61523
1719554400,61525,61604,61443,61525
1719558000,61553,61553,61167,61274
1719561600,61266,61408,61145,61407
1719565200,61390,61513,61298,61476
1719568800,61468,61513,61375,61468
1719572400,61465,61698,61398,61609
1719576000,61613,61794,61285,61314
1719579600,61316,61740,61174,61246
1719583200,61231,61417,60692,60825
1719586800,60832,61059,60655,60951
1719590400,60949,61017,60546,60810
1719594000,60770,60953,60608,60719
1719597600,60715,60776,60566,60737
1719601200,60720,60727,59946,59969
1719604800,59980,60227,59923,60119
1719608400,60123,60271,60025,60234
1719612000,60230,60285,60174,60249
1719615600,60245,60329,60233,60315
1719619200,60312,60684,60296,60643
1719622800,60643,60889,60636,60795
1719626400,60818,60854,60612,60663
1719630000,60661,60704,60612,60655
1719633600,60652,60708,60613,60671
1719637200,60681,60702,60631,60687
1719640800,60666,60763,60647,60763
1719644400,60765,61028,60751,60931
1719648000,60938,60958,60824,60886
1719651600,60888,60895,60801,60872
1719655200,60871,60931,60814,60895
1719658800,60891,61114,60827,60999
1719662400,61002,61054,60905,60953
1719666000,60946,61072,60919,61002
1719669600,61001,61049,60867,60919
1719673200,60917,60991,60861,60991
1719676800,60991,61027,60838,60911
1719680400,60914,60962,60837,60941
1719684000,60941,60962,60886,60961
1719687600,60951,60962,60839,60959
1719691200,60958,60969,60876,60944
1719694800,60933,60991,60848,60946
1719698400,60935,60960,60779,60874
1719702000,60885,60947,60847,60879
1719705600,60882,60976,60824,60922
1719709200,60925,60947,60820,60867
1719712800,60859,60868,60670,60737
1719716400,60740,60832,60695,60803
1719720000,60787,60806,60673,60680
1719723600,60674,60716,60620,60689
1719727200,60689,60911,60664,60911
1719730800,60918,61668,60918,61409
1719734400,61410,61498,61247,61418
1719738000,61403,61578,61355,61403
1719741600,61395,61517,61384,61394
1719745200,61423,61539,61396,61434
1719748800,61443,61525,61248,61385
1719752400,61387,61617,61343,61617
1719756000,61598,61730,61424,61480
1719759600,61504,61661,61477,61596
1719763200,61611,61638,61477,61505
1719766800,61511,61744,61511,61606
1719770400,61621,61972,61574,61961
1719774000,61970,61995,61806,61940
1719777600,61931,62292,61884,61885
1719781200,61885,61911,61751,61848
1719784800,61858,62847,61841,62807
1719788400,62833,62931,62675,62676
1719792000,62676,62856,62488,62851
1719795600,62850,63630,62844,63551
1719799200,63559,63724,63227,63362
1719802800,63378,63443,63272,63368
1719806400,63380,63400,63165,63215
1719810000,63214,63386,63194,63373
1719813600,63362,63393,63229,63348
1719817200,63338,63375,63197,63210
1719820800,63211,63249,62773,62846
1719824400,62842,62931,62715,62864
1719828000,62859,62889,62728,62782
1719831600,62775,62793,62525,62586
1719835200,62581,62811,62566,62811
1719838800,62808,62992,62465,62583
1719842400,62622,62848,62541,62734
1719846000,62734,63060,62728,63011
1719849600,63042,63240,62881,63035
1719853200,63048,63615,62988,63595
1719856800,63614,63794,63385,63579
1719860400,63583,63584,63007,63180
1719864000,63167,63349,63113,63251
1719867600,63216,63218,62970,63080
1719871200,63044,63097,62750,62913
1719874800,62909,62983,62767,62829
1719878400,62822,62901,62720,62852
1719882000,62849,62898,62756,62859
1719885600,62866,63045,62856,62933
1719889200,62936,63211,62934,63065
1719892800,63077,63162,62978,62978
1719896400,62977,63016,62932,62951
1719900000,62967,62970,62752,62783
1719903600,62792,62792,62490,62531
1719907200,62516,62645,62346,62576
1719910800,62575,62683,62533,62552
1719914400,62540,62688,62399,62624
1719918000,62626,62758,62526,62739
1719921600,62733,62947,62639,62797
1719925200,62817,63060,62470,62539
1719928800,62554,62645,61780,61966
1719932400,61943,62053,61753,61860
1719936000,61869,61932,61731,61847
1719939600,61849,62072,61803,62064
1719943200,62074,62290,62050,62249
1719946800,62284,62284,61787,61830
1719950400,61902,61992,61785,61934
1719954000,61924,61995,61807,61869
1719957600,61869,62028,61868,62001
1719961200,61989,62089,61981,62033
1719964800,62046,62196,62010,62010
1719968400,62009,62129,61280,61535
1719972000,61521,61521,61152,61269
1719975600,61274,61274,60561,60881
1719979200,60831,60901,60728,60793
1719982800,60773,61020,60773,61020
1719986400,61020,61086,60911,60932
1719990000,60925,60951,60758,60775
1719993600,60768,60881,60323,60408
1719997200,60410,60568,60268,60513
1720000800,60514,60529,59544,60290
1720004400,60282,60379,60034,60309
1720008000,60282,60296,59843,59944
1720011600,59930,60546,59666,60473
1720015200,60515,60624,60180,60202
1720018800,60185,60381,59882,60100
1720022400,60096,60574,60023,60419
1720026000,60417,60447,60141,60309
1720029600,60301,60381,60169,60181
1720033200,60163,60171,59591,59630
1720036800,59623,59804,59511,59511
1720040400,59546,60264,59334,60178
1720044000,60166,60293,60056,60247
1720047600,60293,60293,60138,60142
1720051200,60165,60401,60160,60370
1720054800,60352,60430,58442,58538
1720058400,58543,59047,57885,58929
1720062000,58901,59107,58808,59065
1720065600,59049,59109,58687,58936
1720069200,58930,58995,58817,58859
1720072800,58863,59028,58525,58764
1720076400,58752,58825,58067,58167
1720080000,58154,58448,57210,57645
1720083600,57628,57826,56952,57709
1720087200,57695,57896,57394,57896
1720090800,57896,58049,57640,57723
1720094400,57672,57682,57178,57218
1720098000,57204,57440,56748,57362
1720101600,57366,57472,56816,57407
1720105200,57410,58299,57306,58091
1720108800,58064,58343,57744,58256
1720112400,58250,58327,58076,58195
1720116000,58203,58332,57918,58130
1720119600,58140,58616,58105,58246
1720123200,58251,58329,58147,58329
1720126800,58331,58614,58260,58470
1720130400,58469,58736,57987,58027
1720134000,58054,58085,56946,57045
1720137600,57030,57500,56691,57338
1720141200,57335,57418,56801,57151
1720144800,57161,57217,55500,55773
1720148400,55809,55974,55090,55195
1720152000,55194,55338,53550,53921
1720155600,53930,54774,53806,54774
1720159200,54781,54800,53875,54284
1720162800,54282,54427,53978,54400
1720166400,54385,54430,54051,54051
1720170000,54073,54704,53901,54497
1720173600,54512,55331,54394,54978
1720177200,55000,55639,55000,55476
1720180800,55474,55902,55041,55053
1720184400,55082,55869,54842,55839
1720188000,55820,55883,55355,55761
1720191600,55723,56679,55671,56658
1720195200,56678,56925,56160,56454
1720198800,56453,57026,56306,56448
1720202400,56479,56714,55842,56574
1720206000,56552,56752,56329,56457
1720209600,56454,56523,56327,56364
1720213200,56363,56795,56363,56523
1720216800,56531,56747,56416,56636
1720220400,56655,56870,56624,56632
1720224000,56632,56973,56374,56611
1720227600,56621,56621,56218,56218
1720231200,56226,56493,56196,56438
1720234800,56440,56505,56300,56416
1720238400,56410,56418,56055,56068
1720242000,56070,56488,56044,56366
1720245600,56374,56571,56344,56444
1720249200,56409,56675,56408,56617
1720252800,56597,56664,56512,56572
1720256400,56558,56768,56476,56768
1720260000,56719,56870,56659,56788
1720263600,56781,56785,56681,56774
1720267200,56749,56782,56524,56775
1720270800,56782,57301,56667,56980
1720274400,57027,57123,56757,57069
1720278000,57072,57431,56940,57309
1720281600,57333,58111,57197,57859
1720285200,57834,58028,57764,57972
1720288800,57966,58025,57764,57793
1720292400,57799,57941,57744,57868
1720296000,57847,58210,57840,57979
1720299600,57990,58250,57835,57880
1720303200,57897,58115,57883,58115
1720306800,58125,58488,58117,58251
1720310400,58253,58287,57924,57968
1720314000,57960,58303,57856,58121
1720317600,58150,58441,58143,58359
1720321200,58346,58354,57882,57973
1720324800,57970,57993,57581,57602
1720328400,57591,57792,57418,57638
1720332000,57644,57792,57619,57653
1720335600,57673,57697,57082,57372
1720339200,57389,57645,57384,57635
1720342800,57643,57723,57565,57723
1720346400,57722,57901,57503,57503
1720350000,57502,57547,57358,57450
1720353600,57439,57611,57212,57343
1720357200,57340,57349,56775,56880
1720360800,56855,56911,56578,56750
1720364400,56750,57029,56721,56822
1720368000,56815,57144,56739,57110
1720371600,57107,57267,56788,57197
1720375200,57215,57376,57122,57155
1720378800,57133,57196,57027,57146
1720382400,57139,57309,57036,57290
1720386000,57284,57284,56202,56598
1720389600,56555,56788,56392,56392
1720393200,56391,56510,55729,55829
1720396800,55852,56010,55051,55098
1720400400,55056,55103,54296,54949
1720404000,54963,55435,54630,55383
1720407600,55384,55469,54879,55165
1720411200,55146,55622,54970,55480
1720414800,55465,55705,55282,55470
1720418400,55510,55869,55218,55637
1720422000,55678,55867,55532,55862
1720425600,55858,57852,55739,57769
1720429200,57799,58200,57337,57516
1720432800,57505,57702,56711,56818
1720436400,56815,57309,56786,57143
1720440000,57132,57588,56858,57138
1720443600,57116,57433,56788,57199
1720447200,57206,57267,55064,56154
1720450800,56176,56761,55695,55745
1720454400,55751,56105,55462,55789
1720458000,55802,56350,55590,56287
1720461600,56291,56553,56150,56280
1720465200,56278,56543,56142,56487
1720468800,56493,56562,56203,56254
1720472400,56272,56754,56198,56654
1720476000,56659,56947,56563,56678
1720479600,56677,56856,56615,56710
1720483200,56697,56748,56300,56527
1720486800,56567,57265,56463,56570
1720490400,56562,57341,56369,57260
1720494000,57255,57255,56904,57154
1720497600,57194,57357,57100,57307
1720501200,57286,57419,57136,57317
1720504800,57290,57737,57209,57482
1720508400,57482,57564,57009,57098
1720512000,57111,57868,57026,57592
1720515600,57614,57682,57495,57593
1720519200,57593,57667,57281,57412
1720522800,57426,57525,57233,57432
1720526400,57442,57543,57290,57342
1720530000,57356,57396,56973,57316
1720533600,57322,58102,57085,57088
1720537200,57099,57499,56927,57476
1720540800,57475,57857,57409,57696
1720544400,57718,57792,57380,57527
1720548000,57549,58278,57451,57912
1720551600,57905,57905,57700,57859
1720555200,57874,58100,57708,57917
1720558800,57953,57961,57767,57797
1720562400,57798,58252,57720,57942
1720566000,57931,58116,57869,58033
1720569600,58028,58043,57430,57494
1720573200,57492,58000,57357,57806
1720576800,57802,57916,57660,57890
1720580400,57863,58203,57853,58163
1720584000,58203,59431,58203,59350
1720587600,59349,59459,58849,59001
1720591200,58991,59318,58893,59259
1720594800,59283,59302,58870,58972
1720598400,58999,59030,58616,58756
1720602000,58756,58774,58403,58482
1720605600,58482,58699,58315,58661
1720609200,58656,58700,58378,58484
1720612800,58492,58556,57764,58133
1720616400,58139,58291,57522,57711
1720620000,57775,57875,57508,57703
1720623600,57706,58019,57495,57704
1720627200,57695,57998,57600,57694
1720630800,57691,57760,57466,57629
1720634400,57611,57785,57492,57624
1720638000,57612,57612,57353,57385
1720641600,57398,57544,57152,57401
1720645200,57409,57546,57301,57476
1720648800,57439,57813,57439,57716
1720652400,57693,57857,57599,57733
1720656000,57700,57700,57377,57619
1720659600,57621,58364,57478,58286
1720663200,58331,58356,57747,57850
1720666800,57884,57960,57072,57558
1720670400,57557,57774,57483,57765
1720674000,57761,58070,57710,58003
1720677600,58012,58077,57878,57995
1720681200,58008,58294,57948,58184
1720684800,58201,58316,58063,58144
1720688400,58147,58364,58076,58278
1720692000,58280,58455,58163,58433
1720695600,58451,58870,58404,58789
1720699200,58788,59516,58484,58817
1720702800,58804,58973,58266,58568
1720706400,58602,58665,57565,57797
1720710000,57781,58141,57281,57408
1720713600,57363,57758,57199,57652
1720717200,57671,57940,57585,57803
1720720800,57805,57981,57690,57843
1720724400,57842,57859,57364,57374
1720728000,57370,57595,57226,57558
1720731600,57546,57614,57323,57467
1720735200,57434,57539,57166,57329
1720738800,57347,57403,57164,57348
1720742400,57345,57564,57164,57176
1720746000,57204,57351,56551,56952
1720749600,56947,57427,56884,57343
1720753200,57333,57363,56870,56918
1720756800,56947,57062,56733,57024
1720760400,57026,57110,56957,57042
1720764000,57034,57398,57034,57228
1720767600,57219,57313,56858,57115
1720771200,57107,57322,57039,57320
1720774800,57302,57321,56871,56951
1720778400,56928,57195,56782,57195
1720782000,57181,57281,57082,57208
1720785600,57213,57481,57110,57391
1720789200,57391,58014,57361,57867
1720792800,57899,58026,57700,57841
1720796400,57811,58273,57793,58185
1720800000,58239,58426,57952,58165
1720803600,58132,58329,57987,58177
1720807200,58190,58539,58088,58325
1720810800,58314,58378,57529,57607
1720814400,57601,57666,57168,57549
1720818000,57530,57681,57513,57628
1720821600,57599,57882,57592,57801
1720825200,57804,57917,57727,57889
1720828800,57907,57938,57783,57856
1720832400,57831,57980,57823,57890
1720836000,57894,57967,57792,57967
1720839600,57966,58007,57820,57825
1720843200,57831,57878,57799,57800
1720846800,57800,58161,57785,58098
1720850400,58097,58217,58035,58059
1720854000,58049,58168,58035,58168
1720857600,58168,58201,57973,57973
1720861200,57966,58840,57939,58680
1720864800,58685,58764,58364,58459
1720868400,58450,58602,58397,58546
1720872000,58535,58884,58456,58779
1720875600,58767,58833,58589,58626
1720879200,58615,58806,58496,58806
1720882800,58799,58877,58703,58846
1720886400,58851,58969,58623,58630
1720890000,58630,58706,58589,58697
1720893600,58710,58814,58589,58668
1720897200,58664,58754,58612,58653
1720900800,58616,58678,58588,58620
1720904400,58605,58713,58592,58708
1720908000,58709,59559,58311,59494
1720911600,59526,59853,59163,59226
1720915200,59257,59800,59257,59776
1720918800,59801,59854,59466,59714
1720922400,59754,59772,59302,59378
1720926000,59391,59597,59369,59483
1720929600,59462,60098,59440,59975
1720933200,59992,60310,59844,60272
1720936800,60300,60330,59841,59876
1720940400,59894,60157,59860,60078
1720944000,60113,60423,60101,60232
1720947600,60237,60384,60150,60217
1720951200,60217,60247,59939,59953
1720954800,59948,60134,59948,60117
1720958400,60134,60134,59616,59616
1720962000,59610,59789,59610,59701
1720965600,59718,60213,59509,60026
1720969200,60039,60162,59902,60103
1720972800,60097,60129,59939,60123
1720976400,60121,60191,59948,60033
1720980000,60022,60112,59960,60052
1720983600,60051,60055,59925,59942
1720987200,59929,60360,59906,60106
1720990800,60114,61424,60067,61330
1720994400,61349,61399,60787,60889
1720998000,60878,61189,60746,60823
1721001600,60827,61329,60685,61237
1721005200,61242,61823,61216,61392
1721008800,61441,62630,61339,62539
1721012400,62540,62818,62386,62692
1721016000,62720,62856,62475,62635
1721019600,62638,62998,62578,62843
1721023200,62845,63032,62755,62903
1721026800,62900,63111,62794,62895
1721030400,62881,63259,62841,62900
1721034000,62904,62911,62545,62670
1721037600,62668,62831,62450,62552
1721041200,62571,62627,62323,62474
1721044800,62522,62826,62489,62647
1721048400,62640,62989,62496,62940
1721052000,62959,63267,62780,63267
1721055600,63261,63356,62909,63071
1721059200,63071,63652,62895,63501
1721062800,63469,63782,63137,63138
1721066400,63137,63683,63059,63568
1721070000,63568,63874,63295,63418
1721073600,63435,63821,63320,63784
1721077200,63776,63828,63545,63566
1721080800,63593,64789,63546,64339
1721084400,64391,64926,64298,64769
1721088000,64759,64991,64506,64655
1721091600,64651,64892,64507,64877
1721095200,64847,64863,64570,64862
1721098800,64863,64891,64651,64791
1721102400,64791,65012,64522,64533
1721106000,64523,64589,63485,63655
1721109600,63663,63898,62824,62914
1721113200,62927,63373,62758,62948
1721116800,62947,63121,62446,62830
1721120400,62843,63272,62718,63190
1721124000,63202,63676,63113,63464
1721127600,63463,63882,63189,63763
1721131200,63784,64283,63659,63779
1721134800,63777,64128,63432,63446
1721138400,63447,63920,63105,63860
1721142000,63858,65000,63806,64910
1721145600,64896,65222,64247,64510
1721149200,64526,64658,64151,64578
1721152800,64566,64918,64439,64791
1721156400,64820,65207,64654,65202
1721160000,65205,65219,64661,64679
1721163600,64671,64863,64523,64523
1721167200,64522,64654,64181,64647
1721170800,64646,65403,64645,65081
1721174400,65081,65616,64995,65548
1721178000,65548,66129,65475,65710
1721181600,65700,65936,65569,65642
1721185200,65646,65821,65426,65736
1721188800,65728,65875,65579,65867
1721192400,65867,66021,65647,65683
1721196000,65657,65828,65514,65606
1721199600,65605,65609,65246,65289
1721203200,65280,65495,64841,65212
1721206800,65199,65521,65108,65342
1721210400,65343,65371,65114,65146
1721214000,65159,65166,64580,64719
1721217600,64736,65012,64599,64751
1721221200,64751,65318,64561,65231
1721224800,65157,65246,64689,65062
1721228400,65028,65413,64654,64763
1721232000,64750,64787,63890,64270
1721235600,64235,64414,63966,64299
1721239200,64300,64585,64232,64517
1721242800,64520,64762,64460,64574
1721246400,64632,64692,64518,64528
1721250000,64523,64566,64071,64332
1721253600,64330,64467,64128,64277
1721257200,64277,64373,64091,64091
1721260800,64104,64529,63914,64445
1721264400,64447,64669,64372,64669
1721268000,64669,65090,64259,64695
1721271600,64696,64947,64613,64873
1721275200,64865,64874,64533,64574
1721278800,64573,64848,64421,64741
1721282400,64750,65057,64715,65008
1721286000,65040,65040,64664,64668
1721289600,64687,64964,64640,64951
1721293200,64943,64950,64737,64872
1721296800,64866,64866,64506,64599
1721300400,64623,64770,64453,64763
1721304000,64770,65027,64753,64866
1721307600,64866,65108,64521,64601
1721311200,64596,64717,63706,64008
1721314800,64004,64004,63413,63559
1721318400,63531,63898,63325,63898
1721322000,63898,63947,63508,63556
1721325600,63552,63661,63326,63519
1721329200,63518,63729,63227,63504
1721332800,63540,63838,63436,63836
1721336400,63811,63904,63744,63844
1721340000,63843,64110,63700,64026
1721343600,64021,64084,63944,63964
1721347200,63977,64019,63550,63598
1721350800,63593,63843,63303,63807
1721354400,63806,63929,63638,63813
1721358000,63824,64351,63809,64308
1721361600,64324,64367,64137,64137
1721365200,64136,64244,64082,64148
1721368800,64161,64461,64123,64197
1721372400,64209,64209,63615,63702
1721376000,63701,63879,63410,63788
1721379600,63792,64104,63646,63697
1721383200,63685,64132,63651,63988
1721386800,63991,64170,63919,64095
1721390400,64108,64435,64034,64431
1721394000,64421,65355,64067,65151
1721397600,65163,65891,65019,65749
1721401200,65749,65844,65286,65844
1721404800,65844,66520,65844,66469
1721408400,66472,66854,66277,66782
1721412000,66781,66824,66443,66815
1721415600,66815,67466,66815,67226
1721419200,67213,67264,66921,66987
1721422800,66982,67398,66940,66940
1721426400,66940,67033,66705,66755
1721430000,66759,66950,66672,66705
1721433600,66705,66864,66319,66466
1721437200,66472,66747,66284,66401
1721440800,66401,66673,66369,66623
1721444400,66622,66783,66597,66644
1721448000,66642,66733,66512,66697
1721451600,66697,66697,66473,66584
1721455200,66580,66706,66546,66666
1721458800,66666,66791,66567,66608
1721462400,66607,66680,66512,66552
1721466000,66549,66771,66518,66623
1721469600,66620,66694,66522,66571
1721473200,66562,66596,66516,66519
1721476800,66519,66603,66511,66512
1721480400,66512,66671,66333,66558
1721484000,66558,66727,66531,66617
1721487600,66619,66847,66618,66847
1721491200,66847,67053,66723,66850
1721494800,66851,67613,66805,67443
1721498400,67454,67617,67269,67508
1721502000,67510,67546,67064,67261
1721505600,67261,67469,67261,67376
1721509200,67384,67391,66840,67132
1721512800,67130,67328,66901,67142
1721516400,67139,67209,67122,67155
1721520000,67164,67337,67000,67096
1721523600,67096,67434,67068,67312
1721527200,67312,67415,67296,67305
1721530800,67305,67395,67172,67202
1721534400,67201,67252,67032,67074
1721538000,67074,67129,66928,67081
1721541600,67078,67109,66663,66733
1721545200,66745,66846,66629,66722
1721548800,66723,66911,66689,66829
1721552400,66828,67040,66782,66996
1721556000,66999,67087,66822,66822
1721559600,66821,66899,66787,66897
1721563200,66902,67000,66869,66959
1721566800,66974,67000,66648,66790
1721570400,66797,67411,66720,67315
1721574000,67313,67522,67023,67199
1721577600,67198,67609,66992,67579
1721581200,67595,67727,66521,66655
1721584800,66650,67346,65833,66896
1721588400,66896,67727,66816,67460
1721592000,67452,68239,67301,67711
1721595600,67745,68288,67576,68223
1721599200,68202,68364,67965,68021
1721602800,68021,68213,67913,68158
1721606400,68170,68486,68050,68207
1721610000,68207,68255,67767,67868
1721613600,67857,68206,67759,68086
1721617200,68086,68112,67857,67895
1721620800,67894,68009,67784,67929
1721624400,67938,67951,67543,67622
1721628000,67637,67745,67160,67408
1721631600,67420,67423,67199,67250
1721635200,67249,67402,67050,67095
1721638800,67092,67419,66975,67417
1721642400,67427,67531,67310,67424
1721646000,67431,67597,67309,67526
1721649600,67527,67702,67375,67702
1721653200,67701,67979,67012,67104
1721656800,67111,67338,66591,66700
1721660400,66708,67201,66583,67071
1721664000,67082,67321,66832,67071
1721667600,67067,67491,67013,67489
1721671200,67488,67680,67354,67474
1721674800,67466,68306,67395,68233
1721678400,68276,68298,67850,68151
1721682000,68151,68190,67687,67881
1721685600,67880,67888,67533,67663
1721689200,67670,67676,67290,67562
1721692800,67561,67776,67485,67509
1721696400,67509,67517,67233,67422
1721700000,67425,67710,67261,67657
1721703600,67658,67719,67463,67472
1721707200,67491,67546,66935,66935
1721710800,66932,66954,66343,66441
1721714400,66440,66775,66440,66528
1721718000,66529,66672,66264,66577
1721721600,66587,66990,66525,66885
1721725200,66896,67163,66772,66945
1721728800,66944,67026,66831,66878
1721732400,66867,66867,66466,66691
1721736000,66690,66774,66391,66502
1721739600,66507,66738,65978,66101
1721743200,66111,67361,65986,67238
1721746800,67244,67264,66368,66615
1721750400,66613,66783,65875,65886
1721754000,65872,66134,65775,65948
1721757600,65957,66109,65790,65879
1721761200,65878,66089,65452,65547
1721764800,65540,65994,65494,65864
1721768400,65853,66040,65798,65896
1721772000,65890,66042,65809,65926
1721775600,65931,66048,65819,65944
1721779200,65943,66121,65782,65791
1721782800,65790,66112,65624,65688
1721786400,65671,65921,65473,65879
1721790000,65873,66105,65787,66053
1721793600,66052,66069,65796,65859
1721797200,65859,65914,65623,65823
1721800800,65822,65994,65777,65901
1721804400,65901,66063,65870,66063
1721808000,66065,66460,66005,66445
1721811600,66444,66478,66306,66428
1721815200,66406,66613,66375,66494
1721818800,66509,66573,66353,66380
1721822400,66374,66575,66192,66231
1721826000,66221,66920,66209,66360
1721829600,66359,67112,66312,66768
1721833200,66767,66822,66116,66189
1721836800,66182,66494,65984,66408
1721840400,66402,66713,66322,66600
1721844000,66600,66656,65719,65754
1721847600,65756,66104,65576,65611
1721851200,65652,66072,65652,66039
1721854800,66052,66068,65148,65640
1721858400,65660,65665,65247,65293
1721862000,65297,65450,65117,65376
1721865600,65363,65607,65269,65508
1721869200,65507,65507,64221,64444
1721872800,64467,64467,63947,64186
1721876400,64181,64274,63860,64075
1721880000,64080,64267,63806,64205
1721883600,64200,64313,64083,64254
1721887200,64253,64344,64077,64310
1721890800,64309,64375,64071,64112
1721894400,64112,64382,63882,64326
1721898000,64328,64452,64198,64288
1721901600,64293,64293,63960,64136
1721905200,64159,64268,64070,64093
1721908800,64090,64385,63905,64083
1721912400,64104,64340,63732,64014
1721916000,64020,64825,63424,64801
1721919600,64822,65001,64521,64763
1721923200,64776,65153,64615,64844
1721926800,64847,65053,64746,65030
1721930400,65023,65160,64377,64549
1721934000,64549,64980,64390,64662
1721937600,64674,65277,64414,65271
1721941200,65282,65983,65204,65830
1721944800,65823,66135,65631,65639
1721948400,65632,65808,65616,65796
1721952000,65794,66453,65712,66383
1721955600,66378,66541,66218,66421
1721959200,66431,67338,66391,66970
1721962800,67001,67459,66929,67043
1721966400,67065,67091,66896,67072
1721970000,67071,67097,66859,66914
1721973600,66919,67157,66886,67052
1721977200,67055,67184,66888,66910
1721980800,66901,67137,66901,67101
1721984400,67100,67481,67086,67301
1721988000,67292,67403,67161,67308
1721991600,67298,67362,67152,67299
1721995200,67341,67393,67081,67311
1721998800,67333,67963,67168,67886
1722002400,67870,67991,66911,67337
1722006000,67339,67743,67299,67564
1722009600,67563,67691,67370,67401
1722013200,67404,67604,67315,67375
1722016800,67374,67620,67338,67577
1722020400,67574,68147,67547,68013
1722024000,68003,68025,67428,67463
1722027600,67448,68214,67448,67959
1722031200,67960,68085,67866,67938
1722034800,67943,67989,67857,67921
1722038400,67952,67962,67816,67884
1722042000,67886,67893,67654,67674
1722045600,67670,68061,67666,68034
1722049200,68033,68069,67785,67810
1722052800,67803,67905,67795,67870
1722056400,67870,68004,67870,67908
1722060000,67900,68093,67900,68093
1722063600,68093,68298,68053,68060
1722067200,68054,68190,67907,68000
1722070800,67999,68224,67951,68224
1722074400,68224,68265,68091,68170
1722078000,68176,68233,68044,68233
1722081600,68233,68479,68228,68420
1722085200,68423,69372,68422,69241
1722088800,69241,69404,68808,68985
1722092400,68991,69081,68612,68864
1722096000,68862,68990,68660,68700
1722099600,68691,68770,68441,68554
1722103200,68555,69012,68536,68629
1722106800,68539,68665,67792,68281
1722110400,68266,68437,66637,67758
1722114000,67724,69114,67598,68855
1722117600,68825,68842,68571,68623
1722121200,68623,68623,67798,67892
1722124800,67837,68089,67269,67960
1722128400,67954,68286,67916,68092
1722132000,68086,68161,67962,68149
1722135600,68141,68147,67937,67937
1722139200,67943,68034,67340,67340
1722142800,67335,67500,67064,67423
1722146400,67413,67564,67384,67481
1722150000,67439,67569,67335,67569
1722153600,67560,67560,67233,67365
1722157200,67365,67542,67321,67430
1722160800,67433,67672,67401,67568
1722164400,67556,67987,67556,67833
1722168000,67834,68109,67741,68020
1722171600,67990,68044,67871,67993
1722175200,67985,68026,67661,67753
1722178800,67718,67776,67596,67643
1722182400,67652,67742,67617,67670
1722186000,67674,67979,67674,67977
1722189600,67977,68298,67928,68229
1722193200,68224,68282,68086,68107
1722196800,68108,68171,67963,68006
1722200400,68003,68069,67817,68026
1722204000,68026,68249,67955,68010
1722207600,68010,68265,67956,68264
1722211200,68240,68998,68165,68726
1722214800,68726,68832,68367,68555
1722218400,68550,69590,68550,69533
1722222000,69550,69780,69297,69347
1722225600,69369,69455,69265,69337
1722229200,69400,69781,69381,69697
1722232800,69701,69848,69571,69591
1722236400,69577,69603,69447,69519
1722240000,69537,69706,69385,69457
1722243600,69461,69615,69434,69514
1722247200,69521,69735,69386,69625
1722250800,69617,69831,69575,69577
1722254400,69605,69949,69388,69805
1722258000,69804,70016,69096,69253
1722261600,69258,69291,68062,68202
1722265200,68203,68285,67662,68086
1722268800,68083,68092,66807,66921
1722272400,66923,67158,66445,66992
1722276000,67002,67492,66930,67413
1722279600,67412,67533,67230,67279
1722283200,67286,67391,67154,67375
1722286800,67363,67502,67020,67492
1722290400,67478,67540,67141,67223
1722294000,67217,67264,66607,66780
1722297600,66765,66841,65867,66598
1722301200,66588,66855,66065,66196
1722304800,66214,66447,65954,66412
1722308400,66417,66666,66370,66610
1722312000,66588,66798,66511,66798
1722315600,66790,66790,66328,66480
1722319200,66476,66770,66459,66760
1722322800,66759,66982,66759,66935
1722326400,66933,66983,66712,66766
1722330000,66775,66879,66439,66599
1722333600,66598,66671,66407,66571
1722337200,66567,66702,66474,66572
1722340800,66566,66799,66232,66651
1722344400,66651,66919,66327,66379
1722348000,66370,66423,65654,65785
1722351600,65770,66300,65550,66194
1722355200,66189,66531,66121,66156
1722358800,66165,66190,65678,65849
1722362400,65845,66049,65599,65814
1722366000,65793,65980,65550,65871
1722369600,65887,66200,65302,66165
1722373200,66164,66296,65937,66295
1722376800,66295,66335,66071,66208
1722380400,66209,66298,66110,66171
1722384000,66170,66391,65875,66341
1722387600,66331,66395,66098,66290
1722391200,66289,66395,66058,66113
1722394800,66113,66217,66018,66061
1722398400,66038,66082,65490,65784
1722402000,65791,66176,65592,66139
1722405600,66139,66521,66100,66443
1722409200,66442,66509,66182,66194
1722412800,66194,66348,66018,66295
1722416400,66291,66341,66136,66225
1722420000,66224,66230,65924,65956
1722423600,65955,66117,65928,66067
1722427200,66066,66256,65965,66106
1722430800,66129,66814,66104,66487
1722434400,66486,66703,65970,66418
1722438000,66424,66534,66306,66360
1722441600,66360,66718,66279,66346
1722445200,66341,66801,66289,66630
1722448800,66654,66720,66117,66503
1722452400,66510,66621,64934,65243
1722456000,65228,65397,64515,64554
1722459600,64572,65111,64507,64960
1722463200,64960,65027,64625,64966
1722466800,64965,64973,64606,64612
1722470400,64612,64813,64344,64614
1722474000,64602,64787,64105,64194
1722477600,64172,64229,63875,64090
1722481200,64070,64094,63723,63914
1722484800,63902,64013,63408,63700
1722488400,63697,64313,63543,64249
1722492000,64265,64416,64090,64196
1722495600,64199,64452,64199,64302
1722499200,64274,64513,64271,64470
1722502800,64470,64661,64437,64438
1722506400,64438,64567,64295,64549
1722510000,64559,64646,64430,64643
1722513600,64646,64875,64614,64862
1722517200,64861,64917,64438,64703
1722520800,64725,64746,63905,63908
1722524400,63907,63940,62624,62849
1722528000,62849,63142,62625,62860
1722531600,62855,63166,62233,63148
1722535200,63153,63330,62714,62865
1722538800,62861,63399,62847,63389
1722542400,63340,64686,63270,64686
1722546000,64692,65282,64556,64818
1722549600,64830,65568,64808,65141
1722553200,65123,65408,64926,65293
1722556800,65293,65548,64849,64849
1722560400,64848,64848,64511,64622
1722564000,64596,64776,63616,64298
1722567600,64310,64553,64187,64552
1722571200,64546,64584,64377,64466
1722574800,64466,64469,64037,64116
1722578400,64114,64568,63774,64414
1722582000,64414,64467,64084,64131
1722585600,64094,64530,63997,64530
1722589200,64537,64562,64364,64461
1722592800,64461,64812,64326,64709
1722596400,64705,64909,64601,64607
1722600000,64613,64871,64100,64811
1722603600,64788,65466,64502,65174
1722607200,65183,65319,63045,63075
1722610800,63103,63569,62346,63354
1722614400,63354,63550,62902,63244
1722618000,63246,63397,63003,63036
1722621600,63036,63156,62735,62828
1722625200,62828,62902,62447,62551
1722628800,62560,63126,62000,62534
1722632400,62552,62660,61229,61918
1722636000,61922,62166,61169,61302
1722639600,61302,61699,61240,61421
1722643200,61419,61635,60844,61097
1722646800,61117,61298,60433,61251
1722650400,61255,61512,61139,61369
1722654000,61368,61911,61231,61836
1722657600,61837,61915,61338,61489
1722661200,61495,61650,61454,61633
1722664800,61615,61778,61608,61769
1722668400,61766,61839,61569,61626
1722672000,61607,61687,61438,61565
1722675600,61573,61695,61410,61692
1722679200,61688,61816,61628,61779
1722682800,61777,61950,61731,61881
1722686400,61881,62151,61810,61965
1722690000,61963,61997,61817,61975
1722693600,61981,62127,61862,61956
1722697200,61949,62052,60795,60884
1722700800,60842,61231,60362,60865
1722704400,60873,60969,60414,60525
1722708000,60529,60781,60148,60198
1722711600,60182,60568,59903,60206
1722715200,60206,60677,60134,60353
1722718800,60364,60815,59839,60598
1722722400,60607,60718,60339,60582
1722726000,60585,60787,60352,60672
1722729600,60669,60782,60568,60706
1722733200,60711,60735,60300,60703
1722736800,60699,61073,60674,60830
1722740400,60861,60874,60670,60711
1722744000,60706,60771,60515,60544
1722747600,60543,60898,60520,60757
1722751200,60763,60834,60687,60800
1722754800,60777,60792,60235,60324
1722758400,60325,60619,60080,60529
1722762000,60531,60692,60467,60681
1722765600,60666,60794,60511,60781
1722769200,60784,60975,60734,60873
1722772800,60867,61052,60780,61033
1722776400,61032,61054,60816,60816
1722780000,60809,60864,59317,59549
1722783600,59554,59580,58934,59022
1722787200,59028,59257,58579,58619
1722790800,58618,58697,57155,57841
1722794400,57816,58888,57718,58758
1722798000,58731,59474,58512,59240
1722801600,59240,59550,58825,59116
1722805200,59135,59144,58318,58500
1722808800,58469,59103,58382,58696
1722812400,58690,58724,57988,58142
1722816000,58137,58280,55702,56098
1722819600,56168,56262,53091,54427
1722823200,54405,54695,53661,54693
1722826800,54693,54695,53824,53893
1722830400,53893,54565,53390,53540
1722834000,53540,53846,52303,52739
1722837600,52710,52958,49647,51589
1722841200,51597,53059,51365,52694
1722844800,52694,53214,52400,52770
1722848400,52743,52946,51770,52658
1722852000,52642,52642,50700,51435
1722855600,51414,51931,50669,51344
1722859200,51335,51559,49577,49814
1722862800,49800,52483,49586,52000
1722866400,52031,54540,52029,54092
1722870000,54072,55025,53567,54385
1722873600,54378,55562,54081,54088
1722877200,54088,55098,53834,54770
1722880800,54748,54768,53034,53142
1722884400,53127,53619,52573,53483
1722888000,53483,54407,53483,54407
1722891600,54407,55198,54291,54396
1722895200,54392,54973,54238,54706
1722898800,54719,55100,53923,54014
1722902400,54040,56052,53977,56052
1722906000,56060,56274,55462,55739
1722909600,55740,56092,55666,55868
1722913200,55867,55924,55502,55689
1722916800,55692,55770,55290,55527
1722920400,55527,56030,55292,55965
1722924000,55967,56167,55595,55822
1722927600,55832,56229,55510,56061
1722931200,56044,56151,54647,55022
1722934800,55022,55307,54647,55232
1722938400,55229,55440,54894,55083
1722942000,55082,55402,54902,55243
1722945600,55236,55482,54709,54798
1722949200,54794,55415,54420,55211
1722952800,55204,56634,55184,56147
1722956400,56146,56450,55762,56436
1722960000,56428,56918,56280,56806
1722963600,56798,56966,56508,56552
1722967200,56514,57058,56395,56739
1722970800,56747,56904,56342,56796
1722974400,56761,56847,56253,56568
1722978000,56563,56660,56137,56492
1722981600,56488,56952,55983,56216
1722985200,56227,56437,55861,56053
1722988800,56048,56361,55600,56282
1722992400,56296,57017,55836,56967
1722996000,56987,57307,56541,56798
1722999600,56798,57012,56622,56918
1723003200,56891,57275,56778,57091
1723006800,57091,57280,56742,56836
1723010400,56834,57050,56739,56878
1723014000,56875,57130,56587,56959
1723017600,56966,57460,56914,57370
1723021200,57370,57680,57220,57384
1723024800,57373,57737,57287,57362
1723028400,57355,57415,56905,56994
1723032000,57033,57357,56858,57337
1723035600,57325,57502,56749,56862
1723039200,56894,57020,55701,56096
1723042800,56105,56401,55800,56106
1723046400,56104,56307,55856,56142
1723050000,56143,56323,55466,55591
1723053600,55582,55636,54675,54795
1723057200,54804,55154,54702,54762
1723060800,54726,55302,54651,55158
1723064400,55175,55568,54871,55444
1723068000,55426,55470,54568,55293
1723071600,55321,55429,54941,55136
1723075200,55132,55356,54748,55311
1723078800,55308,57325,55287,56868
1723082400,56872,57674,56862,57380
1723086000,57398,57640,57069,57069
1723089600,57084,57242,56699,56781
1723093200,56774,57031,56738,56988
1723096800,56971,57362,56814,57243
1723100400,57242,57439,57155,57206
1723104000,57212,57398,57144,57246
1723107600,57250,57502,57023,57361
1723111200,57361,57564,57214,57398
1723114800,57395,57685,57281,57337
1723118400,57336,58482,57123,57946
1723122000,57955,58265,56734,57281
1723125600,57296,59041,57208,58961
1723129200,58959,59546,58690,59443
1723132800,59456,59876,59388,59599
1723136400,59614,59878,59302,59501
1723140000,59517,59720,59371,59375
1723143600,59367,59889,59292,59462
1723147200,59472,59717,59343,59555
1723150800,59524,61366,59524,61156
1723154400,61224,62518,60655,62348
1723158000,62348,62729,61639,61699
1723161600,61733,61740,61120,61238
1723165200,61243,61543,60801,61420
1723168800,61442,61465,61174,61285
1723172400,61244,61569,61193,61369
1723176000,61369,61395,60725,60737
1723179600,60728,61006,60604,61002
1723183200,60998,61116,60748,60905
1723186800,60904,61233,60779,60881
1723190400,60883,61116,60628,61093
1723194000,61116,61218,60743,60772
1723197600,60778,60860,60204,60620
1723201200,60619,60792,60387,60668
1723204800,60671,60802,60271,60574
1723208400,60559,60765,59824,60469
1723212000,60477,61125,59571,60371
1723215600,60379,60597,59810,59832
1723219200,59821,60470,59750,60470
1723222800,60451,60742,60170,60212
1723226400,60203,60378,59840,60335
1723230000,60335,60767,60142,60698
1723233600,60706,60998,60561,60757
1723237200,60776,60881,59964,60788
1723240800,60791,61013,60325,60795
1723244400,60816,60940,60385,60860
1723248000,60842,61476,60539,60563
1723251600,60566,60988,60489,60491
1723255200,60487,60743,60365,60560
1723258800,60555,60555,60307,60452
1723262400,60428,60445,60270,60427
1723266000,60431,60487,60344,60372
1723269600,60372,60519,60351,60482
1723273200,60476,60867,60476,60858
1723276800,60859,60896,60643,60756
1723280400,60746,61114,60742,60912
1723284000,60912,61023,60664,60818
1723287600,60803,61013,60767,60936
1723291200,60942,60955,60742,60754
1723294800,60741,60758,60446,60446
1723298400,60450,60680,60433,60601
1723302000,60601,60762,60533,60534
1723305600,60532,60720,60429,60683
1723309200,60688,60850,60565,60783
1723312800,60770,61184,60744,60974
1723316400,60965,61145,60867,61023
1723320000,61026,61133,60929,61003
1723323600,60996,61167,60986,61093
1723327200,61082,61082,60903,60943
1723330800,60944,60952,60780,60952
1723334400,60940,61247,60911,61121
1723338000,61114,61177,60976,61136
1723341600,61136,61145,60999,61043
1723345200,61040,61373,61039,61102
1723348800,61103,61161,60895,60922
1723352400,60906,61152,60905,61140
1723356000,61114,61166,61025,61127
1723359600,61142,61270,61097,61262
1723363200,61270,61439,61178,61286
1723366800,61278,61868,61035,61117
1723370400,61125,61270,60984,61062
1723374000,61066,61076,60466,60697
1723377600,60688,60713,60271,60511
1723381200,60498,60641,60195,60480
1723384800,60475,60749,60227,60317
1723388400,60366,60434,59959,60144
1723392000,60148,60308,60023,60202
1723395600,60195,60352,60048,60303
1723399200,60289,60363,60163,60287
1723402800,60281,60296,59573,59631
1723406400,59634,59672,58333,58520
1723410000,58514,59083,58315,59047
1723413600,59014,59338,58553,59009
1723417200,58997,59033,58708,58725
1723420800,58718,59085,58134,58460
1723424400,58435,58794,58277,58582
1723428000,58571,58741,58320,58711
1723431600,58705,58806,58439,58508
1723435200,58502,58668,58368,58508
1723438800,58523,58694,58413,58580
1723442400,58569,58638,58161,58426
1723446000,58405,58976,57681,58675
1723449600,58682,59010,58266,58365
1723453200,58317,58623,58183,58316
1723456800,58315,59000,58148,58974
1723460400,58990,60000,58906,59887
1723464000,59890,59945,59545,59737
1723467600,59743,59892,58028,58210
1723471200,58190,60700,57834,60298
1723474800,60314,60522,59271,60200
1723478400,60224,60416,59583,59618
1723482000,59621,59923,59274,59317
1723485600,59302,59506,58475,58545
1723489200,58569,59302,58569,59051
1723492800,59059,59388,58756,58870
1723496400,58853,59227,58574,58975
1723500000,59016,59267,58868,59066
1723503600,59063,59753,59040,59362
1723507200,59361,59899,59287,59795
1723510800,59810,59931,59495,59749
1723514400,59747,59788,59314,59494
1723518000,59494,59535,58893,59070
1723521600,59058,59275,58856,59239
1723525200,59240,59365,59120,59220
1723528800,59226,59486,59005,59385
1723532400,59388,59467,59075,59240
1723536000,59253,59338,58954,59104
1723539600,59111,59111,58730,58961
1723543200,58963,58982,58455,58693
1723546800,58686,58917,58601,58851
1723550400,58850,59201,58736,59148
1723554000,59148,59451,58870,59415
1723557600,59419,59789,59054,59673
1723561200,59659,59754,59381,59496
1723564800,59496,61194,59476,61187
1723568400,61196,61600,60930,61194
1723572000,61189,61231,60787,60820
1723575600,60817,60991,60265,60851
1723579200,60844,60991,60577,60579
1723582800,60578,61125,60520,61041
1723586400,61053,61079,60488,60600
1723590000,60606,60633,60417,60620
1723593600,60607,60869,60447,60813
1723597200,60807,60848,60544,60563
1723600800,60542,60860,60516,60835
1723604400,60836,61314,60836,60983
1723608000,60981,61174,60919,60964
1723611600,60963,61100,60830,60864
1723615200,60852,60926,60671,60886
1723618800,60887,60959,60728,60927
1723622400,60928,60947,60671,60922
1723626000,60921,60996,60834,60884
1723629600,60880,61343,60858,61141
1723633200,61127,61461,60933,61303
1723636800,61343,61809,60904,61114
1723640400,61109,61210,59509,59648
1723644000,59624,59624,58883,59519
1723647600,59517,59881,58931,59450
1723651200,59454,59470,58711,59154
1723654800,59135,59402,59071,59203
1723658400,59175,59452,58826,59000
1723662000,58998,59127,58740,58921
1723665600,58895,59189,58895,59148
1723669200,59148,59166,58878,58907
1723672800,58933,59011,58456,58986
1723676400,58988,59011,58697,58697
1723680000,58694,59033,58694,59000
1723683600,58999,59047,58189,58230
1723687200,58217,58566,58031,58419
1723690800,58421,58496,58346,58446
1723694400,58448,58474,58162,58396
1723698000,58390,58636,58200,58323
1723701600,58320,58394,57816,58102
1723705200,58097,58152,57717,58046
1723708800,58046,58377,57971,58375
1723712400,58371,58546,58306,58430
1723716000,58429,58536,58310,58369
1723719600,58368,58863,58368,58747
1723723200,58739,59366,58623,58805
1723726800,58800,59486,58586,59452
1723730400,59451,59733,59224,59399
1723734000,59421,59775,59290,59711
1723737600,59710,59851,59455,59549
1723741200,59549,59565,58820,58916
1723744800,58892,58892,57577,57902
1723748400,57894,57979,56707,57051
1723752000,57062,57136,56138,56670
1723755600,56686,57645,56648,57636
1723759200,57610,57882,57394,57625
1723762800,57626,57838,57508,57557
1723766400,57556,57680,57377,57469
1723770000,57471,57614,57104,57536
1723773600,57551,58490,57340,58187
1723777200,58198,58232,57813,57893
1723780800,57891,58307,57812,58307
1723784400,58300,58328,58126,58204
1723788000,58195,58636,58062,58545
1723791600,58526,58549,58338,58461
1723795200,58461,58601,58344,58371
1723798800,58371,58676,58273,58654
1723802400,58678,58678,58323,58444
1723806000,58434,58629,58245,58418
1723809600,58412,58511,57550,57875
1723813200,57869,58895,57778,58315
1723816800,58336,58476,57882,58026
1723820400,58024,58234,57667,58086
1723824000,58082,58729,58017,58585
1723827600,58590,59339,58403,59222
1723831200,59228,59590,59095,59468
1723834800,59488,59841,59432,59695
1723838400,59696,59738,59208,59313
1723842000,59279,59324,58966,59030
1723845600,59035,59187,58986,58996
1723849200,58977,59060,58758,58883
1723852800,58883,59267,58828,59189
1723856400,59189,59403,59128,59240
1723860000,59262,59358,59133,59156
1723863600,59156,59188,59015,59163
1723867200,59164,59277,59091,59228
1723870800,59211,59259,59161,59177
1723874400,59172,59231,59156,59167
1723878000,59165,59267,59075,59267
1723881600,59264,59288,59181,59286
1723885200,59289,59466,59239,59313
1723888800,59331,59341,59104,59120
1723892400,59114,59190,59076,59143
1723896000,59137,59280,59122,59236
1723899600,59235,59438,59204,59328
1723903200,59356,59551,59268,59551
1723906800,59507,59652,59375,59395
1723910400,59396,59704,59396,59615
1723914000,59615,59668,59433,59433
1723917600,59435,59475,59317,59411
1723921200,59416,59531,59395,59473
1723924800,59473,59495,59332,59394
1723928400,59394,59436,59164,59310
1723932000,59316,59351,59253,59321
1723935600,59322,59488,59311,59487
1723939200,59487,59738,59428,59692
1723942800,59678,59687,59409,59438
1723946400,59436,60242,59395,60113
1723950000,60125,60242,59324,59349
1723953600,59347,59488,59268,59463
1723957200,59462,59684,59427,59492
1723960800,59488,59621,59483,59583
1723964400,59598,59649,59520,59561
1723968000,59574,59709,59446,59706
1723971600,59706,60098,59666,59890
1723975200,59890,60177,59847,59887
1723978800,59872,60026,59774,60022
1723982400,59992,60271,59890,59988
1723986000,59983,60224,59842,59858
1723989600,59844,59979,59691,59820
1723993200,59818,59935,59706,59863
1723996800,59863,59947,59783,59836
1724000400,59837,59868,59400,59539
1724004000,59541,59623,59472,59607
1724007600,59606,59756,59514,59718
1724011200,59717,59860,59687,59813
1724014800,59806,59807,59345,59451
1724018400,59445,59573,59352,59352
1724022000,59352,59409,58414,58430
1724025600,58440,58701,58238,58362
1724029200,58324,58616,58239,58559
1724032800,58551,58743,58433,58719
1724036400,58679,58765,58570,58747
1724040000,58738,58746,58491,58574
1724043600,58575,58615,58386,58479
1724047200,58479,58658,58406,58576
1724050800,58560,58750,58519,58519
1724054400,58523,58665,58441,58618
1724058000,58618,58679,57990,58030
1724061600,58022,58210,57844,58066
1724065200,58068,58504,58001,58402
1724068800,58402,58518,58294,58427
1724072400,58432,58983,58105,58249
1724076000,58221,58630,58106,58623
1724079600,58632,58785,58528,58557
1724083200,58554,58719,58400,58716
1724086800,58717,59306,58588,59031
1724090400,59032,59245,58751,59041
1724094000,59017,59138,58891,58974
1724097600,58982,59338,58921,59129
1724101200,59096,59248,58976,58976
1724104800,58977,59281,58977,59258
1724108400,59261,59631,59111,59497
1724112000,59462,60690,59396,60503
1724115600,60503,60932,60410,60480
1724119200,60480,60593,60379,60572
1724122800,60567,60661,60458,60661
1724126400,60663,61061,60623,60940
1724130000,60898,61424,60898,61156
1724133600,61159,61163,60984,60991
1724137200,60991,61036,60831,60940
1724140800,60941,60973,60711,60791
1724144400,60782,60991,60777,60886
1724148000,60880,60904,60707,60748
1724151600,60736,60771,60466,60545
1724155200,60550,60772,60527,60717
1724158800,60726,60974,60397,60915
1724162400,60918,60931,59466,59470
1724166000,59474,59484,58553,58830
1724169600,58830,59053,58583,58817
1724173200,58816,59068,58695,59041
1724176800,59047,59490,59003,59198
1724180400,59188,59594,59167,59473
1724184000,59483,59702,59304,59304
1724187600,59328,59328,58887,59304
1724191200,59296,59515,59280,59360
1724194800,59341,59407,59005,59012
1724198400,59012,59280,58970,59005
1724202000,58995,59279,58816,59275
1724205600,59288,59506,59272,59365
1724209200,59332,59430,59235,59303
1724212800,59310,59416,59211,59369
1724216400,59374,59415,59316,59401
1724220000,59404,59742,59374,59624
1724223600,59657,59744,59594,59726
1724227200,59738,59908,59267,59460
1724230800,59459,59505,59118,59284
1724234400,59276,59481,59231,59479
1724238000,59486,59509,59290,59387
1724241600,59383,59605,59289,59522
1724245200,59522,60097,58875,59941
1724248800,59967,60213,59254,59400
1724252400,59386,59784,59344,59532
1724256000,59532,59958,59397,59863
1724259600,59898,60052,59727,59950
1724263200,59942,60849,59870,60798
1724266800,60791,61655,60685,61602
1724270400,61622,61838,60937,61250
1724274000,61257,61502,60955,61236
1724277600,61253,61513,61200,61200
1724281200,61174,61298,61006,61159
1724284800,61169,61234,60829,60829
1724288400,60846,61000,60750,60994
1724292000,60994,60994,59774,60179
1724295600,60195,60640,60100,60573
1724299200,60568,60852,60476,60831
1724302800,60825,60825,60634,60726
1724306400,60744,60959,60700,60789
1724310000,60789,61128,60737,61014
1724313600,61012,61129,60888,60946
1724317200,60950,60991,60830,60913
1724320800,60914,61416,60855,61373
1724324400,61371,61405,61123,61358
1724328000,61343,61413,60802,60898
1724331600,60903,60933,60445,60840
1724335200,60839,60839,60372,60531
1724338800,60525,60832,60113,60443
1724342400,60415,60613,60293,60346
1724346000,60325,60528,60158,60168
1724349600,60173,60581,60150,60356
1724353200,60331,60445,60184,60312
1724356800,60303,60688,60293,60688
1724360400,60688,60690,60462,60544
1724364000,60545,60611,60434,60438
1724367600,60439,60468,60316,60383
1724371200,60383,60953,60348,60738
1724374800,60744,60869,60625,60793
1724378400,60787,60825,60631,60634
1724382000,60634,60708,60590,60605
1724385600,60606,60733,60598,60721
1724389200,60725,61086,60725,60839
1724392800,60871,61359,60848,61201
1724396400,61202,61271,60998,61076
1724400000,61082,61321,61044,61321
1724403600,61321,61336,61021,61044
1724407200,61025,61166,61020,61071
1724410800,61057,61088,60700,60736
1724414400,60737,61216,60737,61141
1724418000,61135,61156,60898,61116
1724421600,61123,62323,60823,61013
1724425200,61012,61779,60933,61534
1724428800,61544,61824,61366,61744
1724432400,61750,63040,61629,63030
1724436000,63025,63445,62720,63193
1724439600,63199,63856,63039,63700
1724443200,63656,63812,63543,63719
1724446800,63698,64853,63655,64450
1724450400,64448,64988,63921,64133
1724454000,64167,64364,63899,64085
1724457600,64095,64236,63890,64012
1724461200,64017,64053,63676,63878
1724464800,63879,64043,63832,63983
1724468400,63974,64043,63829,63884
1724472000,63905,64021,63905,63941
1724475600,63938,64062,63906,64037
1724479200,64029,64305,63969,64097
1724482800,64098,64352,64098,64349
1724486400,64342,64460,64176,64423
1724490000,64438,64506,64236,64360
1724493600,64361,64405,64128,64137
1724497200,64142,64210,63944,63944
1724500800,63936,64215,63936,64117
1724504400,64116,64259,64019,64247
1724508000,64241,64241,64097,64203
1724511600,64203,64203,63913,64006
1724515200,64006,64429,63976,64309
1724518800,64320,64320,63983,64074
1724522400,64075,64460,63975,64250
1724526000,64250,64390,64241,64243
1724529600,64230,64368,64168,64168
1724533200,64167,64194,63594,63649
1724536800,63649,64005,63606,63884
1724540400,63859,64182,63826,64174
1724544000,64176,64600,64145,64202
1724547600,64202,64398,64090,64176
1724551200,64177,64295,64132,64169
1724554800,64168,64207,64037,64130
1724558400,64130,64178,64037,64172
1724562000,64172,64227,64138,64157
1724565600,64158,64201,64005,64016
1724569200,64022,64051,63829,63906
1724572800,63893,64036,63848,63964
1724576400,63965,64005,63844,63901
1724580000,63895,63965,63814,63908
1724583600,63908,64027,63890,63895
1724587200,63896,63965,63844,63951
1724590800,63952,64190,63877,64125
1724594400,64109,64275,64109,64182
1724598000,64182,64298,64121,64161
1724601600,64161,64232,64045,64046
1724605200,64051,64185,64051,64163
1724608800,64163,64267,64093,64189
1724612400,64203,64240,64168,64220
1724616000,64213,64282,64159,64244
1724619600,64240,64580,64233,64404
1724623200,64410,64637,64314,64513
1724626800,64507,65103,64244,64262
1724630400,64248,64502,63922,64131
1724634000,64131,64223,63921,63958
1724637600,63930,64094,63791,64094
1724641200,64079,64140,64021,64131
1724644800,64131,64221,63959,64033
1724648400,64035,64070,63906,63971
1724652000,63971,63998,63677,63716
1724655600,63719,63874,63606,63657
1724659200,63649,63861,63623,63746
1724662800,63747,63860,63128,63859
1724666400,63860,64050,63764,63799
1724670000,63783,64000,63755,63876
1724673600,63865,63980,63485,63650
1724677200,63651,63878,63515,63771
1724680800,63776,63882,63165,63508
1724684400,63506,63660,63098,63572
1724688000,63565,63843,63430,63732
1724691600,63726,63903,63235,63404
1724695200,63400,63722,63234,63667
1724698800,63667,63721,63285,63326
1724702400,63340,63586,63228,63446
1724706000,63421,63445,62879,63178
1724709600,63165,63296,62904,63011
1724713200,62973,63173,62826,62852
1724716800,62822,63054,62673,62734
1724720400,62733,63211,62704,63001
1724724000,63001,63202,62911,62911
1724727600,62911,63025,62736,62988
1724731200,62988,63107,62920,63052
1724734800,63052,63236,63052,63151
1724738400,63151,63165,62743,62787
1724742000,62782,62974,62782,62904
1724745600,62906,63010,62705,62821
1724749200,62821,62952,62597,62687
1724752800,62686,62686,62256,62327
1724756400,62331,62533,62242,62410
1724760000,62409,62458,62155,62415
1724763600,62416,62473,62136,62227
1724767200,62228,62284,61794,61833
1724770800,61833,61964,61455,61687
1724774400,61689,61975,61536,61564
1724778000,61554,61920,61520,61920
1724781600,61920,62139,61875,62087
1724785200,62087,62181,61873,62059
1724788800,62097,62099,61853,61853
1724792400,61852,61942,59888,60424
1724796000,60421,60421,58090,59501
1724799600,59519,59777,59158,59427
1724803200,59433,59462,59012,59097
1724806800,59097,59454,58927,59384
1724810400,59378,59415,59202,59356
1724814000,59355,59664,59318,59640
1724817600,59640,59665,59302,59342
1724821200,59343,59499,59263,59303
1724824800,59304,59368,59147,59209
1724828400,59208,59283,58539,58623
1724832000,58623,59302,58556,59269
1724835600,59235,60212,59168,60184
1724839200,60198,60198,59702,59765
1724842800,59762,60090,59691,59943
1724846400,59944,60162,59895,59968
1724850000,59968,60021,59338,59345
1724853600,59345,59937,58948,59198
1724857200,59197,59197,58476,59003
1724860800,59003,59216,57866,59206
1724864400,59205,59250,58645,58656
1724868000,58656,59519,58623,59491
1724871600,59503,59843,58832,58898
1724875200,58905,59593,58665,59341
1724878800,59325,59487,59083,59136
1724882400,59119,59263,58863,59192
1724886000,59204,59214,58997,59033
1724889600,59033,59248,58938,59221
1724893200,59221,59340,58891,59012
1724896800,59011,59194,58950,59168
1724900400,59142,59202,59049,59146
1724904000,59146,59223,59076,59214
1724907600,59212,59466,59159,59457
1724911200,59452,59772,59378,59588
1724914800,59587,59702,59525,59601
1724918400,59600,59649,59390,59549
1724922000,59567,59781,59567,59603
1724925600,59603,59839,59603,59694
1724929200,59685,60497,59636,60090
1724932800,60090,60498,60012,60336
1724936400,60334,60678,60220,60644
1724940000,60644,60961,60468,60830
1724943600,60839,61182,60768,60804
1724947200,60795,60981,60264,60327
1724950800,60312,60602,60191,60546
1724954400,60548,60559,58926,59150
1724958000,59165,59696,58964,59250
1724961600,59265,59516,59232,59509
1724965200,59531,59643,59429,59501
1724968800,59500,59500,58701,59212
1724972400,59210,59388,59147,59365
1724976000,59363,59473,59138,59200
1724979600,59199,59302,58967,59217
1724983200,59206,59331,59060,59206
1724986800,59205,59205,58913,59028
1724990400,59031,59149,59004,59011
1724994000,59011,59021,58688,58775
1724997600,58780,59366,58712,59363
1725001200,59363,59581,59253,59297
1725004800,59278,59572,59277,59456
1725008400,59455,59651,59423,59574
1725012000,59574,59665,59433,59580
1725015600,59588,59644,59331,59402
1725019200,59401,59905,59374,59542
1725022800,59546,59670,58926,59636
1725026400,59663,59831,58441,58468
1725030000,58459,58650,57939,58091
1725033600,58089,58579,57721,58549
1725037200,58547,58790,58395,58623
1725040800,58631,59356,58616,59345
1725044400,59344,59344,58703,58703
1725048000,58693,59045,58693,59045
1725051600,59045,59150,58964,59048
1725055200,59048,59274,59048,59219
1725058800,59219,59267,59089,59113
1725062400,59113,59431,59068,59232
1725066000,59232,59317,59175,59278
1725069600,59279,59289,59139,59191
1725073200,59191,59249,59132,59226
1725076800,59226,59338,59209,59336
1725080400,59337,59337,59210,59210
1725084000,59210,59255,59154,59154
1725087600,59153,59186,59066,59102
1725091200,59101,59130,58985,58994
1725094800,58984,59021,58821,58907
1725098400,58904,59153,58876,59132
1725102000,59134,59167,59097,59114
1725105600,59113,59228,59062,59201
1725109200,59180,59231,58943,58955
1725112800,58951,59153,58899,59128
1725116400,59125,59153,58968,59014
1725120000,59014,59037,58857,58980
1725123600,58975,59018,58750,59016
1725127200,59004,59125,58870,58916
1725130800,58915,58944,58836,58856
1725134400,58857,58962,58786,58949
1725138000,58949,59118,58923,59058
1725141600,59057,59118,59000,59021
1725145200,59018,59046,58926,58967
1725148800,58967,59060,58898,58923
1725152400,58922,58951,58834,58834
1725156000,58828,58842,58275,58532
1725159600,58532,58651,58413,58508
1725163200,58508,58581,58358,58438
1725166800,58436,58457,57779,57960
1725170400,57968,58279,57941,58188
1725174000,58186,58467,58112,58462
1725177600,58465,58485,58179,58221
1725181200,58220,58382,58130,58206
1725184800,58198,58213,57894,57922
1725188400,57922,58217,57845,58217
1725192000,58216,58300,57911,57998
1725195600,58014,58196,57723,58175
1725199200,58161,58167,57230,57875
1725202800,57875,58340,57723,58207
1725206400,58208,58343,58086,58127
1725210000,58127,58197,57866,58118
1725213600,58121,58757,58121,58536
1725217200,58556,58764,58294,58497
1725220800,58498,58644,58385,58409
1725224400,58415,58419,58098,58342
1725228000,58361,58361,57239,57239
1725231600,57306,57593,57205,57310
1725235200,57278,57626,57131,57467
1725238800,57468,57568,57247,57413
1725242400,57410,57688,57290,57508
1725246000,57513,57737,57503,57737
1725249600,57727,57750,57448,57449
1725253200,57455,57961,57447,57776
1725256800,57778,57871,57672,57683
1725260400,57679,57790,57364,57544
1725264000,57543,58273,57517,58074
1725267600,58051,58441,57903,58408
1725271200,58355,58574,58310,58495
1725274800,58488,58656,58345,58429
1725278400,58434,58495,58255,58394
1725282000,58391,58467,58155,58181
1725285600,58206,58791,58113,58613
1725289200,58599,58722,58497,58538
1725292800,58541,58651,58301,58338
1725296400,58351,58546,58302,58521
1725300000,58521,58651,58329,58488
1725303600,58484,58553,58397,58444
1725307200,58460,59231,58394,59011
1725310800,58999,59261,58891,59089
1725314400,59054,59331,58998,59331
1725318000,59331,59411,59081,59133
1725321600,59123,59250,59040,59250
1725325200,59273,59408,59200,59388
1725328800,59360,59803,59317,59317
1725332400,59317,59322,59089,59089
1725336000,59140,59220,59013,59070
1725339600,59012,59246,59005,59204
1725343200,59156,59156,58878,58891
1725346800,58939,59125,58886,59105
1725350400,59107,59125,58715,58778
1725354000,58777,58947,58774,58866
1725357600,58866,59174,58837,59069
1725361200,59074,59097,58953,59062
1725364800,59049,59344,59047,59142
1725368400,59146,59309,58199,58351
1725372000,58392,58392,57556,57655
1725375600,57649,57994,57610,57736
1725379200,57700,57896,57642,57688
1725382800,57674,58064,57660,57677
1725386400,57677,58028,57581,57893
1725390000,57937,58232,57834,58021
1725393600,58024,58216,58024,58176
1725397200,58191,58191,57961,58099
1725400800,58120,58156,57853,57853
1725404400,57848,57848,57402,57493
1725408000,57506,57915,57116,57116
1725411600,57112,57112,55602,56790
1725415200,56762,56770,56530,56632
1725418800,56634,56834,56602,56638
1725422400,56649,56715,56554,56681
1725426000,56683,56683,56172,56235
1725429600,56233,56506,56213,56266
1725433200,56269,56863,56255,56729
1725436800,56736,56883,56661,56778
1725440400,56770,56831,56586,56586
1725444000,56584,56700,56450,56466
1725447600,56460,56681,56456,56568
1725451200,56563,56756,56490,56614
1725454800,56623,56675,56333,56449
1725458400,56474,57576,56192,57515
1725462000,57538,58161,57376,58130
1725465600,58132,58518,58125,58410
1725469200,58406,58482,57834,57876
1725472800,57890,57982,57638,57680
1725476400,57678,58147,57678,58027
1725480000,58060,58154,57874,58040
1725483600,58074,58113,57946,58096
1725487200,58096,58384,58043,58114
1725490800,58128,58227,57902,57956
1725494400,57974,58315,57974,58007
1725498000,58021,58250,57959,58049
1725501600,58050,58059,57667,57667
1725505200,57673,57673,56925,57101
1725508800,57106,57274,57106,57198
1725512400,57187,57245,57017,57191
1725516000,57162,57213,56550,56932
1725519600,56881,57245,56838,57152
1725523200,57151,57216,56950,56998
1725526800,56994,56994,56624,56778
1725530400,56787,56838,56654,56756
1725534000,56795,56847,56663,56685
1725537600,56682,56831,56388,56673
1725541200,56654,57128,56569,57007
1725544800,57007,57327,56480,56550
1725548400,56550,56654,55816,55979
1725552000,55958,56388,55951,56316
1725555600,56348,56591,56182,56590
1725559200,56591,56691,56489,56534
1725562800,56521,56556,55788,56023
1725566400,56039,56240,55975,56084
1725570000,56071,56236,55649,56134
1725573600,56146,56210,55795,56077
1725577200,56083,56180,55980,56158
1725580800,56179,56305,55988,56167
1725584400,56153,56584,55976,56548
1725588000,56544,56829,56509,56708
1725591600,56750,56814,56527,56571
1725595200,56600,56724,56586,56631
1725598800,56601,56655,56313,56464
1725602400,56482,56497,56280,56430
1725606000,56416,56430,55282,55776
1725609600,55806,55903,55633,55782
1725613200,55768,55903,55665,55872
1725616800,55878,56238,55874,56164
1725620400,56191,56232,55829,55986
1725624000,56018,56911,55676,56864
1725627600,56852,56984,55856,55897
1725631200,55896,55921,54390,54702
1725634800,54674,54967,53810,54015
1725638400,54012,54207,53613,54047
1725642000,54014,54388,53697,53879
1725645600,53889,53952,53321,53321
1725649200,53321,53933,53232,53484
1725652800,53478,53750,52637,52853
1725656400,52858,53742,52546,53730
1725660000,53730,53829,53591,53622
1725663600,53622,53959,53588,53955
1725667200,53947,54066,53876,53904
1725670800,53904,53983,53731,53791
1725674400,53793,53950,53741,53798
1725678000,53797,53856,53784,53806
1725681600,53806,54043,53806,54043
1725685200,54043,54354,53990,54172
1725688800,54176,54355,54043,54292
1725692400,54299,54374,54187,54275
1725696000,54273,54379,54191,54366
1725699600,54365,54401,54187,54246
1725703200,54245,54443,54243,54345
1725706800,54343,54479,54292,54324
1725710400,54323,54656,54323,54575
1725714000,54577,54668,54421,54555
1725717600,54553,54681,54512,54630
1725721200,54630,54813,54604,54782
1725724800,54784,54839,54447,54473
1725728400,54472,54532,54036,54144
1725732000,54129,54388,54038,54290
1725735600,54284,54453,54239,54415
1725739200,54410,54423,54179,54179
1725742800,54179,54179,53869,53919
1725746400,53919,54069,53874,53951
1725750000,53948,54195,53823,54147
1725753600,54150,54180,53972,54134
1725757200,54133,54353,54125,54267
1725760800,54268,54498,54268,54321
1725764400,54333,54392,54248,54383
1725768000,54392,54554,54359,54478
1725771600,54485,54506,54335,54349
1725775200,54336,54420,54266,54298
1725778800,54298,54512,54289,54428
1725782400,54427,54471,54349,54466
1725786000,54466,54698,54466,54472
1725789600,54453,54630,54447,54608
1725793200,54601,54674,54518,54554
1725796800,54557,54566,54122,54209
1725800400,54170,54388,54082,54388
1725804000,54388,54423,54069,54148
1725807600,54142,54198,53681,53686
1725811200,53693,54010,53636,53914
1725814800,53910,54513,53910,54511
1725818400,54514,54518,54290,54417
1725822000,54417,54481,54323,54340
1725825600,54340,54382,54199,54379
1725829200,54379,54603,54343,54461
1725832800,54460,55306,54375,54534
1725836400,54534,54976,54454,54866
1725840000,54876,55209,54712,55045
1725843600,55045,55361,54922,55113
1725847200,55109,55133,54847,55116
1725850800,55113,55209,54801,55114
1725854400,55114,55143,54859,54859
1725858000,54859,54910,54587,54657
1725861600,54658,54952,54638,54879
1725865200,54880,54991,54731,54975
1725868800,54965,55316,54952,55233
1725872400,55234,55614,55110,55152
1725876000,55152,55455,55104,55361
1725879600,55359,55379,55164,55267
1725883200,55267,55349,54966,55341
1725886800,55339,55790,55249,55702
1725890400,55693,55746,54820,54840
1725894000,54835,55462,54827,55377
1725897600,55383,56523,55351,56433
1725901200,56435,56906,56360,56514
1725904800,56520,56658,56277,56538
1725908400,56523,57180,56488,57103
1725912000,57102,57145,56816,57015
1725915600,57015,58070,57015,57482
1725919200,57474,57633,57219,57231
1725922800,57229,57266,57022,57059
1725926400,57056,57072,56640,56992
1725930000,56992,57047,56728,56914
1725933600,56913,56913,56652,56780
1725937200,56779,56805,56531,56535
1725940800,56531,56735,56406,56613
1725944400,56614,56959,56593,56938
1725948000,56945,56945,56776,56830
1725951600,56831,57288,56782,57208
1725955200,57207,57371,57007,57033
1725958800,57040,57271,56899,57094
1725962400,57095,57183,56952,57166
1725966000,57166,57251,57013,57233
1725969600,57221,57469,57162,57190
1725973200,57200,57201,56643,56714
1725976800,56740,57151,56530,56943
1725980400,56931,57204,56601,56601
1725984000,56600,56949,56565,56820
1725987600,56817,57372,56806,57171
1725991200,57173,57966,57173,57579
1725994800,57576,58042,57345,57971
1725998400,57960,57974,57572,57572
1726002000,57573,57757,57475,57523
1726005600,57522,57680,57474,57614
1726009200,57614,57875,57588,57659
1726012800,57646,57681,57440,57652
1726016400,57648,57751,56686,56727
1726020000,56714,57151,56689,56934
1726023600,56904,56971,56687,56809
1726027200,56808,56808,56261,56530
1726030800,56529,56529,56099,56256
1726034400,56249,56550,56171,56456
1726038000,56456,56772,56456,56707
1726041600,56705,56705,56362,56416
1726045200,56391,56727,56382,56664
1726048800,56673,56688,56354,56511
1726052400,56511,56863,56511,56787
1726056000,56796,56904,56292,56746
1726059600,56747,57150,55715,55745
1726063200,55740,55997,55554,55956
1726066800,55958,56992,55842,56702
1726070400,56701,57515,56643,57314
1726074000,57313,57875,57262,57709
1726077600,57706,58000,57426,57517
1726081200,57516,57792,57354,57644
1726084800,57611,57691,57451,57498
1726088400,57490,57570,57260,57347
1726092000,57366,57484,57230,57478
1726095600,57481,57515,57327,57342
1726099200,57342,57907,57342,57639
1726102800,57635,58241,57614,58131
1726106400,58193,58470,57861,57960
1726110000,57968,58434,57964,58256
1726113600,58250,58438,58175,58193
1726117200,58192,58192,57946,58000
1726120800,57982,58099,57855,57952
1726124400,57957,58140,57876,58140
1726128000,58140,58350,58112,58172
1726131600,58172,58254,58008,58032
1726135200,58026,58102,57938,57939
1726138800,57939,58147,57906,58059
1726142400,58059,58147,57612,57678
1726146000,57687,57861,57335,57598
1726149600,57598,58560,57544,57544
1726153200,57543,57861,57417,57510
1726156800,57510,58112,57494,58066
1726160400,58060,58406,58007,58406
1726164000,58400,58448,57980,58183
1726167600,58169,58448,58147,58380
1726171200,58394,58394,58119,58197
1726174800,58199,58346,57793,57927
1726178400,57926,58252,57905,58133
1726182000,58121,58193,58031,58139
1726185600,58139,58244,58014,58033
1726189200,58032,58238,57883,58120
1726192800,58126,58167,57990,58055
1726196400,58048,58074,57842,57854
1726200000,57854,57996,57835,57859
1726203600,57854,58016,57836,57957
1726207200,57947,57950,57751,57771
1726210800,57768,58135,57768,58134
1726214400,58119,58147,57937,57963
1726218000,57958,58133,57932,58069
1726221600,58057,58336,58036,58336
1726225200,58336,58336,57825,57868
1726228800,57875,57942,57640,57906
1726232400,57906,58150,57702,58055
1726236000,58055,58539,57856,58469
1726239600,58465,59748,58376,59687
1726243200,59689,59810,59336,59461
1726246800,59462,59981,59462,59606
1726250400,59599,59910,59519,59778
1726254000,59777,60018,59676,59748
1726257600,59759,60005,59666,59878
1726261200,59868,60380,59867,60319
1726264800,60316,60670,60286,60649
1726268400,60648,60669,60387,60545
1726272000,60551,60655,60418,60465
1726275600,60462,60635,60451,60453
1726279200,60445,60538,60330,60330
1726282800,60330,60471,60330,60360
1726286400,60353,60369,60214,60221
1726290000,60228,60264,59950,59950
1726293600,59947,60098,59778,60067
1726297200,60051,60189,60012,60168
1726300800,60163,60180,59962,59991
1726304400,59991,60083,59905,60083
1726308000,60082,60082,59819,59873
1726311600,59855,59855,59632,59729
1726315200,59724,59867,59654,59821
1726318800,59815,59815,59667,59788
1726322400,59788,60018,59727,59932
1726326000,59931,59970,59853,59895
1726329600,59894,59991,59855,59989
1726333200,59988,59988,59867,59899
1726336800,59902,59902,59438,59799
1726340400,59799,59907,59751,59826
1726344000,59826,60089,59789,60031
1726347600,60031,60076,59960,60046
1726351200,60045,60132,59952,60030
1726354800,60024,60071,59975,60012
1726358400,60012,60126,60005,60043
1726362000,60044,60311,60044,60251
1726365600,60251,60264,60142,60249
1726369200,60249,60261,60158,60174
1726372800,60174,60240,60113,60142
1726376400,60137,60234,60137,60172
1726380000,60171,60207,60148,60176
1726383600,60172,60229,60138,60212
1726387200,60208,60222,60062,60078
1726390800,60086,60121,60025,60027
1726394400,60027,60059,59903,60003
1726398000,60001,60040,59925,60019
1726401600,60005,60119,59975,60116
1726405200,60118,60344,60101,60196
1726408800,60194,60285,59900,60285
1726412400,60285,60388,60192,60342
1726416000,60342,60363,59887,59959
1726419600,59948,60052,59724,59834
1726423200,59834,60183,59761,59983
1726426800,59984,60148,59825,59889
1726430400,59870,59946,59709,59827
1726434000,59806,59811,59495,59650
1726437600,59653,59666,59395,59430
1726441200,59418,59442,58708,59130
1726444800,59121,59209,58616,58682
1726448400,58630,58791,58423,58620
1726452000,58606,58650,58124,58262
1726455600,58258,58593,58216,58583
1726459200,58546,58568,58312,58345
1726462800,58345,58651,58345,58650
1726466400,58651,58967,58624,58696
1726470000,58696,58948,58661,58907
1726473600,58904,59152,58846,58918
1726477200,58913,59035,58595,58641
1726480800,58630,58728,58504,58728
1726484400,58729,58820,58648,58666
1726488000,58653,58783,58448,58508
1726491600,58515,58600,58035,58483
1726495200,58483,58539,57577,57588
1726498800,57593,57986,57565,57875
1726502400,57873,57941,57679,57802
1726506000,57802,58245,57488,58159
1726509600,58161,58169,57690,57885
1726513200,57882,58012,57790,57918
1726516800,57920,58174,57640,57657
1726520400,57666,57987,57605,57985
1726524000,57985,58018,57833,57960
1726527600,57961,58402,57961,58212
1726531200,58208,58349,57627,57639
1726534800,57632,57960,57632,57903
1726538400,57900,58182,57841,58104
1726542000,58104,58141,58007,58049
1726545600,58049,58328,58025,58242
1726549200,58242,58750,58231,58640
1726552800,58640,58664,58439,58486
1726556400,58485,58708,58461,58695
1726560000,58693,58842,58638,58777
1726563600,58777,59067,58698,58970
1726567200,58957,59260,58905,59226
1726570800,59226,59294,59041,59108
1726574400,59092,59444,59062,59398
1726578000,59368,59416,58891,58984
1726581600,58959,60395,58946,60278
1726585200,60278,61331,60234,61128
1726588800,61128,61269,60720,60883
1726592400,60888,61001,60688,60962
1726596000,60937,61084,60423,60555
1726599600,60534,60711,59650,59970
1726603200,59969,60353,59743,60133
1726606800,60120,60430,60120,60332
1726610400,60332,60353,60130,60266
1726614000,60243,60338,60024,60316
1726617600,60318,60342,59893,60239
1726621200,60239,60325,60005,60106
1726624800,60107,60373,60080,60350
1726628400,60353,60758,60353,60517
1726632000,60511,60702,60330,60427
1726635600,60430,60430,60206,60253
1726639200,60252,60481,60207,60434
1726642800,60455,60539,60333,60444
1726646400,60403,60419,60089,60193
1726650000,60194,60194,59674,59674
1726653600,59666,59918,59388,59901
1726657200,59901,59997,59829,59853
1726660800,59823,59997,59702,59991
1726664400,59979,60154,59326,59492
1726668000,59473,59773,59346,59485
1726671600,59484,59750,59339,59428
1726675200,59420,59946,59189,59925
1726678800,59912,60244,59525,59991
1726682400,60027,61343,59855,60645
1726686000,60626,60750,60021,60062
1726689600,60054,60309,59495,60252
1726693200,60232,60481,60190,60213
1726696800,60212,60714,60212,60699
1726700400,60707,61787,60692,61757
1726704000,61765,62591,61739,62242
1726707600,62242,62336,61584,62024
1726711200,62025,62322,61828,62221
1726714800,62220,62280,62013,62125
1726718400,62126,62161,61823,62100
1726722000,62100,62182,61929,62018
1726725600,62017,62146,61835,62047
1726729200,62043,62171,61950,62093
1726732800,62097,62196,61895,61938
1726736400,61939,62513,61908,62293
1726740000,62294,62729,62294,62339
1726743600,62338,62720,62278,62666
1726747200,62666,63221,62619,62939
1726750800,62941,63363,62703,63059
1726754400,63059,63508,62909,62952
1726758000,62951,63353,62867,63159
1726761600,63160,63700,62969,63575
1726765200,63557,63882,63305,63733
1726768800,63733,63800,63518,63655
1726772400,63654,63661,63227,63255
1726776000,63261,63262,63033,63051
1726779600,63034,63149,62894,62894
1726783200,62887,63085,62661,62949
1726786800,62947,63084,62915,62940
1726790400,62950,63019,62690,62769
1726794000,62769,63172,62630,63043
1726797600,63032,63131,62833,63121
1726801200,63121,63737,63086,63737
1726804800,63713,64121,63667,63844
1726808400,63844,64021,63622,63745
1726812000,63862,63913,63657,63797
1726815600,63766,63766,63416,63539
1726819200,63510,63510,63049,63311
1726822800,63313,63546,63275,63468
1726826400,63473,63792,63387,63663
1726830000,63671,63709,63371,63464
1726833600,63444,63549,63348,63417
1726837200,63433,63448,62670,62811
1726840800,62839,63493,62578,63010
1726844400,63062,63379,62720,63169
1726848000,63190,63280,62818,62883
1726851600,62890,62969,62638,62717
1726855200,62703,62939,62353,62872
1726858800,62864,63025,62790,62838
1726862400,62829,62950,62722,62832
1726866000,62826,63293,62819,63134
1726869600,63134,63280,63134,63186
1726873200,63186,63218,63084,63211
1726876800,63189,63295,63061,63202
1726880400,63185,63195,62823,62824
1726884000,62828,62984,62826,62910
1726887600,62922,62991,62858,62891
1726891200,62905,62924,62826,62871
1726894800,62859,62939,62760,62930
1726898400,62913,63078,62890,63003
1726902000,63001,63128,62979,63099
1726905600,63114,63114,63006,63038
1726909200,63008,63136,63008,63130
1726912800,63127,63128,62969,62975
1726916400,62994,63105,62981,63095
1726920000,63103,63158,63049,63156
1726923600,63157,63219,63052,63167
1726927200,63217,63303,63158,63303
1726930800,63292,63300,63076,63177
1726934400,63191,63227,63113,63211
1726938000,63211,63401,63200,63273
1726941600,63302,63309,63238,63269
1726945200,63277,63333,63189,63217
1726948800,63194,63222,63152,63152
1726952400,63151,63160,63075,63100
1726956000,63090,63235,63075,63235
1726959600,63235,63574,63181,63364
1726963200,63364,63455,63136,63238
1726966800,63242,63282,63036,63059
1726970400,63047,63092,62849,62966
1726974000,62965,63196,62933,63108
1726977600,63116,63200,63081,63105
1726981200,63081,63081,62924,62942
1726984800,62991,63031,62850,62882
1726988400,62881,62984,62881,62949
1726992000,62926,63026,62922,63026
1726995600,63011,63013,62675,62710
1726999200,62712,62767,62578,62653
1727002800,62658,62839,62578,62791
1727006400,62811,62924,62759,62840
1727010000,62766,62839,62578,62586
1727013600,62605,62689,62480,62659
1727017200,62659,62811,62578,62665
1727020800,62644,62833,62485,62773
1727024400,62811,63127,62811,63053
1727028000,63059,63059,62848,62951
1727031600,62989,63213,62818,63155
1727035200,63176,63295,63143,63200
1727038800,63216,63310,62773,62773
1727042400,62796,63990,62390,63863
1727046000,63886,63932,63432,63563
1727049600,63577,63737,62585,63603
1727053200,63582,63944,63508,63803
1727056800,63787,63959,63685,63953
1727060400,63954,64730,63954,64342
1727064000,64347,64434,63798,63927
1727067600,63903,63909,63683,63692
1727071200,63754,63771,63543,63649
1727074800,63637,63637,63400,63550
1727078400,63542,63605,63311,63493
1727082000,63531,63683,63484,63633
1727085600,63628,63632,63416,63486
1727089200,63487,63519,63379,63402
1727092800,63412,63508,63234,63338
1727096400,63310,63386,63075,63165
1727100000,63167,63760,63090,63392
1727103600,63334,63741,63122,63613
1727107200,63602,63798,63200,63255
1727110800,63203,63334,63105,63308
1727114400,63304,63543,63271,63432
1727118000,63420,63472,63264,63302
1727121600,63298,63423,63275,63359
1727125200,63306,63480,63114,63359
1727128800,63387,63387,63197,63224
1727132400,63243,63403,63197,63325
1727136000,63360,63396,62809,62901
1727139600,62903,63242,62804,62934
1727143200,62916,63166,62720,63132
1727146800,63124,63173,62937,63107
1727150400,63120,63120,62940,63066
1727154000,63058,63217,63058,63191
1727157600,63215,63371,63215,63297
1727161200,63323,63554,63323,63553
1727164800,63553,63929,63553,63860
1727168400,63858,63896,63500,63523
1727172000,63522,63702,63504,63538
1727175600,63531,63592,63387,63466
1727179200,63501,63645,63418,63445
1727182800,63443,63759,63417,63523
1727186400,63516,63542,62738,63190
1727190000,63188,63367,63003,63180
1727193600,63185,63348,63110,63291
1727197200,63288,63988,63280,63778
1727200800,63779,63883,63546,63731
1727204400,63723,64367,63717,64366
1727208000,64290,64585,64087,64218
1727211600,64213,64293,63974,64047
1727215200,64029,64677,64028,64595
1727218800,64628,64628,64260,64260
1727222400,64291,64436,64013,64136
1727226000,64149,64795,64091,64427
1727229600,64399,64527,64302,64425
1727233200,64369,64454,64236,64454
1727236800,64443,64443,64187,64197
1727240400,64182,64281,64159,64180
1727244000,64153,64156,63762,63817
1727247600,63806,64073,63646,63847
1727251200,63847,63905,63775,63824
1727254800,63824,63860,63608,63609
1727258400,63608,63734,63419,63630
1727262000,63640,63837,63509,63837
1727265600,63835,63837,63607,63607
1727269200,63600,63752,63318,63751
1727272800,63752,63929,63652,63929
1727276400,63929,63982,63462,63495
1727280000,63503,63662,63455,63456
1727283600,63469,63565,63000,63145
1727287200,63170,63376,63140,63347
1727290800,63345,63462,63139,63139
1727294400,63186,63507,63186,63493
1727298000,63490,63538,63422,63433
1727301600,63453,63489,63052,63258
1727305200,63254,63254,62941,63147
1727308800,63121,63257,62841,62878
1727312400,62931,63135,62675,63122
1727316000,63136,63367,63087,63354
1727319600,63340,63522,63278,63479
1727323200,63500,63504,63335,63415
1727326800,63410,63713,63374,63631
1727330400,63619,63766,63576,63715
1727334000,63733,63856,63654,63840
1727337600,63856,63875,63704,63704
1727341200,63722,63956,63592,63778
1727344800,63797,64453,63757,64357
1727348400,64401,64484,64307,64387
1727352000,64409,64705,64323,64503
1727355600,64483,64561,64173,64423
1727359200,64439,65241,64398,64437
1727362800,64426,65552,64344,65268
1727366400,65267,65584,65123,65345
1727370000,65375,65851,65144,65145
1727373600,65208,65316,64980,65282
1727377200,65236,65277,64708,64729
1727380800,64739,64873,64666,64668
1727384400,64661,65230,64651,65047
1727388000,65072,65246,64971,65069
1727391600,65083,65176,64755,65175
1727395200,65171,65299,65018,65244
1727398800,65261,65344,65041,65129
1727402400,65144,65197,64848,64887
1727406000,64888,65414,64840,65384
1727409600,65361,65458,65291,65310
1727413200,65298,65373,65121,65370
1727416800,65364,65528,65243,65351
1727420400,65355,65565,65274,65494
1727424000,65490,65781,65447,65737
1727427600,65747,65991,65686,65768
1727431200,65775,65786,65505,65506
1727434800,65505,65608,65341,65451
1727438400,65450,65887,65346,65748
1727442000,65742,65801,65387,65691
1727445600,65690,66508,65606,66270
1727449200,66290,66447,66034,66034
1727452800,66034,66359,65915,66329
1727456400,66300,66356,65710,65934
1727460000,65911,65939,65536,65888
1727463600,65888,65970,65654,65670
1727467200,65743,65915,65641,65812
1727470800,65839,65895,65773,65828
1727474400,65833,65969,65785,65882
1727478000,65886,65921,65703,65781
1727481600,65809,65906,65740,65903
1727485200,65899,65994,65804,65994
1727488800,65994,66190,65939,66181
1727492400,66159,66255,66002,66062
1727496000,66076,66089,65994,66027
1727499600,66020,66026,65936,65969
1727503200,65967,65969,65766,65821
1727506800,65820,65899,65767,65823
1727510400,65817,65817,65607,65647
1727514000,65634,65637,65482,65623
1727517600,65631,65773,65598,65771
1727521200,65772,65800,65707,65798
1727524800,65771,65771,65458,65551
1727528400,65566,65607,65442,65539
1727532000,65538,65812,65538,65734
1727535600,65727,65727,65639,65639
1727539200,65639,65674,65517,65538
1727542800,65520,65710,65520,65631
1727546400,65645,65820,65643,65712
1727550000,65744,65782,65704,65739
1727553600,65734,65779,65663,65663
1727557200,65673,65691,65452,65680
1727560800,65688,65772,65592,65735
1727564400,65699,65978,65639,65876
1727568000,65875,65978,65662,65671
1727571600,65698,65879,65685,65879
1727575200,65849,65940,65819,65819
1727578800,65786,65833,65749,65818
1727582400,65801,65806,65697,65752
1727586000,65750,65760,65528,65599
1727589600,65591,65633,65499,65499
1727593200,65497,65571,65451,65491
1727596800,65500,65599,65450,65575
1727600400,65572,65662,65572,65584
1727604000,65584,65594,65486,65560
1727607600,65568,65725,65568,65699
1727611200,65725,65757,65639,65643
1727614800,65631,65852,65607,65821
1727618400,65821,65821,65678,65692
1727622000,65699,65801,65623,65748
1727625600,65754,65793,65670,65774
1727629200,65774,65938,65774,65832
1727632800,65833,65845,65769,65806
1727636400,65811,65970,65802,65970
1727640000,65969,66071,65821,65823
1727643600,65822,65970,65820,65881
1727647200,65871,65939,65607,65674
1727650800,65666,65739,65545,65601
1727654400,65605,65634,65121,65471
1727658000,65455,65536,64747,64823
1727661600,64768,64779,64350,64366
1727665200,64406,64539,64198,64539
1727668800,64519,64523,64340,64453
1727672400,64424,64522,64386,64478
1727676000,64543,64716,64336,64350
1727679600,64346,64669,64346,64570
1727683200,64565,64565,63914,64318
1727686800,64265,64265,63550,63550
1727690400,63560,63657,63259,63629
1727694000,63628,63862,63506,63828
1727697600,63820,64127,63754,64041
1727701200,64035,64136,63829,63862
1727704800,63869,63990,63565,63746
1727708400,63737,63959,63542,63542
1727712000,63546,63699,63447,63479
1727715600,63463,63678,63341,63678
1727719200,63684,63691,63049,63325
1727722800,63305,63614,63280,63421
1727726400,63457,63831,63447,63767
1727730000,63769,63811,63624,63699
1727733600,63673,63737,63463,63463
1727737200,63470,63583,62859,63302
1727740800,63331,63550,62985,63516
1727744400,63507,63592,63402,63419
1727748000,63382,63401,63150,63390
1727751600,63400,63699,63400,63687
1727755200,63681,63814,63623,63794
1727758800,63821,63844,63648,63719
1727762400,63725,64070,63725,64036
1727766000,64052,64122,63913,64034
1727769600,64013,64074,63843,63946
1727773200,63936,64090,63860,63860
1727776800,63861,63921,63713,63903
1727780400,63929,63967,63723,63728
1727784000,63722,63794,63584,63667
1727787600,63667,63669,62500,62851
1727791200,62845,63052,62449,62572
1727794800,62566,62773,61801,62627
1727798400,62550,62751,61899,62435
1727802000,62401,62405,61070,62094
1727805600,62097,62420,61853,61975
1727809200,61977,62078,61591,61690
1727812800,61756,61756,60164,60785
1727816400,60785,61207,60661,61144
1727820000,61097,61097,60635,60731
1727823600,60751,61015,60656,60807
1727827200,60760,61172,60721,61018
1727830800,61027,61510,60981,61500
1727834400,61503,61807,61411,61792
1727838000,61759,61866,61693,61736
1727841600,61735,61740,61438,61467
1727845200,61472,61844,61352,61473
1727848800,61479,61772,61366,61694
1727852400,61698,61928,61587,61710
1727856000,61712,61893,61605,61789
1727859600,61790,61790,61131,61246
1727863200,61237,61528,61159,61175
1727866800,61196,61357,60896,61183
1727870400,61152,61203,60703,60807
1727874000,60814,61439,60549,61333
1727877600,61340,61661,61086,61086
1727881200,61079,61928,61058,61879
1727884800,61882,62350,61788,61788
1727888400,61795,61838,61255,61665
1727892000,61620,61668,60765,60765
1727895600,60757,60901,59972,60177
1727899200,60190,60970,60113,60888
1727902800,60865,60914,60554,60819
1727906400,60810,60830,60450,60830
1727910000,60830,60856,60615,60634
1727913600,60627,61072,60528,60885
1727917200,60977,61160,60958,60999
1727920800,60990,61255,60973,61183
1727924400,61163,61447,61078,61447
1727928000,61447,61461,61290,61345
1727931600,61311,61324,61101,61166
1727935200,61147,61388,61115,61327
1727938800,61315,61402,60838,60953
1727942400,60925,60955,60155,60353
1727946000,60298,60736,60135,60706
1727949600,60705,61020,60672,61020
1727953200,61022,61050,60604,60753
1727956800,60738,60738,60380,60520
1727960400,60444,60550,59860,60387
1727964000,60377,60866,60155,60161
1727967600,60159,60662,60023,60614
1727971200,60613,60727,60081,60152
1727974800,60100,60692,59918,60588
1727978400,60621,60826,60532,60736
1727982000,60713,61007,60541,61007
1727985600,60960,61090,60656,60766
1727989200,60777,60933,60609,60817
1727992800,60805,60956,60720,60883
1727996400,60905,60946,60702,60745
1728000000,60747,60811,60474,60516
1728003600,60506,61236,60489,61216
1728007200,61193,61254,60934,61036
1728010800,61041,61051,60897,60928
1728014400,60954,61189,60939,61002
1728018000,60982,61226,60982,61221
1728021600,61219,61483,61099,61116
1728025200,61108,61498,61072,61429
1728028800,61432,61631,61340,61448
1728032400,61447,61579,61300,61328
1728036000,61335,61409,61255,61276
1728039600,61277,61461,61272,61436
1728043200,61447,61898,61211,61898
1728046800,61905,61980,61484,61569
1728050400,61565,61565,60794,61223
1728054000,61228,61860,61194,61852
1728057600,61861,62295,61633,62242
1728061200,62241,62338,61853,61978
1728064800,61979,62345,61901,62334
1728068400,62337,62465,62269,62367
1728072000,62365,62473,62175,62424
1728075600,62407,62462,62273,62280
1728079200,62281,62359,62197,62213
1728082800,62210,62210,61980,62081
1728086400,62080,62196,62043,62158
1728090000,62163,62192,61996,62070
1728093600,62066,62069,61802,61820
1728097200,61806,61950,61699,61858
1728100800,61858,62009,61816,61943
1728104400,61943,62144,61942,62135
1728108000,62136,62233,62068,62215
1728111600,62221,62256,62084,62084
1728115200,62084,62192,62084,62158
1728118800,62153,62308,62144,62251
1728122400,62247,62270,62196,62209
1728126000,62209,62238,62167,62176
1728129600,62178,62308,62178,62308
1728133200,62308,62368,62107,62156
1728136800,62151,62226,62108,62203
1728140400,62203,62228,62129,62177
1728144000,62157,62182,61963,61963
1728147600,61959,62024,61910,62014
1728151200,62014,62039,61846,61869
1728154800,61856,61906,61788,61847
1728158400,61844,61844,61722,61722
1728162000,61723,61938,61705,61854
1728165600,61853,62076,61846,62041
1728169200,62019,62091,61975,62063
1728172800,62057,62092,61892,61917
1728176400,61919,62131,61919,62073
1728180000,62092,62129,61951,61970
1728183600,61967,62022,61891,61891
1728187200,61883,61968,61816,61882
1728190800,61882,61965,61841,61960
1728194400,61939,62012,61885,61957
1728198000,61958,61995,61942,61957
1728201600,61951,62062,61926,61982
1728205200,61982,62151,61974,62064
1728208800,62066,62067,62002,62032
1728212400,62017,62129,62004,62101
1728216000,62100,62218,62062,62214
1728219600,62216,62344,62216,62248
1728223200,62246,62757,62196,62713
1728226800,62713,62752,62445,62720
1728230400,62711,62908,62608,62608
1728234000,62600,62752,62555,62590
1728237600,62586,62758,62586,62720
1728241200,62719,62962,62598,62638
1728244800,62622,62761,62579,62632
1728248400,62603,62656,62293,62298
1728252000,62303,62623,62301,62623
1728255600,62623,62901,62617,62814
1728259200,62831,63714,62696,63665
1728262800,63680,63975,63680,63807
1728266400,63813,63936,63600,63636
1728270000,63636,63756,63349,63520
1728273600,63517,63645,63452,63460
1728277200,63460,63607,63363,63375
1728280800,63375,63722,63318,63720
1728284400,63694,63710,63448,63535
1728288000,63534,63691,63505,63544
1728291600,63536,63536,63075,63193
1728295200,63192,63195,62872,62872
1728298800,62872,63128,62646,63128
1728302400,63116,63116,62819,62855
1728306000,62855,63551,62818,63455
1728309600,63460,64444,63460,63978
1728313200,63969,63986,63530,63651
1728316800,63650,63859,63433,63800
1728320400,63800,63879,63522,63806
1728324000,63802,63810,62735,62839
1728327600,62905,63446,62879,63346
1728331200,63365,63394,62974,62974
1728334800,63011,63350,62999,63323
1728338400,63357,63357,62392,62451
1728342000,62435,62660,62130,62212
1728345600,62211,62536,62158,62527
1728349200,62518,62690,62302,62625
1728352800,62619,62765,62406,62763
1728356400,62754,62786,62557,62607
1728360000,62612,62760,62537,62670
1728363600,62659,62705,62300,62492
1728367200,62489,62492,62188,62460
1728370800,62487,62487,61986,62293
1728374400,62272,62406,62176,62395
1728378000,62407,62570,62297,62570
1728381600,62534,62555,62396,62492
1728385200,62462,62630,62454,62594
1728388800,62598,62630,62411,62420
1728392400,62420,63037,62308,63006
1728396000,63016,63172,62141,62733
1728399600,62735,62796,61861,62274
1728403200,62241,62554,62017,62553
1728406800,62496,62509,62062,62354
1728410400,62360,62473,61895,62086
1728414000,62085,62313,61839,62203
1728417600,62233,62345,62122,62344
1728421200,62352,62518,62285,62419
1728424800,62397,62397,62130,62134
1728428400,62143,62226,61997,62133
1728432000,62114,62226,61981,62112
1728435600,62116,62464,62077,62381
1728439200,62293,62336,62241,62241
1728442800,62241,62419,62129,62356
1728446400,62347,62390,62271,62302
1728450000,62308,62503,62308,62495
1728453600,62494,62495,62346,62395
1728457200,62391,62391,62173,62239
1728460800,62238,62238,62025,62104
1728464400,62105,62226,62067,62215
1728468000,62214,62214,62009,62102
1728471600,62098,62166,62057,62145
1728475200,62147,62166,61720,61925
1728478800,61917,61985,61705,61764
1728482400,61757,61965,61586,61819
1728486000,61817,62353,61741,62269
1728489600,62269,62295,61650,61766
1728493200,61768,61859,61618,61690
1728496800,61701,61770,61107,61141
1728500400,61139,61164,60779,60980
1728504000,60978,61070,60268,60390
1728507600,60381,60896,60326,60868
1728511200,60865,60865,60649,60752
1728514800,60751,60786,60551,60582
1728518400,60589,60613,60323,60387
1728522000,60387,60779,60387,60735
1728525600,60734,60865,60641,60841
1728529200,60826,60896,60767,60806
1728532800,60808,60888,60762,60822
1728536400,60813,61160,60790,60861
1728540000,60871,61089,60833,61078
1728543600,61077,61093,60652,60824
1728547200,60824,61006,60751,60751
1728550800,60758,60910,60570,60866
1728554400,60866,61123,60866,60998
1728558000,60999,61232,60985,61189
1728561600,61189,61246,60706,60910
1728565200,60909,61182,60572,60909
1728568800,60891,60976,60464,60536
1728572400,60529,60751,60387,60725
1728576000,60747,60955,60204,60236
1728579600,60230,60401,59482,59546
1728583200,59532,59532,58867,59426
1728586800,59426,59695,59290,59664
1728590400,59663,59946,59528,59722
1728594000,59733,60119,59632,60119
1728597600,60126,60193,59891,60093
1728601200,60096,60278,60096,60278
1728604800,60278,60305,60120,60150
1728608400,60146,60699,60041,60521
1728612000,60546,60582,60336,60501
1728615600,60501,60648,60501,60577
1728619200,60563,60663,60535,60656
1728622800,60659,60714,60547,60596
1728626400,60553,60872,60553,60755
1728630000,60754,60867,60620,60638
1728633600,60631,60757,60613,60624
1728637200,60624,61064,60613,61033
1728640800,61033,61196,60969,61120
1728644400,61119,61225,61036,61138
1728648000,61138,61476,61093,61349
1728651600,61349,61816,61189,61641
1728655200,61641,61920,61618,61740
1728658800,61727,62446,61727,62291
1728662400,62263,62435,62138,62268
1728666000,62267,62939,62168,62929
1728669600,62913,62992,62710,62925
1728673200,62936,63409,62827,63105
1728676800,63084,63084,62922,63017
1728680400,62991,63158,62805,62854
1728684000,62848,62912,62372,62419
1728687600,62395,62638,62345,62452
1728691200,62511,62894,62477,62859
1728694800,62807,63052,62684,62712
1728698400,62720,62744,62511,62532
1728702000,62524,62610,62474,62551
1728705600,62549,62713,62549,62569
1728709200,62573,62766,62559,62756
1728712800,62745,62749,62652,62662
1728716400,62663,62743,62622,62743
1728720000,62734,62750,62674,62705
1728723600,62704,62810,62651,62810
1728727200,62811,63022,62777,63022
1728730800,63022,63227,62903,62925
1728734400,62922,63037,62814,63036
1728738000,63022,63113,62965,63068
1728741600,63069,63401,63006,63220
1728745200,63227,63455,63052,63150
1728748800,63161,63371,63061,63061
1728752400,63060,63257,63053,63098
1728756000,63095,63174,62939,62939
1728759600,62932,63066,62916,62989
1728763200,62998,63102,62989,63053
1728766800,63029,63204,63029,63204
1728770400,63201,63302,63121,63282
1728774000,63281,63348,63159,63194
1728777600,63193,63271,63060,63178
1728781200,63142,63142,62818,62864
1728784800,62864,62907,62691,62857
1728788400,62858,62885,62653,62683
1728792000,62684,62841,62684,62806
1728795600,62806,62939,62799,62845
1728799200,62843,62969,62843,62863
1728802800,62855,62900,62720,62835
1728806400,62827,62924,62782,62783
1728810000,62783,62850,62746,62815
1728813600,62807,62807,62683,62686
1728817200,62683,62765,62518,62528
1728820800,62543,62710,62533,62650
1728824400,62641,62791,62609,62638
1728828000,62629,62631,62189,62227
1728831600,62220,62331,62039,62217
1728835200,62157,62683,62157,62614
1728838800,62613,62856,62413,62510
1728842400,62503,62593,62309,62427
1728846000,62406,62713,62406,62713
1728849600,62713,62743,62593,62743
1728853200,62743,63025,62658,62874
1728856800,62865,63090,62713,62810
1728860400,62817,62864,62616,62849
1728864000,62850,62864,62450,62500
1728867600,62511,62797,62509,62615
1728871200,62609,62611,62460,62600
1728874800,62590,64333,62590,64251
1728878400,64285,64514,64074,64112
1728882000,64108,64127,63665,63903
1728885600,63887,64181,63742,64050
1728889200,64050,64761,63987,64580
1728892800,64600,64805,64339,64386
1728896400,64385,64846,64307,64782
1728900000,64779,64949,64666,64831
1728903600,64829,65090,64769,64870
1728907200,64870,64962,64739,64845
1728910800,64845,65262,64483,65134
1728914400,65134,66264,65087,65903
1728918000,65899,66092,65802,65841
1728921600,65846,65995,65482,65661
1728925200,65662,65813,65510,65610
1728928800,65610,65931,65542,65750
1728932400,65750,66049,65695,65920
1728936000,65921,66049,65797,65907
1728939600,65907,65995,65734,65777
1728943200,65767,66450,65767,66450
1728946800,66428,66479,66026,66070
1728950400,66070,66338,65859,65914
1728954000,65881,65999,65751,65840
1728957600,65849,65901,65694,65724
1728961200,65722,65724,65309,65326
1728964800,65368,65654,65302,65551
1728968400,65564,65564,65192,65330
1728972000,65322,65560,65249,65542
1728975600,65528,65800,65528,65618
1728979200,65617,65804,65600,65701
1728982800,65745,65754,65576,65596
1728986400,65604,65718,65553,65646
1728990000,65658,65694,65269,65365
1728993600,65383,65958,65379,65798
1728997200,65792,67732,65767,67643
1729000800,67650,67922,65160,65382
1729004400,65382,66256,64802,65992
1729008000,65995,67176,65962,66840
1729011600,66855,67044,66500,66803
1729015200,66803,67371,66750,66891
1729018800,66873,67037,66500,66966
1729022400,66981,67011,66399,66483
1729026000,66463,66598,66131,66427
1729029600,66399,66975,66399,66738
1729033200,66732,67134,66671,67061
1729036800,67061,67130,66767,66876
1729040400,66875,67483,66744,67376
1729044000,67377,67548,67178,67289
1729047600,67268,67284,67078,67087
1729051200,67080,67212,66883,67034
1729054800,66991,67345,66925,67204
1729058400,67212,67295,66975,67043
1729062000,67034,67034,66788,66968
1729065600,66967,67257,66911,67116
1729069200,67116,67451,67068,67413
1729072800,67412,67784,67334,67784
1729076400,67725,68388,67591,67891
1729080000,67891,68044,67661,67822
1729083600,67825,67960,67117,67360
1729087200,67367,68290,67324,67659
1729090800,67660,68024,67356,67733
1729094400,67742,67905,67470,67814
1729098000,67818,68077,67678,67934
1729101600,67933,68058,67790,67819
1729105200,67819,67940,67655,67723
1729108800,67731,67949,67621,67621
1729112400,67621,67688,67485,67566
1729116000,67553,67833,67553,67787
1729119600,67781,67804,67600,67622
1729123200,67608,67914,67574,67683
1729126800,67683,67877,67401,67877
1729130400,67876,67882,67401,67465
1729134000,67458,67679,67426,67586
1729137600,67574,67574,67238,67238
1729141200,67238,67445,67238,67322
1729144800,67311,67488,67109,67135
1729148400,67114,67265,67072,67265
1729152000,67265,67443,67176,67433
1729155600,67423,67483,67176,67176
1729159200,67169,67273,66807,67217
1729162800,67186,67241,66791,66859
1729166400,66847,67145,66789,67134
1729170000,67135,67320,66631,66992
1729173600,66990,67257,66680,67094
1729177200,67097,67664,66922,67564
1729180800,67553,67571,67109,67373
1729184400,67386,67517,67139,67279
1729188000,67262,67286,66685,66939
1729191600,66914,67003,66768,66786
1729195200,66802,67125,66784,66933
1729198800,66928,67113,66927,67063
1729202400,67073,67443,67073,67417
1729206000,67417,67443,67278,67392
1729209600,67392,67429,67176,67209
1729213200,67198,68209,67183,68051
1729216800,68060,68104,67784,68079
1729220400,68081,68083,67501,67528
1729224000,67527,67833,67521,67707
1729227600,67739,68023,67621,67990
1729231200,67981,68355,67914,68091
1729234800,68091,68174,67865,67941
1729238400,67950,68025,67818,67892
1729242000,67904,68018,67750,67780
1729245600,67788,67939,67750,67865
1729249200,67865,67996,67655,67657
1729252800,67678,67799,67629,67642
1729256400,67642,68177,67639,68177
1729260000,68178,68582,67930,68445
1729263600,68427,68874,68294,68713
1729267200,68728,68910,68364,68786
1729270800,68793,68908,68671,68729
1729274400,68697,68998,68587,68905
1729278000,68903,68982,68577,68625
1729281600,68602,68686,68391,68405
1729285200,68417,68486,68231,68411
1729288800,68410,68410,68200,68201
1729292400,68202,68468,68200,68420
1729296000,68420,68471,68301,68323
1729299600,68324,68429,68317,68324
1729303200,68328,68454,68323,68454
1729306800,68441,68668,68430,68446
1729310400,68446,68549,68347,68347
1729314000,68339,68417,68324,68396
1729317600,68372,68434,68327,68350
1729321200,68325,68397,68301,68340
1729324800,68356,68454,68344,68393
1729328400,68393,68428,68348,68348
1729332000,68348,68367,68241,68242
1729335600,68241,68282,68093,68093
1729339200,68085,68249,68085,68218
1729342800,68205,68207,68047,68111
1729346400,68114,68331,68111,68295
1729350000,68302,68331,68160,68224
1729353600,68227,68228,68045,68045
1729357200,68045,68126,68020,68111
1729360800,68110,68183,68084,68178
1729364400,68179,68233,68149,68182
1729368000,68183,68260,68170,68247
1729371600,68236,68323,68209,68209
1729375200,68210,68396,68207,68334
1729378800,68313,68399,68299,68359
1729382400,68367,68429,68225,68226
1729386000,68224,68242,68151,68152
1729389600,68151,68202,68110,68167
1729393200,68167,68185,68102,68184
1729396800,68182,68298,68181,68220
1729400400,68225,68281,68174,68210
1729404000,68208,68396,68168,68391
1729407600,68392,68421,68352,68358
1729411200,68358,68478,68347,68383
1729414800,68384,68435,68352,68423
1729418400,68422,68449,68376,68376
1729422000,68377,68453,68355,68412
1729425600,68412,68439,68259,68279
1729429200,68259,68462,68208,68423
1729432800,68432,68740,68432,68626
1729436400,68626,68660,68351,68602
1729440000,68601,68627,68488,68488
1729443600,68494,68595,68413,68551
1729447200,68545,68641,68544,68585
1729450800,68585,68590,68480,68496
1729454400,68493,68882,68430,68751
1729458000,68754,68854,68651,68750
1729461600,68750,69363,68594,69123
1729465200,69114,69154,68907,69011
1729468800,69011,69487,68948,69139
1729472400,69138,69447,69078,69182
1729476000,69183,69205,68700,68700
1729479600,68700,68921,68587,68907
1729483200,68907,69007,68758,69007
1729486800,69004,69156,68926,68982
1729490400,68980,69113,68615,68683
1729494000,68682,68771,68464,68465
1729497600,68483,68627,68273,68277
1729501200,68273,68389,68102,68332
1729504800,68332,68429,68261,68261
1729508400,68242,68380,68147,68208
1729512000,68184,68279,68029,68167
1729515600,68166,68191,67128,67292
1729519200,67272,67573,66986,67240
1729522800,67187,67297,66815,67297
1729526400,67297,67297,66865,67279
1729530000,67261,67605,67216,67479
1729533600,67479,67479,67000,67286
1729537200,67287,67898,67287,67703
1729540800,67746,67784,67597,67729
1729544400,67726,67898,67669,67791
1729548000,67790,67865,67593,67752
1729551600,67752,67752,67339,67340
1729555200,67345,67369,66559,67115
1729558800,67115,67491,67031,67450
1729562400,67471,67654,67242,67273
1729566000,67293,67514,67264,67355
1729569600,67356,67460,67244,67457
1729573200,67459,67594,67412,67532
1729576800,67537,67765,67522,67522
1729580400,67521,67661,67346,67356
1729584000,67355,67355,66866,66879
1729587600,66881,67048,66712,66914
1729591200,66914,67176,66827,67126
1729594800,67130,67459,67110,67246
1729598400,67246,67401,66823,66926
1729602000,66941,67117,66592,66941
1729605600,66950,67646,66785,67512
1729609200,67516,67651,67066,67228
1729612800,67234,67234,66872,66911
1729616400,66912,67370,66889,67273
1729620000,67274,67474,67190,67331
1729623600,67335,67589,67306,67425
1729627200,67412,67525,67377,67502
1729630800,67484,67495,67370,67487
1729634400,67487,67784,67444,67718
1729638000,67675,67738,67258,67382
1729641600,67382,67409,67088,67131
1729645200,67130,67328,67124,67290
1729648800,67296,67330,67025,67043
1729652400,67040,67130,66851,67030
1729656000,67030,67174,66959,67159
1729659600,67168,67173,67007,67037
1729663200,67033,67241,66863,66871
1729666800,66863,66953,66751,66799
1729670400,66790,66969,66391,66435
1729674000,66445,66535,66160,66464
1729677600,66464,66569,66355,66362
1729681200,66362,66549,66288,66349
1729684800,66372,66439,66063,66362
1729688400,66355,66823,66308,66741
1729692000,66741,66807,66377,66424
1729695600,66424,66430,65850,66153
1729699200,66153,66224,65734,65806
1729702800,65789,65893,65568,65634
1729706400,65620,65970,65000,65968
1729710000,65969,66467,65779,66386
1729713600,66387,66591,66251,66590
1729717200,66587,66604,66297,66357
1729720800,66349,66514,66286,66415
1729724400,66416,66735,66403,66601
1729728000,66602,67362,66455,67362
1729731600,67357,67524,67001,67197
1729735200,67198,67427,67095,67379
1729738800,67391,67391,67134,67152
1729742400,67139,67357,67139,67308
1729746000,67308,67391,67261,67287
1729749600,67292,67400,67056,67056
1729753200,67048,67239,67008,67049
1729756800,67047,67174,66792,66792
1729760400,66793,66927,66672,66801
1729764000,66816,67048,66796,66919
1729767600,66924,67241,66918,67181
1729771200,67210,67524,67196,67459
1729774800,67462,67915,67385,67821
1729778400,67838,67906,67477,67720
1729782000,67720,67901,67540,67628
1729785600,67628,67720,67280,67519
1729789200,67518,67800,67396,67595
1729792800,67598,67904,67571,67777
1729796400,67769,68265,67676,68241
1729800000,68243,68290,67948,68145
1729803600,68151,68800,68151,68309
1729807200,68308,68513,68150,68150
1729810800,68143,68220,68024,68155
1729814400,68155,68235,67882,67953
1729818000,67946,67966,67816,67930
1729821600,67938,68028,67801,68023
1729825200,68023,68187,67955,67956
1729828800,67963,67995,67655,67698
1729832400,67693,67823,67527,67700
1729836000,67700,67805,67557,67583
1729839600,67596,67682,67217,67483
1729843200,67492,67693,67288,67611
1729846800,67611,67800,67476,67782
1729850400,67778,67816,67623,67801
1729854000,67801,68122,67741,68054
1729857600,68063,68245,67940,68024
1729861200,68026,68370,67692,68284
1729864800,68290,68726,68103,68275
1729868400,68277,68495,67419,67654
1729872000,67649,67808,67322,67620
1729875600,67623,67775,66700,66758
1729879200,66758,67504,65853,66919
1729882800,66918,67120,66479,66697
1729886400,66729,66864,66457,66759
1729890000,66810,67172,66802,67167
1729893600,67174,67257,66520,66520
1729897200,66522,66655,65521,66578
1729900800,66576,66753,66429,66674
1729904400,66638,66705,66450,66598
1729908000,66600,66930,66344,66738
1729911600,66737,66877,66599,66817
1729915200,66806,66887,66696,66867
1729918800,66860,67135,66860,67049
1729922400,67050,67167,66959,67092
1729926000,67092,67111,66921,66963
1729929600,66929,67097,66929,67067
1729933200,67067,67168,66986,66986
1729936800,66973,67097,66928,66968
1729940400,66968,67076,66888,67056
1729944000,67056,67097,66909,66940
1729947600,66943,67025,66807,66838
1729951200,66809,66869,66656,66701
1729954800,66702,66895,66672,66794
1729958400,66787,66943,66699,66888
1729962000,66922,67040,66873,66965
1729965600,66972,67063,66936,66945
1729969200,66945,67101,66941,67100
1729972800,67053,67352,67053,67160
1729976400,67174,67197,67014,67088
1729980000,67087,67135,67031,67048
1729983600,67036,67061,67001,67003
1729987200,67009,67014,66890,66925
1729990800,66906,67022,66850,66978
1729994400,66979,67020,66935,66958
1729998000,66953,67217,66912,67176
1730001600,67176,67222,67032,67061
1730005200,67061,67123,67048,67092
1730008800,67076,67088,67035,67085
1730012400,67085,67142,67083,67112
1730016000,67112,67175,67074,67136
1730019600,67120,67131,67018,67058
1730023200,67058,67094,67000,67015
1730026800,67014,67099,66968,67042
1730030400,67042,67425,67033,67318
1730034000,67317,67660,67317,67532
1730037600,67532,67646,67532,67613
1730041200,67614,67759,67614,67708
1730044800,67728,67776,67582,67743
1730048400,67737,67895,67647,67674
1730052000,67671,67671,67468,67476
1730055600,67476,67751,67475,67750
1730059200,67750,67816,67654,67680
1730062800,67678,68058,67655,67851
1730066400,67856,68232,67856,68048
1730070000,68042,68188,67915,67938
1730073600,67937,68035,67767,67770
1730077200,67769,67808,67670,67670
1730080800,67662,67767,67605,67719
1730084400,67716,67890,67638,67654
1730088000,67653,67713,67558,67660
1730091600,67637,67865,67541,67834
1730095200,67824,67859,67720,67859
1730098800,67861,68553,67861,68329
1730102400,68331,68511,68249,68249
1730106000,68250,68500,68160,68488
1730109600,68488,68742,68472,68545
1730113200,68545,68680,68429,68679
1730116800,68680,68956,68527,68835
1730120400,68828,69222,68710,68765
1730124000,68761,69038,68635,68769
1730127600,68769,68788,68397,68424
1730131200,68432,68907,68388,68664
1730134800,68664,69161,68462,68923
1730138400,68937,69217,68801,69180
1730142000,69175,69865,69118,69590
1730145600,69606,69687,69414,69600
1730149200,69640,69767,69491,69747
1730152800,69770,70218,69707,69900
1730156400,69900,70081,69707,69918
1730160000,69918,69957,69716,69911
1730163600,69910,70305,69800,70220
1730167200,70245,71500,70167,71121
1730170800,71122,71382,70827,70871
1730174400,70888,71085,70873,71027
1730178000,71030,71045,70835,70977
1730181600,70948,71279,70948,71193
1730185200,71204,71208,70810,70940
1730188800,70976,71151,70928,71096
1730192400,71097,71270,71067,71229
1730196000,71229,71283,71041,71125
1730199600,71125,71575,71125,71421
1730203200,71420,71460,71059,71061
1730206800,71058,71809,70620,71769
1730210400,71763,71962,71280,71829
1730214000,71860,72434,71648,72377
1730217600,72400,72911,72349,72723
1730221200,72724,72994,72507,72708
1730224800,72719,73240,72501,73171
1730228400,73171,73600,72512,72512
1730232000,72541,72634,71850,72317
1730235600,72285,72568,72208,72265
1730239200,72262,72949,71481,72621
1730242800,72654,72785,72505,72729
1730246400,72727,72765,72131,72240
1730250000,72231,72400,72000,72400
1730253600,72402,72596,72295,72309
1730257200,72309,72448,72165,72214
1730260800,72215,72331,72165,72252
1730264400,72252,72482,72252,72481
1730268000,72476,72573,72281,72288
1730271600,72287,72435,72098,72200
1730275200,72212,72533,72212,72221
1730278800,72206,72574,72199,72563
1730282400,72561,72582,72333,72339
1730286000,72341,72341,71918,71969
1730289600,71983,72118,71751,71858
1730293200,71858,72061,71313,71936
1730296800,71948,72437,71907,72413
1730300400,72407,72445,71692,72049
1730304000,72047,72194,71777,72100
1730307600,72085,72113,71628,71871
1730311200,71871,72113,71827,71954
1730314800,71947,72058,71765,71827
1730318400,71818,72840,71648,72840
1730322000,72843,72928,72113,72378
1730325600,72366,72617,72232,72368
1730329200,72368,72659,72329,72331
1730332800,72330,72388,72015,72131
1730336400,72131,72408,72010,72340
1730340000,72336,72533,72160,72532
1730343600,72533,72556,72282,72330
1730347200,72333,72560,72213,72249
1730350800,72258,72371,72196,72269
1730354400,72270,72305,72154,72209
1730358000,72205,72452,72147,72403
1730361600,72404,72433,72148,72260
1730365200,72259,72376,72241,72313
1730368800,72301,72660,72218,72605
1730372400,72606,72633,72210,72210
1730376000,72209,72252,71992,72102
1730379600,72102,72165,71100,71251
1730383200,71278,71347,70583,70728
1730386800,70700,70997,70412,70553
1730390400,70572,70857,70307,70326
1730394000,70332,70756,70286,70732
1730397600,70732,70740,70050,70555
1730401200,70563,70683,69919,69951
1730404800,69974,70196,69591,69924
1730408400,69927,70420,69770,70328
1730412000,70349,70436,70092,70376
1730415600,70389,70545,70227,70231
1730419200,70202,70370,70055,70062
1730422800,70062,70253,69229,69327
1730426400,69277,69497,68777,69497
1730430000,69497,69629,69250,69279
1730433600,69277,69562,69267,69515
1730437200,69516,69589,69450,69557
1730440800,69555,69613,69164,69164
1730444400,69164,69361,69042,69220
1730448000,69203,69447,69173,69310
1730451600,69310,69510,69275,69471
1730455200,69473,70083,69471,69909
1730458800,69939,70142,69923,69961
1730462400,69940,70386,69849,70304
1730466000,70303,71165,70083,71164
1730469600,71162,71596,70910,71243
1730473200,71253,71330,69032,69336
1730476800,69372,70471,69357,69918
1730480400,69917,70151,69475,69559
1730484000,69559,69616,69000,69105
1730487600,69105,69389,68768,69201
1730491200,69211,69433,69020,69188
1730494800,69199,69368,68808,69214
1730498400,69197,69430,69197,69397
1730502000,69397,69628,69320,69490
1730505600,69468,69656,69453,69655
1730509200,69652,69673,69491,69645
1730512800,69654,69887,69654,69655
1730516400,69655,69763,69560,69579
1730520000,69581,69608,69455,69556
1730523600,69554,69682,69441,69656
1730527200,69665,69706,69554,69706
1730530800,69706,69773,69655,69773
1730534400,69773,69798,69572,69611
1730538000,69605,69636,69375,69524
1730541600,69527,69589,69405,69589
1730545200,69589,69655,69556,69581
1730548800,69575,69631,69388,69426
1730552400,69434,69664,69347,69347
1730556000,69347,69377,69015,69228
1730559600,69230,69411,69119,69372
1730563200,69372,69572,69304,69559
1730566800,69561,69569,69330,69380
1730570400,69380,69463,69215,69402
1730574000,69402,69564,69373,69504
1730577600,69505,69558,69461,69499
1730581200,69506,69542,69415,69417
1730584800,69403,69513,69345,69411
1730588400,69410,69424,69143,69330
1730592000,69339,69354,69147,69147
1730595600,69156,69188,68953,68991
1730599200,68995,68995,67823,68183
1730602800,68182,68405,68004,68365
1730606400,68365,68651,68279,68559
1730610000,68559,68651,68406,68411
1730613600,68410,68726,68371,68543
1730617200,68545,68661,68339,68342
1730620800,68342,68553,68274,68442
1730624400,68446,68490,68177,68196
1730628000,68212,68530,68212,68405
1730631600,68411,68536,68304,68348
1730635200,68338,68516,68265,68473
1730638800,68471,68489,67979,68021
1730642400,68022,68151,67575,67749
1730646000,67750,68182,67459,68073
1730649600,68039,68502,68026,68131
1730653200,68132,68439,68122,68327
1730656800,68327,68404,67686,67981
1730660400,67981,68647,67981,68645
1730664000,68646,68942,68497,68940
1730667600,68940,69314,68940,69098
1730671200,69143,69262,68772,68856
1730674800,68839,68870,68490,68738
1730678400,68738,68738,68216,68669
1730682000,68678,68985,68538,68925
1730685600,68924,69276,68835,69244
1730689200,69252,69444,68971,68998
1730692800,69019,69339,69019,69095
1730696400,69080,69121,68668,68763
1730700000,68761,69097,68761,69063
1730703600,69066,69106,68530,68536
1730707200,68543,68674,68421,68634
1730710800,68647,68849,68446,68601
1730714400,68600,68841,68556,68778
1730718000,68779,68970,68654,68740
1730721600,68747,68950,68683,68927
1730725200,68926,69197,68610,68621
1730728800,68621,68668,68176,68359
1730732400,68359,68725,68215,68619
1730736000,68618,68758,67586,67704
1730739600,67685,67873,67208,67791
1730743200,67794,67993,67540,67614
1730746800,67620,68012,67618,67804
1730750400,67803,67803,67265,67281
1730754000,67289,67562,66798,67083
1730757600,67077,68044,67021,67884
1730761200,67891,67982,67606,67818
1730764800,67817,68110,67757,67975
1730768400,67985,68046,67443,67938
1730772000,67938,68012,67786,67839
1730775600,67840,68231,67833,68205
1730779200,68204,68450,68179,68272
1730782800,68269,68734,68249,68692
1730786400,68692,68757,68535,68745
1730790000,68738,68928,68546,68851
1730793600,68861,69000,68752,69000
1730797200,69000,69047,68717,68746
1730800800,68745,68800,68590,68733
1730804400,68733,68924,68733,68772
1730808000,68801,68907,68651,68839
1730811600,68839,68873,68652,68796
1730815200,68789,70294,68736,69962
1730818800,69959,70048,69214,69600
1730822400,69626,70538,69516,70171
1730826000,70184,70461,69886,69956
1730829600,69956,70250,69737,70229
1730833200,70237,70285,68759,69123
1730836800,68997,69645,68817,69419
1730840400,69471,69612,69082,69086
1730844000,69163,69587,68885,69586
1730847600,69586,69883,69300,69386
1730851200,69396,71465,69284,71118
1730854800,71118,71424,70644,71148
1730858400,71165,73299,70948,73097
1730862000,73133,75080,73106,74348
1730865600,74351,74971,73896,74282
1730869200,74268,74861,73697,74780
1730872800,74776,75397,74240,74280
1730876400,74272,74668,73126,73372
1730880000,73543,73563,72713,73473
1730883600,73490,74090,73473,73800
1730887200,73800,73962,73420,73847
1730890800,73852,74612,73686,74303
1730894400,74306,74801,74214,74215
1730898000,74215,74311,73640,74019
1730901600,74022,74777,73546,73653
1730905200,73671,74559,73552,74372
1730908800,74372,74632,74182,74385
1730912400,74384,74721,74208,74516
1730916000,74508,75356,74461,75324
1730919600,75305,75959,75155,75914
1730923200,75915,76481,75632,76204
1730926800,76190,76255,75751,75980
1730930400,75997,76134,75595,75700
1730934000,75700,75906,75621,75637
1730937600,75638,75706,75143,75402
1730941200,75402,76053,75267,75441
1730944800,75431,75517,75189,75338
1730948400,75296,75414,75062,75101
1730952000,75101,75101,74668,74809
1730955600,74781,74943,74736,74797
1730959200,74798,74846,74479,74796
1730962800,74803,74980,74733,74799
1730966400,74795,75166,74715,75124
1730970000,75152,75170,74879,74963
1730973600,74943,75045,74802,75045
1730977200,75062,75064,74740,74757
1730980800,74793,75143,74769,75021
1730984400,75021,75065,74619,74704
1730988000,74712,75026,74564,74871
1730991600,74871,76140,74737,76140
1730995200,76128,76251,75650,75980
1730998800,75979,76554,75842,76419
1731002400,76372,76780,75928,76683
1731006000,76671,76671,76041,76618
1731009600,76627,76990,76466,76619
1731013200,76638,76741,75968,75969
1731016800,75968,76068,75557,75889
1731020400,75931,76123,75779,75921
1731024000,75918,76415,75903,76074
1731027600,76079,76370,75916,76059
1731031200,76058,76086,75733,75775
1731034800,75775,75969,75665,75969
1731038400,75969,76107,75880,75922
1731042000,75921,76215,75894,76046
1731045600,76058,76080,75901,75936
1731049200,75935,76315,75773,76274
1731052800,76269,76273,75859,75902
1731056400,75920,76142,75860,76031
1731060000,76033,76389,75870,76341
1731063600,76308,76368,76023,76023
1731067200,76018,76245,76017,76149
1731070800,76146,76361,75922,76361
1731074400,76355,76389,75695,75831
1731078000,75812,76636,75701,76491
1731081600,76490,76600,75905,75976
1731085200,75976,76588,75896,76442
1731088800,76442,77081,76418,76919
1731092400,76891,77270,76842,77020
1731096000,77017,77191,76525,76670
1731099600,76683,76804,76446,76532
1731103200,76532,76672,76373,76413
1731106800,76413,76570,76356,76561
1731110400,76560,76681,76428,76491
1731114000,76462,76587,76312,76361
1731117600,76361,76473,76197,76473
1731121200,76471,76489,76286,76403
1731124800,76392,76461,76349,76427
1731128400,76427,76698,76399,76605
1731132000,76586,76821,76469,76549
1731135600,76561,76582,76416,76581
1731139200,76581,76756,76483,76582
1731142800,76582,76673,76549,76598
1731146400,76588,76667,76463,76510
1731150000,76506,76554,76425,76526
1731153600,76526,76581,76327,76355
1731157200,76326,76511,76326,76460
1731160800,76459,76477,76316,76388
1731164400,76388,76440,76334,76350
1731168000,76347,76360,76105,76119
1731171600,76115,76270,75648,76268
1731175200,76269,76422,76235,76404
1731178800,76393,76724,76169,76245
1731182400,76213,76403,76210,76327
1731186000,76330,76500,76253,76491
1731189600,76477,76629,76392,76543
1731193200,76525,76941,76500,76722
1731196800,76707,77116,76554,76942
1731200400,76919,77004,76721,76729
1731204000,76744,77499,76704,77070
1731207600,77071,77679,77025,77270
1731211200,77270,79309,77200,79109
1731214800,79063,79780,78756,79099
1731218400,79099,79266,78678,78946
1731222000,78943,79182,78774,78863
1731225600,78863,79168,78863,79159
1731229200,79159,79529,79145,79416
1731232800,79414,79810,79322,79596
1731236400,79595,80076,79585,79915
1731240000,79882,80116,79323,79694
1731243600,79708,79930,79586,79781
1731247200,79783,80020,79257,79562
1731250800,79571,79824,79455,79751
1731254400,79751,79837,79548,79837
1731258000,79826,80772,79709,80420
1731261600,80423,81100,80418,80607
1731265200,80610,80933,79417,79788
1731268800,79811,79949,78989,78991
1731272400,78994,80045,78532,79951
1731276000,79910,81482,79843,80683
1731279600,80656,80743,80018,80425
1731283200,80426,80840,80280,80612
1731286800,80616,81756,80425,81258
1731290400,81266,81560,81073,81507
1731294000,81506,81888,81020,81686
1731297600,81675,81755,81251,81526
1731301200,81506,81645,80531,80774
1731304800,80792,81307,80664,80969
1731308400,80936,81278,80841,81198
1731312000,81197,81444,81094,81327
1731315600,81293,81849,81241,81783
1731319200,81773,82410,81753,82049
1731322800,82049,82279,81925,82230
1731326400,82206,82500,81843,82251
1731330000,82284,82294,81571,81925
1731333600,81901,82663,81620,82599
1731337200,82601,84390,82480,84200
1731340800,84211,85000,83965,84354
1731344400,84376,84999,84335,84744
1731348000,84741,85958,84322,85958
1731351600,85951,86800,85572,86278
1731355200,86278,87529,86242,87064
1731358800,87066,88480,86872,88033
1731362400,88028,88195,86511,88119
1731366000,88101,89643,88101,88770
1731369600,88771,89081,86729,89080
1731373200,89080,89584,88543,88650
1731376800,88659,88988,87101,87837
1731380400,87821,88331,87625,88199
1731384000,88192,89081,87837,88580
1731387600,88527,88890,88231,88488
1731391200,88485,89909,88271,89691
1731394800,89646,89983,89091,89136
1731398400,89174,89412,88859,89412
1731402000,89408,89475,87755,87755
1731405600,87755,88072,85208,86868
1731409200,86851,87931,86625,87251
1731412800,87259,87913,86305,86422
1731416400,86402,86578,85121,86347
1731420000,86347,87094,85294,87075
1731423600,87060,87565,86222,86707
1731427200,86723,87699,85816,87210
1731430800,87166,87999,87002,87076
1731434400,87078,89052,87057,88958
1731438000,88958,89919,88797,88870
1731441600,88874,90243,88836,89610
1731445200,89668,89869,88253,88309
1731448800,88310,88717,87700,88655
1731452400,88654,88654,87507,88031
1731456000,88038,88562,87713,88172
1731459600,88146,88623,87850,88380
1731463200,88384,88448,87160,87996
1731466800,87996,88251,87198,87232
1731470400,87292,87821,86393,87311
1731474000,87310,87560,86601,86660
1731477600,86689,87067,86263,86586
1731481200,86598,87611,86585,87502
1731484800,87502,87806,87240,87323
1731488400,87342,87655,87218,87524
1731492000,87547,87660,87250,87634
1731495600,87648,88180,87568,87801
1731499200,87787,88124,87643,87802
1731502800,87811,89856,87723,89370
1731506400,89355,91945,88854,91670
1731510000,91656,92897,90608,92762
1731513600,92741,93483,91673,92457
1731517200,92446,92972,91742,92336
1731520800,92379,93274,92170,92955
1731524400,92949,92999,90080,90337
1731528000,90318,91284,89333,89814
1731531600,89784,89873,88060,88629
1731535200,88627,89912,88452,89835
1731538800,89830,90620,89353,90521
1731542400,90498,90626,89794,90255
1731546000,90200,90520,89596,90495
1731549600,90448,90629,89738,90179
1731553200,90165,90284,89627,90032
1731556800,90023,90259,89421,90173
1731560400,90197,90197,89724,90017
1731564000,90017,90343,89349,89378
1731567600,89366,90915,89158,90850
1731571200,90850,91464,90400,90611
1731574800,90610,90968,90428,90955
1731578400,90964,91470,90902,91153
1731582000,91201,91705,90547,91561
1731585600,91558,91657,91016,91299
1731589200,91327,91443,90655,90818
1731592800,90798,91804,88693,88742
1731596400,88753,89667,87881,87955
1731600000,87976,89896,87580,89241
1731603600,89237,89403,88632,89249
1731607200,89266,89816,88972,89156
1731610800,89173,89692,89173,89463
1731614400,89508,89508,87557,87589
1731618000,87588,88292,86885,88200
1731621600,88241,88352,87083,87691
1731625200,87656,87783,86685,87333
1731628800,87298,88436,87252,87903
1731632400,87894,88197,87426,88098
1731636000,88142,88461,87755,88407
1731639600,88393,88493,88158,88257
1731643200,88246,88279,87119,87486
1731646800,87486,87903,87346,87771
1731650400,87770,88216,87622,88210
1731654000,88211,88420,87641,87681
1731657600,87662,88182,87410,88103
1731661200,88106,89357,88035,89209
1731664800,89209,89449,88975,89361
1731668400,89361,89765,89143,89759
1731672000,89759,90699,89619,89783
1731675600,89769,90481,89319,90160
1731679200,90154,90210,88612,89126
1731682800,89126,89138,87766,88451
1731686400,88441,89738,88404,89402
1731690000,89406,89971,89251,89506
1731693600,89499,89830,89226,89409
1731697200,89409,90850,89266,90399
1731700800,90396,91500,90378,91500
1731704400,91500,91892,91120,91750
1731708000,91750,91909,91157,91223
1731711600,91227,91484,90882,91070
1731715200,91069,91357,90886,91059
1731718800,91060,91475,90999,91317
1731722400,91317,91727,91191,91458
1731726000,91464,91634,91124,91314
1731729600,91300,91439,91128,91333
1731733200,91333,91778,91239,91372
1731736800,91373,91511,91245,91265
1731740400,91264,91458,90975,91199
1731744000,91198,91508,91016,91446
1731747600,91447,91470,91260,91276
1731751200,91276,91596,91261,91440
1731754800,91436,91442,91081,91195
1731758400,91203,91328,90575,90917
1731762000,90944,91201,90710,90791
1731765600,90792,91087,90688,91004
1731769200,91003,91043,90100,90565
1731772800,90524,90871,90254,90673
1731776400,90649,91056,90562,90965
1731780000,90960,91420,90892,91353
1731783600,91343,91396,90985,91156
1731787200,91154,91230,90742,90775
1731790800,90818,91127,90761,91046
1731794400,91046,91063,90368,90379
1731798000,90384,90709,90384,90608
1731801600,90643,90917,90627,90844
1731805200,90851,90890,90060,90326
1731808800,90320,90332,89424,90070
1731812400,90070,90286,89833,90286
1731816000,90286,90677,90197,90569
1731819600,90600,90894,90395,90464
1731823200,90465,90763,90385,90658
1731826800,90628,90649,90373,90533
1731830400,90551,91171,90471,90963
1731834000,90965,91429,90965,91300
1731837600,91290,91321,90919,91083
1731841200,91081,91082,90526,90688
1731844800,90684,91166,90628,91062
1731848400,91062,91095,90315,90496
1731852000,90483,90752,89910,90309
1731855600,90315,90568,90118,90263
1731859200,90262,90514,90102,90457
1731862800,90444,90617,90155,90572
1731866400,90578,90616,89843,89943
1731870000,89939,90135,89706,90044
1731873600,90052,90207,89511,89635
1731877200,89633,89714,89006,89165
1731880800,89135,89639,88709,89501
1731884400,89554,89865,89339,89861
1731888000,89865,90102,89652,89959
1731891600,89959,90928,89903,90750
1731895200,90747,90858,90438,90488
1731898800,90489,90675,90320,90675
1731902400,90674,90699,90461,90461
1731906000,90462,90817,90462,90628
1731909600,90627,92068,90627,92037
1731913200,92044,92234,91432,91713
1731916800,91714,92125,91569,91791
1731920400,91791,92208,91661,91723
1731924000,91723,92023,91660,91773
1731927600,91773,91809,90075,90272
1731931200,90285,90772,90108,90530
1731934800,90534,90599,89392,89505
1731938400,89492,91039,89449,90338
1731942000,90315,92624,90294,92320
1731945600,92360,92595,91179,91457
1731949200,91444,92242,90985,91620
1731952800,91637,91717,90156,90426
1731956400,90408,90710,89750,90689
1731960000,90691,92009,90486,91585
1731963600,91585,92088,91244,91386
1731967200,91362,91558,91113,91227
1731970800,91227,91275,90304,90512
1731974400,90514,91255,90407,91073
1731978000,91073,91274,90623,90755
1731981600,90755,91332,90752,91274
1731985200,91319,91576,91218,91472
1731988800,91475,91860,91190,91575
1731992400,91519,91959,91308,91957
1731996000,91958,92159,91660,92024
1731999600,92024,92087,91563,91669
1732003200,91690,91817,91456,91816
1732006800,91817,91967,91232,91757
1732010400,91741,92247,91538,91795
1732014000,91798,91898,91586,91720
1732017600,91715,92565,91715,92516
1732021200,92530,92836,91124,91203
1732024800,91211,92357,91049,91874
1732028400,91876,92545,91571,92466
1732032000,92488,92735,92161,92654
1732035600,92642,93357,92435,92950
1732039200,92951,93975,92830,93749
1732042800,93776,94057,93182,93295
1732046400,93355,93679,92301,92583
1732050000,92572,92856,91925,92315
1732053600,92314,92565,91400,91937
1732057200,91942,92424,91701,92424
1732060800,92434,92545,91976,92187
1732064400,92184,92464,91712,92116
1732068000,92115,92331,91618,91867
1732071600,91868,92275,91407,92157
1732075200,92155,92405,91919,92200
1732078800,92206,92606,91964,92601
1732082400,92602,92734,92442,92471
1732086000,92466,92952,92376,92935
1732089600,92928,93414,92820,93302
1732093200,93291,93742,93063,93208
1732096800,93186,93596,93128,93374
1732100400,93404,93708,92917,93568
1732104000,93600,93832,93428,93621
1732107600,93639,94689,93639,94487
1732111200,94487,94862,93933,94682
1732114800,94718,94942,94187,94852
1732118400,94852,94942,93432,94187
1732122000,94187,94531,93550,94061
1732125600,94082,94415,93266,93805
1732129200,93805,94161,93289,94133
1732132800,94147,94717,93854,94370
1732136400,94374,94609,93941,94470
1732140000,94472,94582,93859,94260
1732143600,94259,94374,93868,94373
1732147200,94374,94990,94289,94840
1732150800,94866,95033,94690,94825
1732154400,94845,94860,94106,94502
1732158000,94502,96000,94502,95899
1732161600,95894,97699,95894,97592
1732165200,97592,97903,96755,97407
1732168800,97418,97457,96859,97073
1732172400,97079,97432,96953,96969
1732176000,96989,97192,96770,97156
1732179600,97140,97707,97096,97650
1732183200,97664,97785,97302,97761
1732186800,97757,98367,97750,97989
1732190400,98003,98250,97344,97351
1732194000,97348,97739,97092,97585
1732197600,97581,97704,96596,97084
1732201200,97069,97151,95639,96698
1732204800,96699,97413,96313,97195
1732208400,97187,98138,96983,98137
1732212000,98138,98500,97760,98400
1732215600,98400,99121,97842,97947
1732219200,97928,98801,97739,98304
1732222800,98259,98308,97671,98087
1732226400,98066,98516,97973,98469
1732230000,98469,98842,98426,98451
1732233600,98451,98623,97956,98087
1732237200,98116,98500,97964,98191
1732240800,98190,98873,98148,98718
1732244400,98718,99388,98540,98963
1732248000,98955,99192,98528,98907
1732251600,98906,99116,98626,98924
1732255200,98904,99177,98769,99117
1732258800,99120,99500,98988,99322
1732262400,99297,99378,98869,98915
1732266000,98915,98953,98492,98799
1732269600,98800,98843,98352,98440
1732273200,98440,98987,98318,98951
1732276800,98951,99025,98599,98736
1732280400,98734,98734,97440,97860
1732284000,97852,98197,97236,97358
1732287600,97366,98930,97267,98821
1732291200,98777,99189,98373,99001
1732294800,99001,99434,98914,98948
1732298400,98959,99376,98868,99312
1732302000,99312,99800,99136,99391
1732305600,99391,99616,99100,99328
1732309200,99321,99437,98931,99414
1732312800,99396,99517,98712,98731
1732316400,98739,99035,98739,99013
1732320000,99010,99015,98683,98783
1732323600,98752,98782,98439,98714
1732327200,98712,98717,98434,98608
1732330800,98607,98919,98525,98801
1732334400,98800,98811,98410,98698
1732338000,98693,98899,98534,98894
1732341600,98895,98931,98716,98839
1732345200,98840,98851,98553,98692
1732348800,98692,98744,98492,98560
1732352400,98560,98658,98372,98559
1732356000,98559,98670,98444,98553
1732359600,98553,98654,98525,98554
1732363200,98556,98741,98542,98739
1732366800,98739,98966,98670,98672
1732370400,98671,98951,98600,98909
1732374000,98910,98954,98600,98600
1732377600,98601,98649,97768,97884
1732381200,97836,98254,97551,98093
1732384800,98074,98219,97819,97992
1732388400,97976,97976,97500,97616
1732392000,97615,97836,97226,97836
1732395600,97837,98115,97673,98081
1732399200,98059,98127,97663,97755
1732402800,97762,97864,97516,97775
1732406400,97765,98109,97759,98026
1732410000,98032,98489,98032,98317
1732413600,98321,98660,98321,98518
1732417200,98515,98559,98200,98291
1732420800,98291,98366,98033,98308
1732424400,98308,98374,98066,98374
1732428000,98374,98481,98187,98460
1732431600,98474,98504,98289,98504
1732435200,98516,98540,98080,98177
1732438800,98207,98314,97962,98058
1732442400,98056,98102,97592,97791
1732446000,97825,97851,97388,97403
1732449600,97403,97530,96538,96968
1732453200,96902,97692,96833,97308
1732456800,97275,97275,96671,97143
1732460400,97115,97166,95972,95972
1732464000,95972,96794,95804,96477
1732467600,96476,96477,95796,95942
1732471200,95898,96608,95845,96607
1732474800,96563,96587,95964,96367
1732478400,96303,96887,96231,96880
1732482000,96878,97052,96654,97049
1732485600,97050,98091,97050,98091
1732489200,98091,98445,97645,98007
1732492800,98021,98150,97659,97956
1732496400,97832,97904,97017,97343
1732500000,97381,97822,97320,97484
1732503600,97512,97978,97486,97978
1732507200,98017,98138,97680,97910
1732510800,97951,98342,97900,98192
1732514400,98192,98483,98167,98200
1732518000,98191,98386,97856,98156
1732521600,98156,98374,97983,98339
1732525200,98323,98966,98301,98599
1732528800,98594,98739,98315,98415
1732532400,98413,98612,98133,98290
1732536000,98290,98402,97950,97988
1732539600,98004,98004,97324,97551
1732543200,97540,97700,95380,95384
1732546800,95443,96504,94600,96015
1732550400,96025,96492,95704,95953
1732554000,95889,95892,94840,95213
1732557600,95228,96033,94835,95107
1732561200,95124,95286,94396,94670
1732564800,94655,95339,94506,94943
1732568400,94893,95198,93562,93672
1732572000,93722,94381,92584,94375
1732575600,94379,94379,92850,93035
1732579200,93006,94342,92768,93796
1732582800,93796,94873,93796,94873
1732586400,94869,94920,94464,94614
1732590000,94594,94733,94274,94508
1732593600,94500,94546,94100,94322
1732597200,94313,94703,94221,94683
1732600800,94683,94999,94498,94537
1732604400,94498,94527,93550,93778
1732608000,93698,93765,92313,93130
1732611600,93144,93741,93080,93583
1732615200,93554,93753,92273,92297
1732618800,92260,92658,91412,92346
1732622400,92310,92661,91769,92140
1732626000,92140,92867,91882,92146
1732629600,92167,93528,91690,93284
1732633200,93284,93558,92352,92857
1732636800,92845,94726,92732,94101
1732640400,94072,94072,93465,93586
1732644000,93606,93622,92003,92137
1732647600,92130,92652,91591,91687
1732651200,91615,92012,90742,91080
1732654800,90988,91871,90797,91657
1732658400,91682,92324,91503,91801
1732662000,91750,92000,91579,91928
1732665600,91929,92385,91760,91901
1732669200,91850,92767,91846,92731
1732672800,92746,93006,92282,92953
1732676400,92867,92906,92526,92576
1732680000,92583,93166,92494,92559
1732683600,92562,92779,92346,92747
1732687200,92755,93360,92755,93064
1732690800,93052,93613,93005,93581
1732694400,93594,93595,93259,93446
1732698000,93478,93483,93125,93400
1732701600,93405,93896,93351,93830
1732705200,93834,93844,93349,93377
1732708800,93373,93494,92857,93494
1732712400,93494,94260,93431,94260
1732716000,94270,94928,94135,94897
1732719600,94887,95938,94364,95686
1732723200,95658,96435,95277,95790
1732726800,95776,96396,95400,96356
1732730400,96370,96631,96124,96229
1732734000,96273,96779,96027,96779
1732737600,96774,97353,96455,96610
1732741200,96658,96737,96222,96423
1732744800,96414,96644,96157,96157
1732748400,96183,96252,95857,95978
1732752000,95945,96658,95846,96658
1732755600,96638,96638,96199,96362
1732759200,96389,96539,95728,95779
1732762800,95780,95861,94939,95582
1732766400,95610,95902,95437,95839
1732770000,95827,95988,95450,95536
1732773600,95528,95743,95170,95544
1732777200,95592,95800,95264,95348
1732780800,95352,95646,95147,95481
1732784400,95462,95548,94999,94999
1732788000,94999,95170,94670,95015
1732791600,94984,95788,94801,95501
1732795200,95495,95686,95250,95509
1732798800,95527,95809,95090,95753
1732802400,95735,96226,95406,95421
1732806000,95431,95545,94921,95019
1732809600,95025,95330,94870,94994
1732813200,95001,95262,94862,94888
1732816800,94892,95330,94880,95316
1732820400,95309,95443,95067,95131
1732824000,95133,95147,94725,94835
1732827600,94835,95181,94835,95137
1732831200,95138,95690,95035,95670
1732834800,95675,96022,95564,95661
1732838400,95670,95845,95410,95535
1732842000,95502,95984,95435,95925
1732845600,95958,96869,95934,96768
1732849200,96830,96830,96473,96589
1732852800,96636,96637,96277,96285
1732856400,96283,96543,96203,96203
1732860000,96204,96393,96050,96280
1732863600,96280,96423,95630,95630
1732867200,95639,96000,95639,95992
1732870800,95998,96468,95881,96384
1732874400,96412,96887,96312,96886
1732878000,96885,97398,96581,97293
1732881600,97295,97539,96933,96961
1732885200,96948,97283,96817,97258
1732888800,97269,98130,96944,98106
1732892400,98092,98745,97809,98141
1732896000,98153,98566,97846,97881
1732899600,97914,97927,97034,97060
1732903200,97059,97453,96945,97251
1732906800,97278,97542,96975,97448
1732910400,97437,97706,97300,97408
1732914000,97413,97531,97090,97447
1732917600,97466,97540,97309,97369
1732921200,97339,97527,97177,97512
1732924800,97510,97510,97003,97072
1732928400,96991,96997,96480,96480
1732932000,96475,96740,96375,96613
1732935600,96646,96724,96433,96677
1732939200,96659,96761,96584,96761
1732942800,96761,97221,96700,97152
1732946400,97153,97259,96666,96670
1732950000,96692,96945,96620,96823
1732953600,96823,97003,96742,96988
1732957200,96963,96966,96655,96812
1732960800,96811,96846,96161,96174
1732964400,96160,96491,96112,96290
1732968000,96304,96596,96304,96577
1732971600,96596,96712,96469,96469
1732975200,96457,96747,96365,96509
1732978800,96506,96770,96458,96691
1732982400,96675,96980,96564,96920
1732986000,96945,97003,96816,96833
1732989600,96838,97049,96810,97001
1732993200,97011,97094,96919,97065
1732996800,97063,97096,96888,97033
1733000400,97019,97037,96818,96824
1733004000,96828,96856,96406,96519
1733007600,96526,96631,96388,96441
1733011200,96471,96700,96321,96370
1733014800,96396,96537,96115,96169
1733018400,96153,96434,95758,95838
1733022000,95832,96480,95832,96362
1733025600,96368,96531,96240,96531
1733029200,96535,96561,96330,96362
1733032800,96364,96536,96342,96383
1733036400,96386,96550,96354,96530
1733040000,96530,97196,96483,97096
1733043600,97103,97133,96921,97085
1733047200,97075,97091,96618,96868
1733050800,96878,97201,96878,97176
1733054400,97171,97184,96863,96863
1733058000,96863,97458,96747,97147
1733061600,97146,97399,97049,97375
1733065200,97365,97390,97038,97104
1733068800,97105,97407,97069,97261
1733072400,97272,97374,97117,97370
1733076000,97380,97575,97165,97189
1733079600,97188,97369,97026,97250
1733083200,97249,97269,96863,97151
1733086800,97150,97829,97100,97829
1733090400,97830,97880,97446,97586
1733094000,97616,97815,97249,97291
1733097600,97260,97650,97143,97551
1733101200,97495,98200,97488,98067
1733104800,98061,98115,97540,97707
1733108400,97700,97725,96457,96541
1733112000,96542,96867,96098,96768
1733115600,96754,96957,96403,96403
1733119200,96399,96445,96203,96328
1733122800,96352,96516,95824,96050
1733126400,96038,96160,94942,95105
1733130000,95113,95567,94999,95537
1733133600,95532,95532,94712,94992
1733137200,94968,95330,94873,95143
1733140800,95108,95396,94807,94989
1733144400,95011,95810,94849,95710
1733148000,95711,96850,95531,96393
1733151600,96407,97271,95812,97186
1733155200,97112,97423,96064,96204
1733158800,96218,96631,94403,94626
1733162400,94623,95869,94516,95672
1733166000,95662,95846,95186,95844
1733169600,95827,96352,95501,95685
1733173200,95690,95745,95375,95417
1733176800,95408,95557,95119,95404
1733180400,95398,95874,95354,95859
1733184000,95858,96121,95707,95831
1733187600,95834,95952,95438,95542
1733191200,95541,96301,95421,96032
1733194800,96042,96224,95915,96099
1733198400,96096,96235,95914,95934
1733202000,95933,96173,95883,96173
1733205600,96190,96248,95561,95658
1733209200,95658,95740,95295,95592
1733212800,95556,95683,95315,95535
1733216400,95552,95560,95181,95278
1733220000,95276,95484,94737,94739
1733223600,94737,95033,94649,95005
1733227200,94996,94996,94714,94829
1733230800,94825,94875,93730,93730
1733234400,93730,95449,93590,95231
1733238000,95222,96281,95131,95729
1733241600,95728,96201,94927,95139
1733245200,95148,95932,94914,95860
1733248800,95849,95849,95289,95497
1733252400,95495,95502,94977,95446
1733256000,95450,95747,95302,95687
1733259600,95686,96174,95639,96089
1733263200,96104,96179,95751,96148
1733266800,96166,96180,95885,95926
1733270400,95926,96076,95441,95813
1733274000,95813,96680,95560,96300
1733277600,96300,96302,95322,95868
1733281200,95831,95949,95636,95836
1733284800,95830,96058,95774,96058
1733288400,96065,96571,96061,96554
1733292000,96559,96768,96350,96599
1733295600,96614,96752,96473,96657
1733299200,96657,96883,96596,96754
1733302800,96753,97003,96738,96869
1733306400,96880,96908,96504,96581
1733310000,96579,96579,96250,96253
1733313600,96253,96331,95744,96036
1733317200,96023,96053,95401,95708
1733320800,95700,96620,95524,95915
1733324400,95914,96491,95514,95862
1733328000,95867,95935,94661,94899
1733331600,94852,95628,94756,95611
1733335200,95611,96344,95536,96267
1733338800,96216,97422,96168,97422
1733342400,97381,99250,97296,99023
1733346000,99025,99165,97651,97877
1733349600,97877,98742,97727,98351
1733353200,98353,99163,98353,98773
1733356800,98751,98975,98398,98486
1733360400,98446,98788,98070,98326
1733364000,98296,101627,98263,101288
1733367600,101321,103521,101310,103028
1733371200,103043,103620,102557,103401
1733374800,103400,103538,101907,102561
1733378400,102561,102749,101222,101938
1733382000,101938,102638,101388,102300
1733385600,102297,102995,102297,102866
1733389200,102867,103235,102644,102756
1733392800,102777,102999,102341,102352
1733396400,102353,102763,102313,102644
1733400000,102644,103387,102518,102933
1733403600,102933,103337,102795,102831
1733407200,102831,103639,102360,103590
1733410800,103611,103647,101054,101397
1733414400,101381,102103,100671,101144
1733418000,101115,101446,100608,101364
1733421600,101365,101556,100232,100240
1733425200,100232,100987,98641,99057
1733428800,99051,99439,97917,99149
1733432400,99142,99577,98931,99010
1733436000,99010,99143,92092,96810
1733439600,96780,97575,95593,97057
1733443200,96968,97830,96463,97587
1733446800,97612,98836,97184,98176
1733450400,98154,98175,97550,97550
1733454000,97543,97787,97261,97682
1733457600,97780,98009,97452,97934
1733461200,97899,98314,97697,97973
1733464800,97973,98316,97818,98136
1733468400,98140,98330,97856,98211
1733472000,98218,98771,98119,98422
1733475600,98422,98519,98033,98101
1733479200,98101,98245,97614,98219
1733482800,98219,98398,97891,98153
1733486400,98162,98469,97650,97737
1733490000,97718,99000,97602,98673
1733493600,98684,99580,98468,99579
1733497200,99573,99597,98694,99406
1733500800,99429,99623,98892,99139
1733504400,99138,101350,99009,100996
1733508000,101004,101895,100730,101510
1733511600,101524,101959,101369,101599
1733515200,101642,102098,101251,101558
1733518800,101558,101643,100508,100578
1733522400,100579,100876,100518,100662
1733526000,100662,100744,99304,99898
1733529600,99898,100544,99713,100447
1733533200,100407,100575,100242,100324
1733544000,99731,99814,99466,99658
1733547600,99631,99779,99121,99327
1733551200,99274,99528,99234,99455
1733554800,99470,99629,99292,99560
1733558400,99541,99693,99438,99558
1733562000,99551,99945,99551,99782
1733565600,99801,99816,99548,99636
1733569200,99653,99849,99527,99730
1733572800,99748,99818,99538,99551
1733576400,99577,99604,99443,99466
1733580000,99453,99861,99168,99584
1733583600,99466,99885,99454,99864
1733587200,99855,99880,99612,99692
1733590800,99717,99815,99561,99690
1733594400,99712,100347,99712,100233
1733598000,100275,100352,100039,100161
1733601600,100200,100454,100179,100397
1733605200,100405,100505,99814,99976
1733608800,99999,100125,99717,99717
1733612400,99707,100329,99707,99929
1733616000,99969,100052,99741,100052
1733619600,100053,100197,99805,99936
1733623200,99924,100402,99850,100200
1733626800,100290,100376,100017,100017
1733630400,100077,100085,99800,99839
1733634000,99843,99871,99460,99571
1733637600,99643,99849,99440,99751
1733641200,99714,99910,99704,99782
1733644800,99750,99750,99049,99053
1733648400,99049,99358,98752,98965
1733652000,98981,99430,98981,99369
1733655600,99313,99873,99210,99762
1733659200,99762,100241,99545,99993
1733662800,99992,100543,99897,100491
1733666400,100463,100472,99801,99802
1733670000,99802,100017,99440,99971
1733673600,99972,100173,99790,99884
1733677200,99884,100041,99704,100002
1733680800,100017,100053,99649,99704
1733684400,99702,100209,99539,100130
1733688000,100177,100201,99853,99853
1733691600,99856,100113,99789,100099
1733695200,100086,100317,99946,100296
1733698800,100286,101407,100165,101204
1733702400,101188,101271,99420,99687
1733706000,99709,99898,99470,99623
1733709600,99599,99782,99097,99244
1733713200,99220,99407,98528,99162
1733716800,99163,99500,98867,99442
1733720400,99473,99586,99397,99488
1733724000,99487,99507,98904,99117
1733727600,99112,99748,98386,99622
1733731200,99614,99708,98848,98958
1733734800,98922,99103,98423,98423
1733738400,98423,98769,98273,98710
1733742000,98709,98710,98033,98066
1733745600,98043,98587,97931,98575
1733749200,98575,99168,98216,98986
1733752800,98968,100413,98863,100202
1733756400,100365,100438,97493,97822
1733760000,97714,98340,97447,97812
1733763600,97806,98202,97341,97341
1733767200,97341,98236,97333,97785
1733770800,97679,97720,96933,96986
1733774400,97012,97278,96088,96241
1733778000,96205,97551,94249,96953
1733781600,96893,97399,94500,97033
1733785200,97022,97540,96749,97468
1733788800,97318,98159,97040,97904
1733792400,97904,98108,97563,98001
1733796000,97998,97998,96687,96802
1733799600,96703,97009,95638,96796
1733803200,96843,97170,95957,97074
1733806800,97053,97053,96585,96974
1733810400,96981,97528,96857,97482
1733814000,97528,97528,96932,97210
1733817600,97212,97519,97014,97432
1733821200,97450,97745,97264,97515
1733824800,97556,97891,97556,97739
1733828400,97735,97962,97492,97815
1733832000,97794,97895,96911,97179
1733835600,97198,97939,97174,97767
1733839200,97794,98300,97200,97858
1733842800,97877,98147,95685,95703
1733846400,95722,96516,94578,96327
1733850000,96322,96350,94425,94582
1733853600,94519,95540,94306,95110
1733857200,95104,96165,94990,95933
1733860800,95904,96736,95661,96512
1733864400,96516,97245,96445,96824
1733868000,96900,97168,96651,96966
1733871600,96988,97174,96516,96648
1733875200,96658,96905,95900,96464
1733878800,96457,96685,95725,95725
1733882400,95826,97496,95753,97275
1733886000,97289,97666,97169,97445
1733889600,97434,97621,97261,97580
1733893200,97613,97710,97357,97526
1733896800,97491,97776,97448,97716
1733900400,97738,97804,97306,97446
1733904000,97379,98491,97352,98165
1733907600,98155,98174,97800,98001
1733911200,98028,98221,98028,98220
1733914800,98221,98469,98168,98321
1733918400,98349,98528,98221,98302
1733922000,98295,98895,98147,98776
1733925600,98763,99605,98433,99569
1733929200,99609,100841,99491,100484
1733932800,100497,101160,100414,100687
1733936400,100656,101097,99777,99857
1733940000,99886,100874,99713,100486
1733943600,100502,101253,100486,101248
1733947200,101253,101797,101152,101388
1733950800,101288,101631,100970,101622
1733954400,101644,101961,101254,101291
1733958000,101375,101574,101163,101201
1733961600,101238,101278,100667,100838
1733965200,100866,100903,100438,100577
1733968800,100655,101921,100655,101910
1733972400,101852,101852,100897,101045
1733976000,101117,101241,100650,100730
1733979600,100738,101127,100667,100667
1733983200,100667,100742,100462,100639
1733986800,100622,100860,100524,100525
1733990400,100532,101054,100503,101023
1733994000,101022,101130,100832,100924
1733997600,100762,100785,100534,100624
1734001200,100636,100678,100215,100366
1734004800,100422,100945,100409,100853
1734008400,100892,101564,100610,100945
1734012000,100958,101747,100669,101747
1734015600,101747,101900,100764,101863
1734019200,101887,102582,101515,101516
1734022800,101500,101739,101297,101613
1734026400,101647,101705,100862,100877
1734030000,100909,101036,99309,99482
1734033600,99472,100408,99472,100032
1734037200,100036,100146,99733,99884
1734040800,99798,100498,99553,100497
1734044400,100496,100496,99916,100068
1734048000,99998,100364,99982,100102
1734051600,100075,100152,99264,99359
1734055200,99362,99645,99250,99509
1734058800,99541,99800,99541,99747
1734062400,99762,100065,99720,99999
1734066000,100016,100173,99909,99909
1734069600,99952,100092,99730,99730
1734073200,99729,100245,99534,100149
1734076800,100157,100365,99926,100293
1734080400,100290,100335,99933,100119
1734084000,100124,100558,99943,100530
1734087600,100484,100767,100341,100378
1734091200,100384,100457,100150,100302
1734094800,100315,100509,99951,100247
1734098400,100283,101042,100229,101042
1734102000,101050,101393,99750,99937
1734105600,99879,101253,99822,101015
1734109200,100958,101795,100800,101764
1734112800,101767,101918,101334,101569
1734116400,101520,101612,101225,101493
1734120000,101488,101884,101262,101682
1734123600,101712,101712,101303,101377
1734127200,101329,101427,101048,101275
1734130800,101268,101516,101149,101435
1734134400,101433,101528,101172,101212
1734138000,101324,102643,101324,102186
1734141600,102196,102285,101711,102025
1734145200,102061,102359,102058,102099
1734148800,102098,102155,101626,101688
1734152400,101683,101834,101651,101710
1734156000,101731,102007,101692,101907
1734159600,101918,101927,101646,101836
1734163200,101836,101872,101606,101838
1734166800,101800,101800,101500,101557
1734170400,101557,101587,101346,101549
1734174000,101549,101687,101467,101586
1734177600,101566,101637,101261,101278
1734181200,101281,101407,100846,101191
1734184800,101214,101527,101214,101464
1734188400,101432,101736,101376,101622
1734192000,101621,101647,101443,101605
1734195600,101648,101711,100900,100990
1734199200,100989,101158,100845,100863
1734202800,100870,101337,100870,101323
1734206400,101325,101404,100643,100756
1734210000,100782,101163,100782,101091
1734213600,101067,101252,100912,101140
1734217200,101111,101455,101051,101382
1734220800,101408,101528,101243,101440
1734224400,101440,102151,101411,102123
1734228000,102095,102095,101760,101802
1734231600,101823,101906,101720,101730
1734235200,101728,102800,101728,102305
1734238800,102360,102457,102068,102113
1734242400,102114,102116,101760,101760
1734246000,101761,101891,101544,101745
1734249600,101722,101994,101618,101994
1734253200,101985,102236,101920,102236
1734256800,102236,102409,102144,102290
1734260400,102252,102651,102207,102651
1734264000,102636,103290,102500,102804
1734267600,102880,102910,102447,102788
1734271200,102750,103011,102633,102948
1734274800,102945,102976,102688,102688
1734278400,102656,103414,102570,103076
1734282000,103086,103308,102951,103143
1734285600,103114,103322,102976,103159
1734289200,103160,103397,103147,103241
1734292800,103241,103368,103080,103138
1734296400,103162,103162,102631,102845
1734300000,102830,103350,102618,103253
1734303600,103251,105149,103219,104427
1734307200,104476,106533,104293,105387
1734310800,105365,105639,104935,105501
1734314400,105517,105600,104439,104546
1734318000,104575,104950,104269,104556
1734321600,104570,104769,104449,104656
1734325200,104656,105071,104480,105013
1734328800,105016,105314,104974,105109
1734332400,105101,105362,104926,104956
1734336000,104954,104985,104430,104506
1734339600,104519,104898,104481,104658
1734343200,104656,104694,104337,104640
1734346800,104640,104796,103621,103716
1734350400,103716,104082,103322,103615
1734354000,103605,104130,103430,103874
1734357600,103859,105972,103844,105410
1734361200,105512,106495,105265,106371
1734364800,106330,107144,106170,106852
1734368400,106832,107212,106721,107102
1734372000,107099,107821,106930,107067
1734375600,107125,107129,105820,106639
1734379200,106639,106650,105845,105845
1734382800,105867,106280,105724,106086
1734386400,106082,106313,105769,105854
1734390000,105854,106098,105526,106073
1734393600,106109,106288,105736,106045
1734397200,105861,106469,105788,106409
1734400800,106411,106607,106224,106293
1734404400,106314,106983,106314,106895
1734408000,106888,106888,106444,106516
1734411600,106508,106830,106459,106820
1734415200,106824,106856,106395,106541
1734418800,106511,107123,106477,106841
1734422400,106844,107509,106776,107387
1734426000,107387,107466,107128,107307
1734429600,107294,107321,106956,107211
1734433200,107211,107324,106746,106844
1734436800,106800,107161,106559,107139
1734440400,107138,107599,106987,107327
1734444000,107295,108364,107089,108276
1734447600,108293,108293,105731,106483
1734451200,106485,107081,106161,107058
1734454800,107066,107625,106719,107545
1734458400,107544,107664,106429,106537
1734462000,106652,107006,106223,106479
1734465600,106464,106879,106151,106713
1734469200,106717,106795,106252,106490
1734472800,106314,106394,105363,105976
1734476400,105975,106341,105559,106187
1734480000,106214,106476,105664,106110
1734483600,106110,106523,104983,105428
1734487200,105332,105642,105087,105321
1734490800,105212,105251,104588,104852
1734494400,104708,104708,103590,103880
1734498000,103743,104118,103287,103536
1734501600,103535,103969,103173,103743
1734505200,103769,104294,103754,104242
1734508800,104242,104352,103733,103797
1734512400,103834,104382,103806,104023
1734516000,104026,104638,103959,104511
1734519600,104506,105010,104496,105010
1734523200,104992,105330,104684,104894
1734526800,104897,105216,104532,104532
1734530400,104572,104853,103895,104024
1734534000,104005,104532,103635,104411
1734537600,104425,104448,103397,104174
1734541200,104159,104808,103849,104663
1734544800,104634,104972,104133,104769
1734548400,104736,104774,102759,102829
1734552000,102768,102918,100227,100761
1734555600,100758,101887,100400,100961
1734559200,100911,101462,100588,101128
1734562800,101143,101143,99997,100153
1734566400,100133,100928,100133,100719
1734570000,100753,100833,99537,99659
1734573600,99667,100436,98695,100436
1734577200,100443,101221,100396,101118
1734580800,101103,101165,100590,100604
1734584400,100621,101507,100621,101244
1734588000,101239,101321,100958,101181
1734591600,101126,101675,101077,101611
1734595200,101598,101772,101333,101616
1734598800,101616,101833,101507,101735
1734602400,101756,102557,101703,102408
1734606000,102396,102450,102164,102385
1734609600,102385,102483,101848,101920
1734613200,101920,102139,101627,101921
1734616800,101932,102747,100712,100816
1734620400,100898,100990,99433,100609
1734624000,100571,101114,99801,100663
1734627600,100641,100641,97341,98821
1734631200,98700,98885,96782,98822
1734634800,98821,98945,96160,97080
1734638400,97087,97171,95537,96290
1734642000,96359,97939,95722,97323
1734645600,97290,98315,97163,98187
1734649200,98296,98296,97371,97375
1734652800,97416,97701,96582,97162
1734656400,97192,97426,96076,96145
1734660000,96157,97594,95895,97496
1734663600,97515,97674,96884,97002
1734667200,97014,97727,96769,97216
1734670800,97274,97381,96619,96707
1734674400,96637,97212,96330,97151
1734678000,97171,98123,97171,97655
1734681600,97690,97755,95214,95298
1734685200,95356,95590,94596,94698
1734688800,94715,94932,93887,94203
1734692400,94230,94489,92502,92600
1734696000,92654,94146,92118,93831
1734699600,93795,95696,93475,95114
1734703200,95113,96111,94661,95520
1734706800,95541,97493,95526,96926
1734710400,96929,97646,96292,96665
1734714000,96478,97329,96406,97164
1734717600,97176,97290,96596,96976
1734721200,96944,97726,96832,97065
1734724800,97103,97209,96354,96388
1734728400,96392,96578,95395,96561
1734732000,96562,97446,96429,97407
1734735600,97403,97760,97360,97760
1734739200,97745,97787,97176,97564
1734742800,97462,97628,97176,97358
1734746400,97298,97570,97175,97369
1734750000,97374,97440,97224,97440
1734753600,97496,97565,97353,97565
1734757200,97511,98622,97487,98622
1734760800,98622,98777,98304,98682
1734764400,98674,99514,98441,98995
1734768000,99053,99146,98451,98629
1734771600,98628,98655,98292,98543
1734775200,98539,98611,98033,98101
1734778800,98106,98362,97787,98240
1734782400,98236,98236,97096,97102
1734786000,97132,97434,96399,97423
1734789600,97411,97715,97050,97056
1734793200,97094,97680,97061,97473
1734796800,97490,97676,96922,97241
1734800400,97259,97654,97050,97564
1734804000,97571,97684,97254,97356
1734807600,97353,97353,96782,97228
1734811200,97219,97988,97190,97424
1734814800,97425,97522,96527,96834
1734818400,96888,97320,96596,97101
1734822000,97042,97249,96863,97211
1734825600,97245,97376,96996,97200
1734829200,97184,97356,96689,96999
1734832800,96990,97132,96585,96632
1734836400,96670,97242,96521,96921
1734840000,96907,96987,96034,96034
1734843600,96027,96353,95839,96086
1734847200,96121,96681,96074,96681
1734850800,96686,96759,96042,96070
1734854400,96269,96610,96216,96462
1734858000,96462,97147,96257,96885
1734861600,96915,97248,96796,96907
1734865200,96907,97259,96842,97045
1734868800,97018,97211,96781,96980
1734872400,96942,97187,96790,96913
1734876000,96907,96995,95238,95238
1734879600,95303,95572,95081,95304
1734883200,95302,95788,95162,95634
1734886800,95652,95777,95433,95552
1734890400,95582,96342,95350,95879
1734894000,95902,96087,94623,94692
1734897600,94751,95507,94335,95491
1734901200,95460,95628,95010,95119
1734904800,95147,95523,94200,95426
1734908400,95424,95725,94953,95098
1734912000,95100,95304,94273,94319
1734915600,94292,94993,93702,94373
1734919200,94386,94637,93639,94615
1734922800,94605,95915,94514,95914
1734926400,95888,96376,95570,95743
1734930000,95735,95884,95280,95525
1734933600,95552,95573,94650,94711
1734937200,94748,95467,94748,95287
1734940800,95258,95456,94945,95448
1734944400,95437,96053,95397,95924
1734948000,95929,96330,95874,96302
1734951600,96280,96420,95741,95811
1734955200,95829,96295,95745,96188
1734958800,96187,96220,94739,94759
1734962400,94821,95490,93607,94274
1734966000,94256,94309,92995,93104
1734969600,93130,94113,92808,93844
1734973200,93842,93993,93107,93266
1734976800,93252,93615,92558,92654
1734980400,92594,93575,92560,92924
1734984000,92890,93371,92389,93064
1734987600,93143,94147,93118,93832
1734991200,93832,95056,93775,95056
1734994800,95056,95358,94541,94750
1734998400,94750,94750,94050,94458
1735002000,94436,94529,93943,93978
1735005600,94004,94199,93461,93789
1735009200,93841,94260,93698,94211
1735012800,94242,94342,93933,94265
1735016400,94341,94510,94180,94495
1735020000,94459,94472,93731,93803
1735023600,93816,94150,93697,94088
1735027200,94100,94500,94000,94381
1735030800,94371,94397,93831,93987
1735034400,93986,93990,93730,93829
1735038000,93861,94282,93794,94281
1735041600,94268,94276,93933,94176
1735045200,94174,95972,94147,95972
1735048800,95972,97421,95755,97381
1735052400,97381,98200,97187,98200
1735056000,98200,98614,97915,98477
1735059600,98457,98978,98281,98923
1735063200,98746,99419,98367,98579
1735066800,98555,98670,97519,97562
1735070400,97577,97988,97236,97263
1735074000,97224,98381,97224,98325
1735077600,98346,98995,98276,98704
1735081200,98738,98957,98439,98596
1735084800,98637,98768,98372,98372
1735088400,98383,98527,97862,97911
1735092000,97911,98275,97676,98075
1735095600,98053,98207,97880,97962
1735099200,97942,98259,97811,98158
1735102800,98162,98264,98082,98231
1735106400,98162,98482,97816,97824
1735110000,97820,98293,97816,98018
1735113600,98014,98179,97859,98003
1735117200,98012,98184,97929,98098
1735120800,98106,99258,98098,98288
1735124400,98386,98776,97750,97837
1735128000,97899,98543,97576,98121
1735131600,98095,98527,98051,98381
1735135200,98372,98741,98195,98626
1735138800,98649,98649,98138,98413
1735142400,98445,98524,98068,98328
1735146000,98323,98565,98102,98474
1735149600,98461,98866,98458,98627
1735153200,98666,99180,98652,98929
1735156800,98951,99288,98824,99056
1735160400,99153,99454,98305,98401
1735164000,98437,99014,98368,98721
1735167600,98732,99478,98732,99374
1735171200,99357,99881,98897,98954
1735174800,98996,99156,98544,98990
1735178400,98978,99101,98422,98666
1735182000,98717,99026,98511,98935
1735185600,98903,98903,98191,98221
1735189200,98207,98361,98015,98317
1735192800,98299,98354,97950,98017
1735196400,98022,98196,97650,97674
1735200000,97673,97699,95559,95810
1735203600,95726,95883,95300,95320
1735207200,95320,95637,95111,95383
1735210800,95421,95904,95402,95584
1735214400,95532,95770,95364,95594
1735218000,95584,95659,95193,95610
1735221600,95580,96157,95135,95360
1735225200,95348,96113,95192,95982
1735228800,95953,96566,95669,96441
1735232400,96408,96471,95619,95725
1735236000,95787,95893,95402,95663
1735239600,95657,96103,95354,96033
1735243200,96013,96039,95279,95493
1735246800,95509,95808,95215,95673
1735250400,95710,95851,95525,95703
1735254000,95699,95748,95295,95687
1735257600,95666,95788,95295,95652
1735261200,95664,96098,95481,95780
1735264800,95757,96281,95616,95895
1735268400,95984,96305,95867,96305
1735272000,96306,96450,96115,96165
1735275600,96171,96205,95884,96133
1735279200,96196,96739,96002,96479
1735282800,96485,96485,94570,94988
1735286400,95003,96261,94986,95627
1735290000,95603,97337,95553,96669
1735293600,96692,96800,96095,96481
1735297200,96481,96841,96277,96841
1735300800,96829,96923,96505,96556
1735304400,96552,96558,96167,96288
1735308000,96301,96382,95078,95563
1735311600,95558,95574,93833,94437
1735315200,94428,94839,93967,94000
1735318800,94008,94281,93282,94159
1735322400,94158,94612,94083,94432
1735326000,94382,94646,94110,94593
1735329600,94605,94607,94183,94438
1735333200,94449,94680,94283,94404
1735336800,94398,94523,94091,94306
1735340400,94303,94414,93922,94168
1735344000,94159,94385,94118,94264
1735347600,94271,94462,94026,94428
1735351200,94388,94476,94155,94199
1735354800,94250,94555,94246,94440
1735358400,94465,94496,94363,94384
1735362000,94406,94623,94405,94464
1735365600,94492,94576,94272,94323
1735369200,94345,94476,94181,94231
1735372800,94236,94376,94170,94328
1735376400,94325,94532,94325,94455
1735380000,94455,94668,94352,94472
1735383600,94477,94709,94469,94611
1735387200,94645,94721,94464,94464
1735390800,94464,94597,94358,94532
1735394400,94514,95146,94272,94424
1735398000,94427,94634,94127,94293
1735401600,94315,94737,94236,94712
1735405200,94703,95067,94667,94866
1735408800,94867,94941,94578,94680
1735412400,94705,94953,94684,94863
1735416000,94871,94963,94700,94910
1735419600,94916,95032,94783,94998
1735423200,94998,95529,94868,95166
1735426800,95158,95243,94972,95139
1735430400,95119,95119,94900,94977
1735434000,94981,95046,94681,94700
1735437600,94700,95021,94694,94972
1735441200,94991,95041,94829,95006
1735444800,94996,95090,94900,94911
1735448400,94960,95034,94901,94973
1735452000,94962,95056,94829,95017
1735455600,95015,95101,94919,95101
1735459200,95101,95124,94916,94967
1735462800,94966,95052,94894,95034
1735466400,95006,95090,94945,95013
1735470000,95017,95035,94885,94886
1735473600,94885,94989,94759,94760
1735477200,94760,94851,94634,94781
1735480800,94768,95056,93899,94455
1735484400,94457,94610,94273,94351
1735488000,94352,94408,93453,93743
1735491600,93740,93944,93637,93790
1735495200,93793,93793,93451,93492
1735498800,93492,93703,93237,93431
1735502400,93443,93682,93193,93673
1735506000,93625,93757,93019,93236
1735509600,93219,93573,92929,92935
1735513200,92970,93692,92868,93557
1735516800,93564,93708,93338,93373
1735520400,93403,94046,93200,93709
1735524000,93750,93766,93259,93737
1735527600,93706,93854,93462,93522
1735531200,93503,93747,93100,93110
1735534800,93091,93365,93045,93359
1735538400,93380,93820,93329,93680
1735542000,93698,93744,93158,93579
1735545600,93555,93764,93543,93675
1735549200,93673,93832,93509,93722
1735552800,93715,93876,93557,93653
1735556400,93653,93776,93313,93750
1735560000,93754,94091,93607,93610
1735563600,93608,93685,92407,92504
1735567200,92494,92945,91625,91642
1735570800,91664,92247,91315,91929
1735574400,91933,92036,91635,91950
1735578000,91954,94053,91800,93715
1735581600,93702,94580,93417,94456
1735585200,94403,94520,93819,94254
1735588800,94303,94891,94198,94198
1735592400,94195,94244,91778,91919
1735596000,91923,92846,91795,92622
1735599600,92575,92708,92203,92628
1735603200,92637,92711,92216,92255
1735606800,92331,92408,91900,92269
1735610400,92255,92518,92131,92332
1735614000,92351,92452,92082,92342
1735617600,92376,92634,92233,92314
1735621200,92296,92582,92245,92475
1735624800,92473,92885,92463,92649
1735628400,92684,92793,92645,92713
1735632000,92723,94532,92711,93782
1735635600,93774,94007,93683,93861
1735639200,93859,94114,93526,93966
1735642800,94003,94125,93850,94088
1735646400,94088,94782,94088,94426
1735650000,94411,95880,94385,95444
1735653600,95485,96117,95284,95532
1735657200,95523,95835,94828,95285
1735660800,95322,95453,94487,94679
1735664400,94697,94814,93081,93981
1735668000,93941,94240,93665,93758
1735671600,93760,94158,93600,94008
1735675200,94025,94059,93300,93415
1735678800,93386,93777,93336,93682
1735682400,93703,93703,93227,93294
1735686000,93300,93582,93237,93381
1735689600,93347,94272,93318,94211
1735693200,94188,94188,93416,93421
1735696800,93421,93893,93416,93858
1735700400,93823,93825,93533,93629
1735704000,93629,93629,93338,93355
1735707600,93355,93668,93345,93565
1735711200,93572,93573,93355,93542
1735714800,93551,93591,93441,93475
1735718400,93495,93541,93126,93251
1735722000,93245,93300,92768,93219
1735725600,93185,93349,93091,93106
1735729200,93133,93483,93007,93278
1735732800,93261,93753,93204,93623
1735736400,93615,93843,93415,93843
1735740000,93824,94229,93494,93978
1735743600,93979,94281,93718,94240
1735747200,94213,94265,93730,93901
1735750800,93902,93976,93562,93939
1735754400,93956,94154,93746,94144
1735758000,94127,94600,93922,94419
1735761600,94423,94657,94398,94597
1735765200,94625,94951,94488,94757
1735768800,94787,94787,94493,94608
1735772400,94607,94737,94357,94388
1735776000,94380,95170,94205,94900
1735779600,94946,95300,94551,94680
1735783200,94682,95016,94646,95016
1735786800,95073,95078,94731,94833
1735790400,94836,95811,94819,95509
1735794000,95526,95628,95250,95421
1735797600,95424,95524,95229,95425
1735801200,95440,95725,95391,95700
1735804800,95699,96042,95489,96007
1735808400,95960,96643,95915,96634
1735812000,96651,96662,96432,96610
1735815600,96613,96747,96390,96618
1735819200,96646,96777,96538,96754
1735822800,96754,96840,96354,96364
1735826400,96363,97284,95869,97151
1735830000,97215,97221,96074,96363
1735833600,96401,97562,95964,97149
1735837200,97148,97512,96255,96678
1735840800,96723,97271,96337,97236
1735844400,97235,97700,97114,97212
1735848000,97303,97745,97213,97220
1735851600,97231,97257,96951,97136
1735855200,97068,97090,96616,96831
1735858800,96780,96984,96711,96907
1735862400,96895,96980,96696,96740
1735866000,96740,96909,96585,96888
1735869600,96891,97234,96760,96889
1735873200,96922,97009,96782,96998
1735876800,96974,96974,96712,96727
1735880400,96736,96774,96528,96673
1735884000,96674,96835,96451,96482
1735887600,96495,96572,96216,96247
1735891200,96226,96446,96042,96042
1735894800,96042,96609,96042,96508
1735898400,96483,96562,96331,96436
1735902000,96433,96747,96413,96690
1735905600,96690,96852,96608,96609
1735909200,96608,96758,96423,96451
1735912800,96458,97267,96458,96975
1735916400,96948,97588,96702,97461
1735920000,97455,98374,97364,97809
1735923600,97842,98228,97813,97981
1735927200,98016,98658,97953,98483
1735930800,98495,98951,98486,98573
1735934400,98557,98731,98268,98320
1735938000,98300,98388,98159,98235
1735941600,98272,98493,98219,98262
1735945200,98277,98348,98024,98133
1735948800,98133,98240,97882,97916
1735952400,97919,98068,97787,98000
1735956000,97994,98269,97813,98227
1735959600,98250,98266,98012,98200
1735963200,98160,98160,97866,97967
1735966800,97973,98160,97944,98092
1735970400,98098,98150,98001,98082
1735974000,98092,98289,98061,98215
1735977600,98237,98254,97893,97893
1735981200,97892,97969,97540,97674
1735984800,97657,97811,97601,97763
1735988400,97762,97892,97685,97882
1735992000,97856,97962,97772,97859
1735995600,97861,98033,97739,97949
1735999200,97945,98047,97822,98021
1736002800,98027,98127,97540,97683
1736006400,97660,97845,97577,97695
1736010000,97700,98021,97682,98005
1736013600,98006,98115,97904,97953
1736017200,97972,98324,97924,98151
1736020800,98162,98634,98162,98590
1736024400,98641,98753,98339,98342
1736028000,98372,98469,98268,98433
1736031600,98389,98424,98148,98209
1736035200,98218,98372,98148,98209
1736038800,98212,98312,98039,98127
1736042400,98132,98213,98092,98213
1736046000,98214,98215,98044,98165
1736049600,98208,98481,98204,98332
1736053200,98355,98445,98268,98340
1736056800,98340,98467,98289,98443
1736060400,98447,98447,98257,98257
1736064000,98256,98256,97786,97812
1736067600,97846,97921,97629,97629
1736071200,97630,97723,97582,97706
1736074800,97690,97798,97610,97620
1736078400,97620,97925,97570,97744
1736082000,97739,97986,97675,97675
1736085600,97699,97926,97277,97830
1736089200,97865,98210,97740,98005
1736092800,98008,98302,97927,98013
1736096400,98013,98055,97647,97705
1736100000,97720,97911,97588,97911
1736103600,97909,98094,97828,98063
1736107200,98075,98631,97999,98241
1736110800,98255,98500,98197,98465
1736114400,98488,98717,98327,98654
1736118000,98669,98799,98327,98327
1736121600,98389,98717,98197,98201
1736125200,98256,98778,97919,98720
1736128800,98710,99252,98650,98793
1736132400,98793,99180,98751,99019
1736136000,99031,99445,99031,99427
1736139600,99427,99857,99359,99575
1736143200,99621,99717,99413,99486
1736146800,99488,99502,99168,99279
1736150400,99277,99586,98985,99015
1736154000,99015,99221,98932,98961
1736157600,98961,99018,98683,98728
1736161200,98739,99359,98683,99221
1736164800,99234,99669,99122,99134
1736168400,99130,99541,98884,99464
1736172000,99466,101263,98705,100741
1736175600,100776,102496,100487,102138
1736179200,102183,102514,101737,102172
1736182800,102170,102170,101306,101870
1736186400,101870,102087,101626,101776
1736190000,101805,102089,101665,101853
1736193600,101892,102360,101892,102137
1736197200,102185,102407,101633,101653
1736200800,101657,102118,101641,102038
1736204400,102041,102280,101932,102280
1736208000,102278,102760,101997,102095
1736211600,102068,102121,101738,101968
1736215200,101997,102059,101699,101711
1736218800,101719,101848,101557,101742
1736222400,101723,101961,101698,101698
1736226000,101678,101798,101629,101749
1736229600,101729,101905,101653,101824
1736233200,101842,102017,101662,101664
1736236800,101759,101989,101651,101906
1736240400,101917,101917,101643,101730
1736244000,101705,101705,101382,101415
1736247600,101415,101461,100498,100855
1736251200,100860,100933,100633,100756
1736254800,100747,100945,100624,100651
1736258400,100650,100848,99765,100013
1736262000,100026,100105,97124,97915
1736265600,97914,98302,97547,97715
1736269200,97741,97781,96573,97245
1736272800,97238,97490,96574,96707
1736276400,96711,97146,96296,96394
1736280000,96410,96800,96130,96501
1736283600,96443,97049,96363,96512
1736287200,96450,97200,96404,97117
1736290800,97122,97129,96818,96946
1736294400,96922,97248,96712,97247
1736298000,97246,97246,96609,96901
1736301600,96880,97143,96750,96933
1736305200,96859,96859,96216,96506
1736308800,96519,96603,96088,96259
1736312400,96320,96620,96091,96477
1736316000,96554,96603,95253,95258
1736319600,95270,95765,95239,95630
1736323200,95610,96095,95490,95937
1736326800,95913,96070,95398,95413
1736330400,95419,95949,95419,95924
1736334000,95942,96007,94511,95104
1736337600,95104,95330,94812,94845
1736341200,94851,95637,94851,95361
1736344800,95360,95836,94896,95300
1736348400,95197,96030,94614,95458
1736352000,95459,95484,94506,94757
1736355600,94748,94804,92502,94001
1736359200,94000,95076,93751,94245
1736362800,94222,94828,94006,94226
1736366400,94222,94377,93750,93930
1736370000,93950,94552,93600,94433
1736373600,94434,95273,94434,95273
1736377200,95274,95274,94897,95065
1736380800,95034,95101,94799,95101
1736384400,95113,95333,94954,94954
1736388000,94966,94989,93439,94738
1736391600,94745,94752,93989,93989
1736395200,93979,94447,93775,94387
1736398800,94358,94520,94234,94427
1736402400,94425,94570,94017,94060
1736406000,94034,94260,93179,93179
1736409600,93181,93338,92679,92985
1736413200,92992,93689,92941,93467
1736416800,93489,93612,93005,93405
1736420400,93379,93887,93192,93414
1736424000,93409,93641,93122,93347
1736427600,93365,93437,91884,91956
1736431200,91904,92853,91761,92830
1736434800,92817,94532,92655,94223
1736438400,94221,94661,93851,94243
1736442000,94245,94268,92325,92688
1736445600,92693,93214,92415,93028
1736449200,93023,93287,91916,91916
1736452800,91915,92313,91215,91896
1736456400,91896,92479,91772,92061
1736460000,92084,92703,91645,92460
1736463600,92440,92649,92051,92542
1736467200,92545,92835,92465,92741
1736470800,92740,93128,92598,93097
1736474400,93140,93674,93039,93373
1736478000,93380,93708,93342,93699
1736481600,93699,93877,93503,93832
1736485200,93832,94227,93641,93963
1736488800,93964,94317,93764,94245
1736492400,94236,94976,94082,94517
1736496000,94511,94756,94430,94691
1736499600,94690,94976,94589,94801
1736503200,94810,95238,94774,95229
1736506800,95238,95238,94634,95092
1736510400,95091,95174,94727,95023
1736514000,95021,95034,92768,93536
1736517600,93540,94655,93422,94114
1736521200,94086,94498,92227,93739
1736524800,93726,94023,93200,93768
1736528400,93636,95797,93328,95737
1736532000,95777,95777,94600,94851
1736535600,94892,95377,94436,95313
1736539200,95300,95430,94650,94691
1736542800,94657,94912,94605,94606
1736546400,94649,94893,94580,94759
1736550000,94733,94881,94671,94702
1736553600,94702,94702,94364,94578
1736557200,94624,94659,94227,94418
1736560800,94415,94476,94182,94407
1736564400,94395,94408,94102,94195
1736568000,94183,94303,93843,94046
1736571600,94050,94340,94010,94340
1736575200,94336,94396,94187,94187
1736578800,94204,94308,94120,94216
1736582400,94252,94372,94035,94050
1736586000,94077,94309,94032,94309
1736589600,94308,94430,94278,94430
1736593200,94430,94723,94413,94574
1736596800,94589,94606,94481,94499
1736600400,94503,94561,94328,94365
1736604000,94379,94588,94306,94583
1736607600,94560,94594,94345,94379
1736611200,94425,94657,94301,94397
1736614800,94397,94397,93944,94101
1736618400,94110,94256,94068,94228
1736622000,94196,94260,94040,94188
1736625600,94192,94600,94138,94560
1736629200,94564,94975,94559,94906
1736632800,94921,94964,94559,94570
1736636400,94560,94724,94535,94568
1736640000,94573,94629,94408,94415
1736643600,94412,94551,94283,94537
1736647200,94532,94600,94434,94583
1736650800,94580,94634,94374,94571
1736654400,94580,94604,94455,94546
1736658000,94544,94587,94464,94494
1736661600,94525,94571,94340,94368
1736665200,94340,94401,94251,94277
1736668800,94282,94347,94091,94107
1736672400,94116,94180,93685,93858
1736676000,93852,93987,93760,93962
1736679600,93959,94272,93952,94201
1736683200,94196,94521,94113,94295
1736686800,94294,94657,94274,94624
1736690400,94606,94907,94606,94737
1736694000,94772,95363,94646,95029
1736697600,95027,95095,94782,95005
1736701200,95008,95204,94936,95119
1736704800,95108,95238,94903,94971
1736708400,94963,95024,94550,94613
1736712000,94610,94768,94582,94646
1736715600,94660,94679,94283,94290
1736719200,94294,94304,93775,93880
1736722800,93938,94498,93926,94497
1736726400,94498,95846,94260,95288
1736730000,95261,95322,94080,94176
1736733600,94173,94445,93871,94173
1736737200,94196,94346,93951,94225
1736740800,94224,94828,94169,94506
1736744400,94433,94440,94001,94123
1736748000,94136,94265,93239,93538
1736751600,93607,93867,93433,93479
1736755200,93521,93584,92851,92981
1736758800,92973,93123,92612,92801
1736762400,92798,92798,91310,91543
1736766000,91568,91689,90754,90775
1736769600,90764,91201,90204,90633
1736773200,90652,91687,90490,91049
1736776800,91049,92196,89164,91768
1736780400,91764,93062,91526,92102
1736784000,92133,92223,91212,91281
1736787600,91278,92246,91197,91865
1736791200,91933,92359,91536,92031
1736794800,92029,92460,91571,92277
1736798400,92258,93732,91851,93542
1736802000,93567,94417,93394,94168
1736805600,94177,94669,94137,94353
1736809200,94419,94566,94172,94505
1736812800,94537,94822,94345,94452
1736816400,94463,94987,94463,94815
1736820000,94838,95229,94713,94854
1736823600,94852,95085,94805,94835
1736827200,94865,95114,94805,95087
1736830800,95079,95421,94867,94867
1736834400,94942,94973,94737,94973
1736838000,94996,95113,94804,94832
1736841600,94827,95765,94827,95469
1736845200,95468,97339,95468,97120
1736848800,97149,97171,96573,96648
1736852400,96618,96647,96330,96500
1736856000,96621,96621,95961,95961
1736859600,95961,97183,95742,96324
1736863200,96355,97188,96013,96157
1736866800,96256,96898,96190,96437
1736870400,96420,96420,95332,95687
1736874000,95657,96508,95532,96482
1736877600,96465,96920,96238,96722
1736881200,96721,97051,96422,96487
1736884800,96547,96863,96101,96459
1736888400,96432,96631,96280,96427
1736892000,96434,96722,96402,96685
1736895600,96652,96748,96470,96523
1736899200,96560,97293,96474,96892
1736902800,96764,97493,96764,97339
1736906400,97325,97404,96725,96785
1736910000,96804,97269,96736,97269
1736913600,97271,97657,97061,97154
1736917200,97153,97202,96736,96989
1736920800,96989,97099,96809,97049
1736924400,97049,97534,97049,97269
1736928000,97279,97481,97122,97176
1736931600,97176,97313,96759,96792
1736935200,96786,97102,96712,96890
1736938800,96891,96891,96515,96728
1736942400,96724,97127,96516,96887
1736946000,96887,99026,96810,98938
1736949600,98962,99502,98611,99427
1736953200,99459,99769,98967,98985
1736956800,98986,99489,98897,99000
1736960400,99001,99348,98623,98650
1736964000,98655,99475,98655,99475
1736967600,99451,99985,99307,99870
1736971200,99870,100715,99484,99618
1736974800,99609,99885,99512,99694
1736978400,99716,99844,99580,99721
1736982000,99750,100521,99646,100512
1736985600,100512,100860,99647,99873
1736989200,99896,100209,99852,100089
1736992800,100085,100122,99482,99611
1736996400,99634,99837,99168,99455
1737000000,99455,99686,99455,99602
1737003600,99599,99599,99346,99373
1737007200,99370,99869,99295,99780
1737010800,99779,99831,99642,99772
1737014400,99781,99802,98622,98953
1737018000,98954,99284,98643,99117
1737021600,99118,99383,99094,99182
1737025200,99189,99307,98719,99135
1737028800,99132,99466,98886,99362
1737032400,99363,99400,98788,99060
1737036000,99063,99380,97483,97536
1737039600,97549,99251,97319,99251
1737043200,99251,99846,99075,99372
1737046800,99340,100340,99180,99822
1737050400,99822,100039,99250,99581
1737054000,99580,100414,99387,100394
1737057600,100397,100640,100274,100346
1737061200,100373,100388,99732,100137
1737064800,100125,100125,99383,99833
1737068400,99829,100089,99720,99975
1737072000,99975,100413,99944,100127
1737075600,100127,101774,100043,101636
1737079200,101636,102088,100789,101071
1737082800,101070,101237,100918,100999
1737086400,100999,101467,100920,101467
1737090000,101463,101774,101311,101311
1737093600,101311,101569,101294,101380
1737097200,101398,101848,101398,101461
1737100800,101431,102175,101429,102106
1737104400,102105,102262,101726,101845
1737108000,101832,102528,101775,102279
1737111600,102289,102426,102078,102244
1737115200,102217,102927,102177,102749
1737118800,102749,102961,102422,102465
1737122400,102449,103365,102286,103364
1737126000,103369,104360,103298,104053
1737129600,104047,105073,103885,105042
1737133200,105043,105313,104047,104145
1737136800,104151,105000,104072,104894
1737140400,104897,105932,104758,105912
1737144000,105913,105928,104584,104723
1737147600,104725,105087,104509,104639
1737151200,104639,104722,104232,104429
1737154800,104429,104556,104119,104119
1737158400,104119,104701,104119,104698
1737162000,104698,104698,104119,104298
1737165600,104298,104507,104262,104346
1737169200,104333,104469,103053,103558
1737172800,103557,103682,102659,103557
1737176400,103557,103718,102820,102820
1737180000,102820,103558,102820,103395
1737183600,103393,103445,102569,102771
1737187200,102769,103299,102238,103236
1737190800,103235,103411,103006,103091
1737194400,103091,103233,102777,103149
1737198000,103117,103799,102872,103521
1737201600,103535,103969,103326,103429
1737205200,103396,104337,103087,104301
1737208800,104301,104492,103718,103931
1737212400,103930,104909,103683,104500
1737216000,104501,104611,103088,103200
1737219600,103165,104107,103165,103705
1737223200,103723,104317,103706,104001
1737226800,104001,104369,103978,104268
1737230400,104268,104382,103679,103930
1737234000,103930,104159,103807,103807
1737237600,103807,104215,103770,104195
1737241200,104198,104604,104198,104436
1737244800,104432,104432,104037,104039
1737248400,104032,104569,103920,104377
1737252000,104380,105313,104380,104780
1737255600,104765,105048,104458,104856
1737259200,104856,105110,104581,104902
1737262800,104903,105008,104122,105007
1737266400,105006,105490,104904,105424
1737270000,105425,105469,104791,105002
1737273600,104995,104995,104152,104275
1737277200,104269,105283,103310,105130
1737280800,105147,105152,104250,104622
1737284400,104623,105136,104045,104171
1737288000,104173,104859,104134,104766
1737291600,104767,105124,104689,104804
1737295200,104805,105524,104638,104996
1737298800,104996,105069,104390,104801
1737302400,104778,105052,104560,104820
1737306000,104823,105022,104394,104952
1737309600,104988,105098,104774,104903
1737313200,104902,106077,104843,106077
1737316800,106056,106294,105391,106158
1737320400,106159,106256,103546,103546
1737324000,103546,104319,101030,103291
1737327600,103298,103298,99528,101237
1737331200,101191,101542,99462,99679
1737334800,99725,100806,99486,100510
1737338400,100545,102154,100446,101783
1737342000,101783,102058,101310,101804
1737345600,101801,102666,101430,102120
1737349200,102111,102710,102012,102230
1737352800,102229,109356,102133,107272
1737356400,107212,109186,106756,106945
1737360000,106954,108237,106927,108176
1737363600,108179,109030,107436,108006
1737367200,108004,108575,107651,107825
1737370800,107836,108404,107655,108099
1737374400,108099,108563,105350,106789
1737378000,106790,107985,106516,107793
1737381600,107794,107969,107127,107747
1737385200,107741,107852,104361,104791
1737388800,104853,106902,103682,106564
1737392400,106521,106616,100482,102877
1737396000,102849,104356,102657,103807
1737399600,103825,103861,102649,103583
1737403200,103566,104191,103255,103520
1737406800,103528,103962,102475,102475
1737410400,102522,103676,101725,103466
1737414000,103487,103553,101630,102141
1737417600,102155,102514,100982,101038
1737421200,101055,102102,100087,101335
1737424800,101374,102602,100948,102390
1737428400,102391,103116,102175,102809
1737432000,102809,102834,101807,102190
1737435600,102211,102395,101215,101259
1737439200,101255,102030,101023,102020
1737442800,102041,102357,101711,101887
1737446400,101852,102357,101619,102352
1737450000,102349,102744,102006,102610
1737453600,102604,103227,102450,103052
1737457200,103051,103857,102972,103673
1737460800,103653,104594,103514,104418
1737464400,104418,104885,104059,104368
1737468000,104369,105206,102948,103167
1737471600,103173,103998,102726,103846
1737475200,103832,106462,103745,104945
1737478800,104945,106401,104881,106166
1737482400,106167,107265,105902,106881
1737486000,106882,107149,106270,107061
1737489600,107061,107227,105951,106121
1737493200,106157,106827,105795,106796
1737496800,106795,106795,106001,106001
1737500400,106001,106300,105459,106149
1737504000,106149,106309,105799,105970
1737507600,105963,106370,105466,105793
1737511200,105777,106180,105553,105556
1737514800,105573,105902,105573,105598
1737518400,105607,105807,105316,105578
1737522000,105577,105841,105490,105678
1737525600,105676,105921,105194,105360
1737529200,105361,105658,105052,105064
1737532800,105064,105300,104733,105247
1737536400,105249,105249,104909,104956
1737540000,104959,105143,104650,105123
1737543600,105103,105431,104749,105049
1737547200,105085,105541,105044,105277
1737550800,105253,105360,103813,104044
1737554400,104044,104897,103659,104342
1737558000,104433,105136,104000,104200
1737561600,104182,104200,103322,103711
1737565200,103699,104604,103662,104373
1737568800,104373,104670,103765,103901
1737572400,103901,104708,103849,104622
1737576000,104622,104796,104070,104322
1737579600,104302,104353,103621,104067
1737583200,104066,104469,103756,103837
1737586800,103844,104121,103613,103632
1737590400,103659,103766,103014,103262
1737594000,103244,103579,102550,102871
1737597600,102891,102913,102046,102599
1737601200,102584,102929,102140,102390
1737604800,102387,102416,101540,101994
1737608400,102000,102572,101907,102485
1737612000,102482,102890,102177,102216
1737615600,102200,102705,102030,102634
1737619200,102640,102640,102018,102173
1737622800,102172,102416,101614,101661
1737626400,101612,102020,101233,101653
1737630000,101667,102139,101667,101904
1737633600,101905,102089,101386,101590
1737637200,101603,102651,101273,102462
1737640800,102457,106010,101969,105172
1737644400,105174,105776,102680,105247
1737648000,105295,106848,105052,105168
1737651600,105166,106252,104256,105949
1737655200,105962,106157,105160,105467
1737658800,105467,105550,103452,103835
1737662400,103802,106445,102632,103340
1737666000,103307,103440,102275,103112
1737669600,103112,104710,103013,104001
1737673200,104005,104556,103815,103933
1737676800,103922,104172,103432,103442
1737680400,103439,103883,103072,103190
1737684000,103220,103522,102966,103037
1737687600,103031,104279,102754,103885
1737691200,103884,104870,103802,104614
1737694800,104613,105224,104545,105200
1737698400,105204,105305,104632,104994
1737702000,104990,105173,104651,105042
1737705600,105046,105611,104916,105519
1737709200,105518,105753,105060,105187
1737712800,105155,105428,105059,105426
1737716400,105426,105537,105237,105421
1737720000,105432,105591,105212,105528
1737723600,105528,105769,104998,105120
1737727200,105119,106303,104690,105786
1737730800,105807,105997,105279,105864
1737734400,105864,106177,105616,105678
1737738000,105711,106751,105660,106488
1737741600,106505,107149,106137,106330
1737745200,106370,106643,105750,105830
1737748800,105792,105794,104771,104819
1737752400,104866,105392,104866,105096
1737756000,105128,105502,104733,104751
1737759600,104774,104926,104478,104855
1737763200,104855,104855,104377,104417
1737766800,104410,104771,104380,104713
1737770400,104713,104795,104446,104516
1737774000,104516,105223,104445,105145
1737777600,105098,105122,104594,104624
1737781200,104621,104644,104232,104315
1737784800,104315,104442,104211,104308
1737788400,104278,104470,104262,104342
1737792000,104342,104480,104144,104292
1737795600,104322,104394,104256,104361
1737799200,104360,104608,104126,104516
1737802800,104521,104658,104371,104656
1737806400,104655,104758,104452,104736
1737810000,104758,104821,104631,104718
1737813600,104701,104710,104482,104596
1737817200,104577,105072,104577,104904
1737820800,104902,104979,104608,104642
1737824400,104648,104884,104470,104884
1737828000,104880,105237,104833,104948
1737831600,104949,105152,104904,105037
1737835200,105034,105174,104924,104924
1737838800,104925,105105,104838,105087
1737842400,105123,105237,104994,105039
1737846000,105053,105087,104679,104738
1737849600,104741,104826,104533,104589
1737853200,104588,104745,104520,104604
1737856800,104597,104696,104520,104659
1737860400,104659,105186,104659,105037
1737864000,105036,105424,104985,105151
1737867600,105151,105180,104997,105080
1737871200,105079,105092,104960,104971
1737874800,104978,105073,104935,104975
1737878400,104973,105187,104871,105006
1737882000,105007,105016,104445,104630
1737885600,104629,104683,104486,104683
1737889200,104695,104809,104655,104809
1737892800,104808,104859,104698,104859
1737896400,104871,105035,104836,104945
1737900000,104943,104991,104797,104953
1737903600,104948,105048,104876,104953
1737907200,104953,105007,104909,104926
1737910800,104927,105010,104911,104941
1737914400,104940,105224,104909,105164
1737918000,105162,105199,105023,105076
1737921600,105076,105161,104922,104933
1737925200,104933,104967,104558,104558
1737928800,104557,104693,104307,104322
1737932400,104321,104321,102450,102573
1737936000,102573,103186,101510,101635
1737939600,101737,102030,101127,101250
1737943200,101224,101629,100807,100906
1737946800,100914,101807,100682,101354
1737950400,101358,101361,100216,100360
1737954000,100357,100681,99701,100329
1737957600,100326,100426,98686,98901
1737961200,98901,99360,97750,99025
1737964800,99021,99299,98682,99002
1737968400,99011,99491,98776,99372
1737972000,99382,99383,98223,98338
1737975600,98338,99287,98287,98750
1737979200,98787,100818,98679,100553
1737982800,100594,101647,100017,100469
1737986400,100495,102311,100125,101945
1737990000,101915,102108,100837,101105
1737993600,101119,101230,99571,99715
1737997200,99714,100000,99049,99137
1738000800,99092,99696,98823,99088
1738004400,99160,99873,99132,99644
1738008000,99643,101741,99573,101408
1738011600,101326,102366,100950,101334
1738015200,101344,101918,101246,101589
1738018800,101612,102149,101612,102090
1738022400,102065,102865,101798,101901
1738026000,101845,101972,101375,101375
1738029600,101370,102413,101335,102398
1738033200,102398,102853,102043,102629
1738036800,102630,103347,102598,102902
1738040400,102903,103344,102839,103024
1738044000,103045,103201,102638,102751
1738047600,102751,103320,102545,102808
1738051200,102808,103028,102620,102830
1738054800,102829,102951,102410,102944
1738058400,102949,103173,102607,102747
1738062000,102746,102926,102569,102779
1738065600,102757,102979,102472,102581
1738069200,102591,102929,102489,102578
1738072800,102578,102890,101820,102642
1738076400,102633,103745,102517,102765
1738080000,102793,102914,101937,102245
1738083600,102244,103075,102206,102559
1738087200,102575,103074,102126,102192
1738090800,102191,102618,101803,102401
1738094400,102400,102515,101176,101212
1738098000,101211,101467,100233,100298
1738101600,100286,101330,100225,101215
1738105200,101207,101378,100692,101292
1738108800,101291,101748,101288,101676
1738112400,101663,101919,101397,101795
1738116000,101798,102248,101672,101768
1738119600,101763,102127,101726,102011
1738123200,102004,102127,101946,101979
1738126800,101960,102336,101937,102213
1738130400,102266,102791,102217,102750
1738134000,102783,102789,102441,102687
1738137600,102709,102953,102656,102696
1738141200,102696,102728,102263,102294
1738144800,102293,102655,102164,102499
1738148400,102499,102742,102397,102585
1738152000,102591,102761,102188,102188
1738155600,102209,102296,101687,101803
1738159200,101801,102309,101565,101999
1738162800,102023,102470,101763,101969
1738166400,101968,102127,101669,102087
1738170000,102080,102755,101986,102381
1738173600,102415,103027,102021,102904
1738177200,102843,103971,101360,103586
1738180800,103583,104769,102866,104199
1738184400,104247,104389,103746,103746
1738188000,103747,104007,103415,103500
1738191600,103500,104332,103471,103747
1738195200,103768,104128,103313,104037
1738198800,104034,104540,103924,104272
1738202400,104270,104641,104022,104641
1738206000,104644,105279,104494,105232
1738209600,105220,105563,104850,105469
1738213200,105485,105524,105029,105375
1738216800,105386,105553,105164,105186
1738220400,105187,105350,104846,105131
1738224000,105148,105324,104948,105062
1738227600,105062,105515,105008,105422
1738231200,105400,105400,105111,105319
1738234800,105319,105379,105074,105295
1738238400,105298,105298,104859,105020
1738242000,105019,105325,104822,104824
1738245600,104854,106265,104651,105897
1738249200,105922,106447,105414,105584
1738252800,105614,106010,105518,105712
1738256400,105713,105713,104936,105322
1738260000,105310,105617,104782,105606
1738263600,105634,105789,105271,105713
1738267200,105732,105844,104846,104948
1738270800,104948,105238,104819,105051
1738274400,105051,105383,104995,105129
1738278000,105116,105266,104709,104738
1738281600,104737,105023,104419,104898
1738285200,104902,104904,104451,104737
1738288800,104738,104834,104276,104389
1738292400,104354,104357,103944,104337
1738296000,104337,104520,103983,103997
1738299600,104003,104457,103992,104298
1738303200,104305,104721,104304,104519
1738306800,104519,104783,104046,104188
1738310400,104189,104311,104021,104021
1738314000,104021,104294,103925,104249
1738317600,104250,104418,104076,104283
1738321200,104283,104834,104283,104752
1738324800,104732,104873,104557,104699
1738328400,104716,105009,104570,104625
1738332000,104658,104834,104119,104391
1738335600,104452,106046,104452,105473
1738339200,105460,105597,104729,105101
1738342800,105100,105100,104570,104589
1738346400,104588,104832,102545,102575
1738350000,102577,102960,102066,102271
1738353600,102252,102260,101528,101613
1738357200,101601,102115,101303,102098
1738360800,102103,102452,101904,102239
1738364400,102238,102416,101934,102412
1738368000,102408,102545,102200,102477
1738371600,102459,102744,102439,102558
1738375200,102558,102754,102386,102448
1738378800,102445,102497,102189,102225
1738382400,102226,102458,102124,102303
1738386000,102300,102557,102234,102486
1738389600,102483,102557,102177,102390
1738393200,102390,102471,102140,102148
1738396800,102148,102259,101833,101976
1738400400,101991,101991,101418,101634
1738404000,101637,101931,101626,101626
1738407600,101615,102005,101615,102005
1738411200,102005,102285,101991,102240
1738414800,102240,102252,101822,101824
1738418400,101844,102127,101798,101821
1738422000,101822,102151,101723,102052
1738425600,102052,102188,101882,101893
1738429200,101885,102250,101885,102248
1738432800,102248,102257,101957,102005
1738436400,102001,102012,101456,101663
1738440000,101663,101663,100931,101288
1738443600,101288,101540,101008,101207
1738447200,101182,101404,100498,100660
1738450800,100653,100836,100270,100638
1738454400,100638,101284,100493,101245
1738458000,101245,101430,101141,101230
1738461600,101253,101253,100431,100453
1738465200,100458,100726,99150,99174
1738468800,99180,99813,99038,99532
1738472400,99534,100305,99478,100237
1738476000,100237,100473,100073,100248
1738479600,100270,100270,99577,99605
1738483200,99601,100063,99301,99819
1738486800,99818,99843,99388,99684
1738490400,99675,99675,99213,99383
1738494000,99400,99550,98646,98796
1738497600,98842,99121,98150,98150
1738501200,98142,98753,98141,98745
1738504800,98746,99395,98686,99200
1738508400,99192,99346,98718,99337
1738512000,99343,99343,98068,98235
1738515600,98229,98481,96956,97141
1738519200,97141,97856,96800,97001
1738522800,97011,98634,96824,98214
1738526400,98215,98579,97629,97774
1738530000,97772,97939,96582,96989
1738533600,96989,98008,96168,97962
1738537200,97962,97962,96537,97675
1738540800,97670,97718,95487,96480
1738544400,96492,96875,92111,93431
1738548000,93428,94987,91530,93522
1738551600,93470,94759,93470,94071
1738555200,94084,94493,92746,92831
1738558800,92929,94407,92746,94279
1738562400,94270,94704,93752,93948
1738566000,93963,95520,93943,95440
1738569600,95407,95718,95006,95422
1738573200,95395,96037,95325,95386
1738576800,95391,95788,94888,95772
1738580400,95763,95784,95011,95176
1738584000,95254,95691,94871,94871
1738587600,94871,95467,94472,94740
1738591200,94796,96822,94238,96655
1738594800,96709,99621,96291,99031
1738598400,99010,99234,98309,98687
1738602000,98728,99470,98161,99363
1738605600,99362,100122,99100,100021
1738609200,100043,102065,99776,102065
1738612800,102070,102138,101187,101207
1738616400,101213,102097,101045,101950
1738620000,101917,102569,101623,101767
1738623600,101826,101956,101400,101457
1738627200,101456,101776,101147,101198
1738630800,101176,101785,100821,101469
1738634400,101484,101533,100909,100924
1738638000,100935,101116,100651,100710
1738641600,100711,100853,100114,100150
1738645200,100166,100187,98374,98966
1738648800,99004,99708,98948,99449
1738652400,99450,99565,98423,98550
1738656000,98550,98799,97962,98370
1738659600,98391,98871,98361,98424
1738663200,98424,99014,98423,98880
1738666800,98879,99514,98805,99056
1738670400,99111,99849,99111,99461
1738674000,99453,99645,99078,99110
1738677600,99110,100474,98683,100087
1738681200,100084,100333,98379,99446
1738684800,99440,99994,99071,99071
1738688400,99089,99666,98901,99224
1738692000,99222,99629,98840,99469
1738695600,99469,100846,98884,98955
1738699200,98952,99481,98021,98681
1738702800,98697,98697,96469,96531
1738706400,96540,97987,96147,97724
1738710000,97733,98209,97524,97786
1738713600,97809,98410,97761,98332
1738717200,98314,98937,97721,97865
1738720800,97876,98224,97187,98033
1738724400,98032,98330,97796,98091
1738728000,98079,98372,97952,98075
1738731600,98072,98342,97739,98177
1738735200,98176,98252,97623,97697
1738738800,97697,97997,97398,97909
1738742400,97909,98044,97619,97658
1738746000,97657,98001,97318,97446
1738749600,97450,98067,97388,97784
1738753200,97781,98291,97754,98271
1738756800,98292,98748,98056,98091
1738760400,98109,98735,98056,98626
1738764000,98627,99168,98174,98336
1738767600,98333,98581,97798,98156
1738771200,98149,98299,97364,98005
1738774800,98005,98282,97395,97576
1738778400,97577,97724,96528,96735
1738782000,96724,97516,96512,97383
1738785600,97430,97748,96913,97321
1738789200,97320,97526,96805,96920
1738792800,96916,97046,96292,96496
1738796400,96461,96854,96181,96614
1738800000,96614,96980,96471,96840
1738803600,96835,97222,96644,97172
1738807200,97165,97450,97104,97373
1738810800,97374,97481,97091,97373
1738814400,97373,97830,97286,97627
1738818000,97627,97868,97618,97838
1738821600,97845,98444,97731,98408
1738825200,98403,98403,98069,98210
1738828800,98217,98339,97968,98165
1738832400,98162,98765,98135,98659
1738836000,98659,99089,98659,99062
1738839600,99064,99174,98462,98931
1738843200,98931,99098,98331,98357
1738846800,98378,98814,98210,98663
1738850400,98703,98937,97826,97860
1738854000,97872,98091,96974,97354
1738857600,97348,97587,96446,96599
1738861200,96615,97211,96411,96735
1738864800,96733,96861,95919,96343
1738868400,96342,96928,95678,95995
1738872000,95993,97076,95819,96908
1738875600,96925,96925,96134,96811
1738879200,96808,96914,96207,96880
1738882800,96953,96953,96213,96573
1738886400,96566,96939,96421,96520
1738890000,96520,97784,96520,97405
1738893600,97405,97640,97071,97592
1738897200,97586,97777,97258,97450
1738900800,97450,97880,97402,97458
1738904400,97438,97542,97166,97337
1738908000,97363,97363,96631,96771
1738911600,96776,97217,96671,96772
1738915200,96772,97259,96666,97057
1738918800,97063,97399,97063,97319
1738922400,97324,97493,97279,97287
1738926000,97287,97766,97287,97766
1738929600,97766,98061,97543,97968
1738933200,98032,98871,97250,98871
1738936800,98870,100185,98739,99795
1738940400,99796,99796,97672,98308
1738944000,98324,98603,97735,97865
1738947600,97872,98201,97212,97460
1738951200,97456,98380,97334,97805
1738954800,97782,97848,96914,96914
1738958400,96939,96940,95662,95782
1738962000,95762,96188,95711,96012
1738965600,96016,96116,95662,96089
1738969200,96088,96547,95899,96535
1738972800,96534,96851,96382,96683
1738976400,96683,96806,96413,96524
1738980000,96564,96851,96445,96785
1738983600,96783,96896,96563,96724
1738987200,96715,96715,96249,96299
1738990800,96306,96364,96089,96215
1738994400,96214,96221,95919,96007
1738998000,96009,96295,95800,96213
1739001600,96213,96295,95894,95895
1739005200,95944,96180,95944,96159
1739008800,96162,96272,96019,96064
1739012400,96054,96119,95869,96111
1739016000,96110,96249,95903,96048
1739019600,96049,96479,96011,96245
1739023200,96244,96370,95950,96095
1739026800,96097,96202,95700,95840
1739030400,95835,96111,95747,96111
1739034000,96111,96376,96111,96376
1739037600,96376,96515,96251,96515
1739041200,96515,96747,96406,96606
1739044800,96607,96646,96389,96488
1739048400,96487,96596,96377,96505
1739052000,96596,96708,96423,96507
1739055600,96499,96712,96468,96472
1739059200,96472,96619,96400,96608
1739062800,96618,96999,96522,96966
1739066400,96999,97037,96736,96782
1739070000,96767,97318,96736,97318
1739073600,97318,97337,97014,97249
1739077200,97248,97248,97026,97050
1739080800,97051,97088,96817,97041
1739084400,97040,97133,96961,97088
1739088000,97074,97293,97074,97107
1739091600,97107,97107,96933,96952
1739095200,96951,96951,96711,96804
1739098800,96803,97028,96593,96607
1739102400,96596,96729,96423,96553
1739106000,96554,96562,95836,95906
1739109600,95905,96294,95765,96155
1739113200,96153,96666,96153,96528
1739116800,96504,96568,96353,96487
1739120400,96486,96601,95972,96214
1739124000,96214,96295,96028,96242
1739127600,96241,96302,95927,96084
1739131200,96083,96745,96083,96356
1739134800,96348,96360,94726,95247
1739138400,95161,96434,94828,95896
1739142000,95858,96573,95763,96477
1739145600,96533,97131,96533,96751
1739149200,96773,96840,95307,95597
1739152800,95593,96065,95446,95824
1739156400,95870,97093,95811,96781
1739160000,96825,97154,96665,96955
1739163600,97014,97642,96765,96996
1739167200,97074,97220,96828,97143
1739170800,97255,97504,97147,97435
1739174400,97433,97905,97386,97698
1739178000,97721,97890,97489,97699
1739181600,97707,97962,97620,97750
1739185200,97767,97924,97645,97691
1739188800,97766,97818,97213,97377
1739192400,97418,98349,97392,98214
1739196000,98314,98322,97126,97317
1739199600,97321,97598,96913,97262
1739203200,97260,97450,96903,97336
1739206800,97345,97528,96928,97528
1739210400,97524,97563,97202,97562
1739214000,97563,97657,97282,97401
1739217600,97400,97521,97248,97406
1739221200,97360,97409,97143,97406
1739224800,97406,97510,97305,97436
1739228400,97427,97484,97275,97469
1739232000,97465,98129,97447,97821
1739235600,97821,98106,97821,98036
1739239200,98019,98121,97506,97795
1739242800,97793,97793,97516,97653
1739246400,97645,98187,97571,98113
1739250000,98087,98481,98027,98422
1739253600,98428,98490,98174,98451
1739257200,98448,98474,98277,98290
1739260800,98286,98344,98134,98250
1739264400,98236,98323,97951,98032
1739268000,98025,98151,97916,97983
1739271600,97982,98221,97916,98172
1739275200,98161,98161,97707,97798
1739278800,97797,97865,96731,96824
1739282400,96808,97306,96631,96980
1739286000,96981,97259,96666,97003
1739289600,97041,97049,96313,96313
1739293200,96364,96364,95972,96159
1739296800,96155,96155,95387,95435
1739300400,95441,95643,94853,95022
1739304000,95020,95409,94923,95283
1739307600,95273,96412,95232,96378
1739311200,96370,96480,95364,95531
1739314800,95585,95965,95487,95754
1739318400,95756,96088,95669,96053
1739322000,96050,96214,95794,96181
1739325600,96180,96180,95421,95550
1739329200,95573,95738,95079,95261
1739332800,95261,95585,95242,95524
1739336400,95523,95892,95500,95867
1739340000,95891,95915,95675,95801
1739343600,95801,96157,95800,96059
1739347200,96058,96434,96055,96350
1739350800,96353,96356,96030,96125
1739354400,96124,96195,95917,95977
1739358000,95976,96355,95976,96083
1739361600,96120,96352,95968,95983
1739365200,95995,96596,94091,94972
1739368800,94968,95672,94513,95637
1739372400,95672,95973,94740,95784
1739376000,95808,97089,95106,96993
1739379600,97076,97694,96781,97358
1739383200,97375,97424,96650,96933
1739386800,96903,97281,96358,97177
1739390400,97216,97661,96950,97024
1739394000,97027,97904,96876,97646
1739397600,97667,98144,97419,97801
1739401200,97805,98029,97540,97882
1739404800,97882,97882,97540,97824
1739408400,97824,98091,97757,97996
1739412000,97995,97995,97389,97485
1739415600,97485,97646,97469,97516
1739419200,97517,97580,96805,96966
1739422800,96946,96949,96550,96670
1739426400,96659,96756,95834,96049
1739430000,96055,96225,95926,96050
1739433600,96081,96182,95754,95952
1739437200,95955,96294,95795,96261
1739440800,96281,96342,96133,96166
1739444400,96177,96284,95605,95926
1739448000,95926,96065,95721,95838
1739451600,95845,96306,95697,96099
1739455200,96069,96118,95364,95885
1739458800,95854,96453,95561,95989
1739462400,96000,96000,95249,95373
1739466000,95367,96015,95316,95710
1739469600,95715,95992,95352,95982
1739473200,95968,96387,95598,95607
1739476800,95623,96305,95614,96304
1739480400,96302,96747,96265,96474
1739484000,96503,96611,96287,96416
1739487600,96456,96631,96323,96627
1739491200,96631,96967,96566,96758
1739494800,96782,96897,96387,96546
1739498400,96534,96836,96449,96608
1739502000,96554,97197,96554,97132
1739505600,97138,97243,96775,96775
1739509200,96849,96927,96596,96723
1739512800,96707,96862,96624,96835
1739516400,96845,97073,96825,96956
1739520000,96956,97029,96817,96895
1739523600,96889,97166,96856,97111
1739527200,97115,97189,96985,97046
1739530800,97030,97155,96828,96904
1739534400,96904,96904,96560,96662
1739538000,96661,96980,96469,96816
1739541600,96800,97574,96597,97275
1739545200,97422,97422,96300,96927
1739548800,96928,97702,96524,97702
1739552400,97670,98871,97143,98560
1739556000,98578,98766,98211,98250
1739559600,98251,98486,97701,97990
1739563200,97988,98307,97063,97232
1739566800,97203,97529,96750,97523
1739570400,97505,97574,96957,97160
1739574000,97159,97533,97033,97520
1739577600,97515,97527,97237,97458
1739581200,97458,97844,97458,97814
1739584800,97814,97915,97642,97853
1739588400,97853,97974,97669,97680
1739592000,97679,97804,97517,97529
1739595600,97529,97659,97478,97626
1739599200,97625,97683,97458,97489
1739602800,97494,97541,97379,97379
1739606400,97377,97551,97330,97515
1739610000,97516,97610,97464,97574
1739613600,97575,97739,97469,97675
1739617200,97679,97679,97506,97632
1739620800,97633,97831,97558,97758
1739624400,97758,97936,97677,97731
1739628000,97726,97775,97447,97621
1739631600,97624,97715,97554,97649
1739635200,97649,97715,97482,97542
1739638800,97547,97591,97331,97424
1739642400,97422,97587,97385,97538
1739646000,97569,97657,97533,97540
1739649600,97558,97669,97434,97543
1739653200,97558,97704,97558,97684
1739656800,97694,97739,97453,97547
1739660400,97557,97645,97435,97591
1739664000,97591,97727,97581,97621
1739667600,97621,97686,97560,97663
1739671200,97662,97677,97494,97547
1739674800,97546,97559,97447,97553
1739678400,97552,97593,97478,97541
1739682000,97543,97668,97485,97611
1739685600,97610,97627,97471,97494
1739689200,97494,97494,97225,97240
1739692800,97262,97345,97143,97174
1739696400,97173,97353,97077,97353
1739700000,97353,97388,97200,97200
1739703600,97199,97347,97189,97347
1739707200,97347,97347,97114,97137
1739710800,97142,97212,96805,96853
1739714400,96829,97037,96689,96991
1739718000,96988,97096,96921,96921
1739721600,96920,97119,96910,97066
1739725200,97066,97166,96945,96998
1739728800,96997,97002,96686,96885
1739732400,96885,97119,96788,97074
1739736000,97073,97154,96888,96934
1739739600,96933,97271,96877,97187
1739743200,97186,97201,96597,96868
1739746800,96880,96914,96066,96132
1739750400,96066,96434,96054,96318
1739754000,96324,96542,96099,96522
1739757600,96548,96631,96171,96216
1739761200,96235,96262,96075,96234
1739764800,96234,96271,96024,96043
1739768400,96043,96307,95836,96229
1739772000,96230,96446,96224,96388
1739775600,96392,96457,95926,96078
1739779200,96077,96272,95962,96157
1739782800,96158,96307,96109,96170
1739786400,96169,96388,96055,96108
1739790000,96118,96299,95980,96066
1739793600,96066,96492,96066,96448
1739797200,96462,96485,96263,96411
1739800800,96417,97014,96416,96809
1739804400,96810,96899,95583,95670
1739808000,95668,95938,95324,95337
1739811600,95365,95742,95284,95489
1739815200,95476,95765,95264,95339
1739818800,95339,95603,95227,95555
1739822400,95540,96278,95493,95997
1739826000,95994,96411,95938,96411
1739829600,96410,96410,95869,95884
1739833200,95889,96011,95719,95772
1739836800,95779,96062,95571,95617
1739840400,95671,96272,95629,96270
1739844000,96272,96313,96006,96051
1739847600,96042,96284,95996,96202
1739851200,96197,96284,95949,96061
1739854800,96072,96091,95563,95580
1739858400,95600,95640,95261,95368
1739862000,95375,95670,95291,95458
1739865600,95439,95568,95101,95234
1739869200,95142,95758,95142,95758
1739872800,95757,95845,95608,95699
1739876400,95716,95735,95527,95604
1739880000,95606,96237,95575,96158
1739883600,96158,96434,96086,96194
1739887200,96208,96714,95412,95500
1739890800,95473,95679,95178,95513
1739894400,95472,95592,94589,94597
1739898000,94607,94847,94059,94065
1739901600,94057,94291,93539,93870
1739905200,93868,94328,93340,94025
1739908800,94046,94398,93696,94144
1739912400,94140,95273,94066,95001
1739916000,95001,95461,94809,95257
1739919600,95266,95616,95195,95612
1739923200,95612,95783,95261,95297
1739926800,95298,95410,95011,95410
1739930400,95410,95880,95409,95773
1739934000,95774,95784,95525,95666
1739937600,95664,95719,95215,95215
1739941200,95204,95300,95033,95254
1739944800,95252,95621,95207,95581
1739948400,95581,95798,95567,95665
1739952000,95665,95824,95600,95600
1739955600,95599,95972,95599,95864
1739959200,95912,96430,95912,96306
1739962800,96306,96406,96193,96406
1739966400,96423,96469,96157,96158
1739970000,96157,96469,96157,96273
1739973600,96266,96677,95706,95751
1739977200,95762,96376,95539,95915
1739980800,95916,96342,95916,96296
1739984400,96304,96471,96119,96392
1739988000,96392,96402,95621,95650
1739991600,95653,96206,95410,96203
1739995200,96178,96469,96097,96139
1739998800,96165,96459,96047,96321
1740002400,96307,96585,96307,96539
1740006000,96539,96866,96538,96642
1740009600,96639,96832,96439,96822
1740013200,96861,96968,96649,96758
1740016800,96760,97272,96760,97130
1740020400,97130,97353,96982,97084
1740024000,97080,97333,97049,97223
1740027600,97223,97228,96910,96913
1740031200,96922,96980,96806,96917
1740034800,96917,97101,96825,96889
1740038400,96887,97201,96818,97177
1740042000,97156,97271,97156,97199
1740045600,97199,97364,97108,97364
1740049200,97364,97376,97179,97211
1740052800,97211,97540,97211,97444
1740056400,97443,97572,97307,97572
1740060000,97572,98058,96910,97000
1740063600,96999,97318,96840,96871
1740067200,96939,97970,96919,97566
1740070800,97570,98021,97524,97997
1740074400,97996,98456,97969,98346
1740078000,98392,98561,98267,98459
1740081600,98456,98758,98364,98519
1740085200,98551,98560,98056,98136
1740088800,98133,98415,98101,98154
1740092400,98153,98540,98153,98337
1740096000,98335,98536,98127,98261
1740099600,98278,98381,98146,98340
1740103200,98340,98400,98182,98182
1740106800,98181,98310,98145,98145
1740110400,98203,98303,98156,98232
1740114000,98231,98410,98203,98366
1740117600,98366,98445,98332,98430
1740121200,98429,98622,98211,98211
1740124800,98211,98291,98174,98239
1740128400,98239,98952,98139,98372
1740132000,98371,98682,98262,98639
1740135600,98639,98824,98513,98656
1740139200,98656,98978,98554,98924
1740142800,98973,99508,98852,99381
1740146400,99406,99406,98398,98803
1740150000,98802,99346,97172,98128
1740153600,98133,98760,97766,98231
1740157200,98230,98460,96853,96972
1740160800,96966,97229,96521,96541
1740164400,96521,96806,95178,95222
1740168000,95236,95620,94805,94944
1740171600,94958,95364,94941,95304
1740175200,95302,95834,95164,95765
1740178800,95765,96145,95609,96131
1740182400,96137,96180,95750,96170
1740186000,96167,96439,96113,96235
1740189600,96234,96469,96100,96343
1740193200,96343,96357,96168,96284
1740196800,96284,96457,96280,96402
1740200400,96402,96515,96323,96515
1740204000,96514,96563,96342,96397
1740207600,96394,96498,96296,96296
1740211200,96297,96344,96137,96195
1740214800,96197,96492,96142,96467
1740218400,96468,96550,96419,96500
1740222000,96498,96580,96497,96572
1740225600,96571,96967,96566,96828
1740229200,96827,96897,96528,96560
1740232800,96556,96701,96538,96544
1740236400,96543,96689,96506,96598
1740240000,96597,96794,96492,96517
1740243600,96516,96677,96488,96628
1740247200,96632,96805,96422,96457
1740250800,96455,96643,96379,96630
1740254400,96629,96643,96521,96589
1740258000,96589,96676,96521,96676
1740261600,96676,96712,96613,96668
1740265200,96667,96667,96521,96572
1740268800,96571,96666,96515,96666
1740272400,96664,96664,96403,96486
1740276000,96481,96526,96414,96430
1740279600,96429,96573,96429,96448
1740283200,96447,96541,96412,96417
1740286800,96416,96416,96227,96227
1740290400,96227,96353,96170,96350
1740294000,96350,96572,96320,96529
1740297600,96527,96527,96330,96372
1740301200,96381,96468,96284,96304
1740304800,96303,96303,96111,96187
1740308400,96198,96226,96119,96124
1740312000,96127,96163,95709,95735
1740315600,95751,95961,95743,95961
1740319200,95960,96035,95560,95606
1740322800,95573,95719,95448,95457
1740326400,95446,95616,95446,95457
1740330000,95443,95742,95260,95659
1740333600,95658,95879,95642,95733
1740337200,95758,95858,95728,95768
1740340800,95767,95822,95687,95791
1740344400,95791,95791,95656,95770
1740348000,95770,95926,95559,95802
1740351600,95801,96319,95788,96262
1740355200,96264,96492,96180,96259
1740358800,96255,96349,95784,95970
1740362400,95979,96207,95777,95826
1740366000,95818,95818,95342,95476
1740369600,95425,95573,95091,95295
1740373200,95295,95772,95244,95737
1740376800,95685,95892,95635,95868
1740380400,95877,95949,95722,95896
1740384000,95895,95931,95399,95505
1740387600,95525,96158,95525,95795
1740391200,95787,95926,95395,95654
1740394800,95646,95857,95432,95846
1740398400,95845,95949,95688,95803
1740402000,95805,96076,95365,95595
1740405600,95597,95777,94565,94648
1740409200,94664,94942,93833,94304
1740412800,94316,94953,94160,94398
1740416400,94408,95175,94301,94665
1740420000,94653,94852,94134,94165
1740423600,94155,94538,93685,93942
1740427200,93938,94540,93822,93975
1740430800,93974,94310,93607,93953
1740434400,93969,93969,92390,92477
1740438000,92431,92848,91330,91554
1740441600,91516,92131,90928,91833
1740445200,91850,92375,91179,92022
1740448800,92021,92499,91583,92356
1740452400,92356,92512,91926,92137
1740456000,92137,92310,91829,91923
1740459600,91888,92100,91711,92038
1740463200,92039,92108,91213,91242
1740466800,91245,91416,87629,89342
1740470400,89197,89973,89001,89368
1740474000,89369,89558,88251,88252
1740477600,88251,88815,86314,88180
1740481200,88107,89307,87623,89211
1740484800,89211,89507,88871,89348
1740488400,89355,89498,88730,88822
1740492000,88791,89315,87042,87110
1740495600,87060,87640,85953,87070
1740499200,87123,87639,86055,87345
1740502800,87323,87713,86742,87125
1740506400,87135,87660,86804,86960
1740510000,86960,87964,86400,87824
1740513600,87827,88930,87510,88058
1740517200,88051,88720,87670,88720
1740520800,88718,89386,88444,88738
1740524400,88738,89064,88567,88576
1740528000,88573,88573,88046,88055
1740531600,88046,88717,88046,88598
1740535200,88596,89060,88336,88906
1740538800,88906,89279,88788,88804
1740542400,88803,89128,88580,88603
1740546000,88596,88777,88313,88315
1740549600,88331,88841,88328,88829
1740553200,88828,89065,88372,88636
1740556800,88632,88712,88107,88415
1740560400,88415,89219,88389,89047
1740564000,89047,89241,88816,89195
1740567600,89184,89200,88548,88585
1740571200,88557,88615,87559,87878
1740574800,87880,88010,86989,87101
1740578400,87110,87576,85341,87528
1740582000,87465,88386,87335,87457
1740585600,87468,87689,86180,86696
1740589200,86686,87188,85591,85957
1740592800,85940,86386,83365,84177
1740596400,84175,84957,83662,83764
1740600000,83763,84496,82133,84217
1740603600,84280,84957,83357,84477
1740607200,84459,85247,84062,84297
1740610800,84297,84639,83800,84071
1740614400,84150,84674,83937,84605
1740618000,84606,85317,84207,84681
1740621600,84635,85052,84141,84222
1740625200,84197,85243,84197,85151
1740628800,85127,85243,84622,85056
1740632400,85069,85849,84975,85794
1740636000,85798,86625,85612,86187
1740639600,86194,86510,86034,86204
1740643200,86203,86362,85801,85986
1740646800,85992,86253,85797,86102
1740650400,86102,86979,85975,86971
1740654000,86946,86988,86334,86620
1740657600,86620,86715,86191,86240
1740661200,86240,86675,85723,86034
1740664800,86059,86314,84896,84937
1740668400,84898,86030,84590,85439
1740672000,85439,85606,84308,84393
1740675600,84393,84960,84274,84484
1740679200,84490,84876,84410,84519
1740682800,84489,84489,83501,83983
1740686400,84005,84040,82615,83345
1740690000,83424,84287,83122,84263
1740693600,84280,84653,83771,84637
1740697200,84620,84802,84344,84639
1740700800,84621,84798,84147,84238
1740704400,84156,84323,81084,81639
1740708000,81629,82772,79500,80690
1740711600,80690,81441,80198,80348
1740715200,80346,80857,79407,80313
1740718800,80321,80425,79060,79747
1740722400,79859,80306,78923,79279
1740726000,79219,80152,78764,79104
1740729600,79100,79309,78197,78890
1740733200,78882,80641,78812,80278
1740736800,80290,80424,79526,80030
1740740400,79953,80776,79924,80470
1740744000,80466,80761,80025,80739
1740747600,80720,81672,80572,81464
1740751200,81464,82514,81065,82090
1740754800,82066,84439,81953,84036
1740758400,84001,84900,83495,84351
1740762000,84330,84394,83575,83614
1740765600,83595,85082,83180,84467
1740769200,84460,84779,84207,84460
1740772800,84412,84768,83592,84141
1740776400,84162,84564,83965,84196
1740780000,84226,84434,83849,84091
1740783600,84104,84490,83970,84321
1740787200,84316,84569,83804,83830
1740790800,83818,84814,83803,84619
1740794400,84607,85600,84318,85204
1740798000,85205,85479,84935,85292
1740801600,85317,86517,85293,86154
1740805200,86154,86239,85562,85562
1740808800,85582,85631,84853,85043
1740812400,85042,85042,84713,84713
1740816000,84712,85284,84712,85284
1740819600,85284,85483,85108,85374
1740823200,85365,85410,84785,84881
1740826800,84886,84936,84358,84600
1740830400,84605,84905,84450,84717
1740834000,84717,84907,84317,84490
1740837600,84490,84813,84386,84684
1740841200,84676,84854,84512,84761
1740844800,84763,85223,84656,85223
1740848400,85232,85315,84911,85175
1740852000,85174,85290,85032,85288
1740855600,85287,85504,85160,85436
1740859200,85439,85534,85294,85485
1740862800,85487,86104,85274,86035
1740866400,86034,86227,85653,86080
1740870000,86148,86165,85654,86033
1740873600,86031,86266,85778,85980
1740877200,85981,86314,85980,86313
1740880800,86314,86448,85612,85756
1740884400,85751,86174,85737,85841
1740888000,85840,85840,85510,85706
1740891600,85708,86006,85628,85912
1740895200,85912,86508,85871,86249
1740898800,86236,86308,86050,86210
1740902400,86210,86217,85684,85719
1740906000,85719,86072,85653,85874
1740909600,85863,85965,85770,85951
1740913200,85960,86174,85925,86079
1740916800,86078,86078,85728,85944
1740920400,85945,85961,85473,85662
1740924000,85679,85877,85029,85079
1740927600,85079,88632,85052,87420
1740931200,87414,91957,87303,91208
1740934800,91254,95152,90690,94113
1740938400,94152,94460,92344,92758
1740942000,92776,93572,92609,93533
1740945600,93527,94456,93519,94349
1740949200,94347,94448,93667,94291
1740952800,94238,94725,93915,94265
1740956400,94251,94848,93857,94273
1740960000,94272,94422,93284,93284
1740963600,93294,93382,92642,93035
1740967200,93041,93394,92431,93282
1740970800,93284,93401,92439,92697
1740974400,92675,92929,92570,92820
1740978000,92839,93315,92808,93304
1740981600,93303,93303,91309,91595
1740985200,91612,92522,91169,92362
1740988800,92320,92355,91135,91433
1740992400,91471,92014,91183,91806
1740996000,91798,92524,91518,92492
1740999600,92494,92871,92410,92713
1741003200,92688,93215,92664,92995
1741006800,92994,93668,92864,93563
1741010400,93566,93695,89157,89179
1741014000,89207,91250,89111,89989
1741017600,89993,90654,89624,90101
1741021200,90101,90929,89864,90247
1741024800,90245,90392,86771,87097
1741028400,87096,87665,85500,85536
1741032000,85537,86318,85101,85992
1741035600,85988,86485,85069,85336
1741039200,85324,86968,85252,86605
1741042800,86590,86738,85964,86160
1741046400,86161,86727,85826,85950
1741050000,85960,86097,82618,83320
1741053600,83301,84331,82450,83898
1741057200,83861,84374,83580,83920
1741060800,83929,83959,83301,83354
1741064400,83387,84496,83343,84225
1741068000,84228,84347,83565,83833
1741071600,83824,83952,83112,83142
1741075200,83141,83873,83002,83850
1741078800,83851,84131,83605,83710
1741082400,83709,84000,83456,83920
1741086000,83920,84310,83656,83911
1741089600,83908,83932,83245,83762
1741093200,83716,83716,82170,82740
1741096800,82755,84872,82037,83109
1741100400,83114,83289,81463,82922
1741104000,82915,83758,81989,83505
1741107600,83500,85462,83380,85418
1741111200,85359,86903,85127,86772
1741114800,86741,88482,86559,88221
1741118400,88210,88825,86668,86761
1741122000,86811,88922,86583,87506
1741125600,87505,87938,87390,87425
1741129200,87458,87730,87078,87240
1741132800,87262,87262,86397,86781
1741136400,86780,87756,86584,87645
1741140000,87610,87849,87015,87467
1741143600,87422,87850,86765,86765
1741147200,86824,87376,86720,86875
1741150800,86899,87229,86836,87127
1741154400,87127,87534,87000,87466
1741158000,87463,87681,87344,87597
1741161600,87600,87892,87588,87736
1741165200,87736,88803,87662,88476
1741168800,88476,90623,88369,89911
1741172400,89882,90082,89568,89829
1741176000,89802,90917,89802,90360
1741179600,90377,90584,89100,89477
1741183200,89443,89797,88182,88517
1741186800,88519,89528,87916,88323
1741190400,88329,89236,87564,88919
1741194000,88927,90445,88782,89673
1741197600,89661,89909,88888,89688
1741201200,89701,90092,89475,89734
1741204800,89741,90546,89670,90478
1741208400,90500,90625,89925,90380
1741212000,90349,90524,90011,90463
1741215600,90523,90993,90318,90611
1741219200,90590,90820,89995,90089
1741222800,90060,91860,90060,91047
1741226400,91096,91992,91026,91805
1741230000,91805,92010,91433,91563
1741233600,91609,92424,91538,92279
1741237200,92288,92790,92140,92774
1741240800,92731,92752,91795,91918
1741244400,91926,91985,91254,91343
1741248000,91342,91600,91149,91160
1741251600,91147,91159,90638,90749
1741255200,90747,91649,90652,91273
1741258800,91290,91560,91026,91339
1741262400,91350,91395,89832,90131
1741266000,90096,90420,89467,89572
1741269600,89566,90358,89134,89812
1741273200,89794,91442,89622,90847
1741276800,90873,91056,89245,89292
1741280400,89308,89337,88000,88590
1741284000,88605,88945,88133,88399
1741287600,88401,89376,87835,88512
1741291200,88544,89332,88476,89026
1741294800,89067,89875,88978,89875
1741298400,89886,90777,89532,90311
1741302000,90340,90576,89905,89918
1741305600,89922,91277,84713,85493
1741309200,85563,88887,85286,88295
1741312800,88268,88429,87261,87261
1741316400,87263,87683,86812,86968
1741320000,86981,87878,86848,87615
1741323600,87615,88424,87581,88198
1741327200,88226,88344,87805,88185
1741330800,88207,88598,88107,88353
1741334400,88365,88473,87992,88392
1741338000,88363,89679,88350,88932
1741341600,88943,89284,88761,89257
1741345200,89259,89434,88867,88957
1741348800,88979,89305,88342,89060
1741352400,89059,90319,89005,89139
1741356000,89146,91081,88697,90458
1741359600,90447,90769,88054,88454
1741363200,88435,88937,86635,87202
1741366800,87210,88612,86563,87654
1741370400,87680,89000,87509,88550
1741374000,88570,88876,87319,87772
1741377600,87788,88442,86625,86949
1741381200,87007,87298,85593,86332
1741384800,86245,86810,85612,86733
1741388400,86707,86793,85966,86759
1741392000,86754,86861,86520,86693
1741395600,86693,86721,85190,86060
1741399200,86071,86287,85906,86160
1741402800,86134,86141,85439,85897
1741406400,85897,86473,85638,86417
1741410000,86417,86427,85995,86260
1741413600,86255,86622,86255,86456
1741417200,86456,86526,86107,86179
1741420800,86180,86290,86034,86078
1741424400,86057,86436,85839,85926
1741428000,85956,86231,85929,86101
1741431600,86084,86095,85756,85922
1741435200,85921,86356,85809,86190
1741438800,86190,86489,86098,86299
1741442400,86297,86582,86189,86330
1741446000,86331,86554,86194,86367
1741449600,86367,86426,85813,86113
1741453200,86109,86112,85653,85927
1741456800,85929,86049,85851,86019
1741460400,86055,86449,85801,86199
1741464000,86212,86343,86166,86247
1741467600,86249,86469,86183,86211
1741471200,86213,86314,85852,86314
1741474800,86313,86355,86040,86192
1741478400,86204,86428,86107,86392
1741482000,86392,86469,86075,86166
1741485600,86146,86248,85993,85994
1741489200,85993,86188,85952,86145
1741492800,86088,86095,85932,86038
1741496400,86019,86115,85960,86020
1741500000,85982,86010,85811,85862
1741503600,85872,86117,85818,85959
1741507200,85937,86036,85767,85767
1741510800,85770,85842,85401,85507
1741514400,85505,85618,84712,84822
1741518000,84812,85069,84662,85003
1741521600,85000,85000,84247,84556
1741525200,84531,84664,83491,83491
1741528800,83503,83773,83011,83578
1741532400,83592,83713,82763,83059
1741536000,83038,83703,82312,82503
1741539600,82505,82933,82201,82311
1741543200,82357,83302,82254,82645
1741546800,82663,82974,82318,82628
1741550400,82615,83509,82615,83080
1741554000,83078,83083,81540,81788
1741557600,81829,82041,80190,80284
1741561200,80357,81005,80000,80708
1741564800,80728,81472,80077,81271
1741568400,81268,81858,80814,81721
1741572000,81777,82730,81522,82170
1741575600,82224,82318,81799,82028
1741579200,82031,82643,82012,82639
1741582800,82647,82764,82140,82287
1741586400,82333,82418,81983,82326
1741590000,82349,82684,82065,82317
1741593600,82326,82382,81180,81371
1741597200,81358,84007,81326,82488
1741600800,82510,82654,81639,82307
1741604400,82327,83773,82074,83483
1741608000,83575,83752,82655,83267
1741611600,83236,83309,81419,81520
1741615200,81417,81445,79170,79807
1741618800,79887,81092,79547,80004
1741622400,80012,80192,78942,78969
1741626000,78987,79294,78167,78424
1741629600,78400,79111,77459,77600
1741633200,77600,79482,77393,78938
1741636800,78898,79667,78366,79260
1741640400,79287,79835,78918,79470
1741644000,79430,79728,79167,79517
1741647600,79468,79645,78471,78561
1741651200,78599,79168,76600,77655
1741654800,77648,79049,76811,79049
1741658400,79060,79575,78886,79322
1741662000,79317,79861,79247,79492
1741665600,79486,80212,79443,79741
1741669200,79737,80424,79679,80207
1741672800,80254,80520,80088,80088
1741676400,80087,80589,80078,80431
1741680000,80404,81492,80324,81136
1741683600,81108,81865,81108,81452
1741687200,81451,81865,81262,81790
1741690800,81789,82050,81414,81710
1741694400,81710,81884,81063,81235
1741698000,81210,82154,80541,80900
1741701600,80871,81315,79031,79742
1741705200,79646,81608,79639,81173
1741708800,81191,81877,80619,81356
1741712400,81361,81663,80749,81289
1741716000,81308,83453,81308,83282
1741719600,83264,83568,82829,83107
1741723200,83125,83129,82593,82766
1741726800,82779,83245,82779,83103
1741730400,83130,83285,82968,83173
1741734000,83110,83137,82547,82869
1741737600,82941,83113,82599,82732
1741741200,82740,83733,82731,83293
1741744800,83293,83293,82239,82414
1741748400,82423,82585,82089,82091
1741752000,82089,82129,81587,81767
1741755600,81767,81990,81581,81968
1741759200,81958,81958,81268,81434
1741762800,81373,82486,81308,82409
1741766400,82395,82791,82016,82678
1741770000,82677,82892,82229,82643
1741773600,82643,82743,82100,82461
1741777200,82486,83035,82421,82983
1741780800,82983,84437,82855,84048
1741784400,84103,84182,82369,82656
1741788000,82672,82902,81478,81478
1741791600,81500,81963,80607,81713
1741795200,81707,82253,81599,81958
1741798800,81923,82880,81804,81839
1741802400,81823,82778,81718,82628
1741806000,82617,83122,82469,82930
1741809600,82908,83162,82696,83124
1741813200,83125,83305,82866,83061
1741816800,83113,83679,83097,83651
1741820400,83637,83867,83389,83620
1741824000,83677,83980,83432,83432
1741827600,83420,84176,83310,83891
1741831200,83901,84287,83758,83770
1741834800,83768,84156,83543,83543
1741838400,83551,83691,83178,83281
1741842000,83263,83495,83074,83137
1741845600,83136,83306,82854,83264
1741849200,83283,83495,83132,83133
1741852800,83147,83247,82417,82983
1741856400,82958,83492,82958,83421
1741860000,83418,83453,82993,83173
1741863600,83159,83183,82701,82957
1741867200,82917,83849,82279,82480
1741870800,82495,83042,81596,81758
1741874400,81659,82461,81549,81958
1741878000,81988,82163,80948,81044
1741881600,81034,81231,80627,80787
1741885200,80849,80877,79910,80024
1741888800,80012,80907,79963,80762
1741892400,80779,80985,80094,80128
1741896000,80158,80681,80158,80275
1741899600,80318,80821,80240,80722
1741903200,80752,81355,80700,81355
1741906800,81355,81434,81045,81079
1741910400,81084,81647,80801,81508
1741914000,81399,81833,81198,81584
1741917600,81577,82229,81577,82187
1741921200,82171,82171,81721,81877
1741924800,81877,82012,81819,81945
1741928400,81972,82195,81802,82120
1741932000,82120,82165,81777,82019
1741935600,81992,82417,81885,82180
1741939200,82180,82615,82180,82573
1741942800,82615,82913,82555,82760
1741946400,82793,83269,82660,83034
1741950000,83041,83322,82998,83248
1741953600,83237,83505,83050,83406
1741957200,83410,83884,83054,83622
1741960800,83598,83598,82638,83502
1741964400,83512,85294,83512,84724
1741968000,84724,84949,83964,84786
1741971600,84785,84815,84201,84338
1741975200,84364,84719,84214,84574
1741978800,84569,84955,84468,84559
1741982400,84564,84564,83722,84137
1741986000,84143,84324,83989,84205
1741989600,84218,84517,84123,84449
1741993200,84439,84442,83968,83975
1741996800,83984,84348,83984,84322
1742000400,84318,84561,84129,84366
1742004000,84371,84621,84176,84585
1742007600,84555,84672,84428,84496
1742011200,84495,84571,84317,84463
1742014800,84462,84481,84287,84288
1742018400,84287,84312,84186,84195
1742022000,84199,84220,83833,83844
1742025600,83856,84012,83633,83901
1742029200,83900,83954,83734,83954
1742032800,83953,83973,83674,83914
1742036400,83914,84166,83860,84111
1742040000,84097,84267,84024,84155
1742043600,84147,84478,84147,84467
1742047200,84419,84419,84133,84140
1742050800,84148,84388,84148,84344
1742054400,84388,84469,84200,84345
1742058000,84353,84479,84268,84415
1742061600,84416,84473,84147,84223
1742065200,84214,84330,84116,84302
1742068800,84307,84429,84307,84378
1742072400,84378,84449,84243,84393
1742076000,84401,84449,84326,84384
1742079600,84395,84411,84295,84347
1742083200,84362,84369,84228,84228
1742086800,84257,84276,83848,83885
1742090400,83884,84115,83753,83963
1742094000,83957,84378,83914,84323
1742097600,84313,84409,84256,84400
1742101200,84400,84409,84301,84397
1742104800,84394,84400,84232,84242
1742108400,84229,84367,83960,84261
1742112000,84266,84340,84165,84259
1742115600,84264,84278,83816,83873
1742119200,83889,84035,83672,83673
1742122800,83673,83673,82397,82405
1742126400,82404,82924,82404,82761
1742130000,82724,83111,82506,82588
1742133600,82585,83342,82585,83342
1742137200,83342,83442,82994,83323
1742140800,83343,85059,83343,83639
1742144400,83656,84046,83482,83901
1742148000,83948,84093,83633,83692
1742151600,83692,83711,82593,83093
1742155200,83105,83404,82923,83217
1742158800,83209,83219,82694,82746
1742162400,82725,82828,82092,82101
1742166000,82091,82615,81983,82555
1742169600,82569,83132,82521,83044
1742173200,83051,83387,82833,83225
1742176800,83227,83352,82973,83197
1742180400,83317,83709,83317,83709
1742184000,83713,83853,83513,83591
1742187600,83598,83604,83132,83132
1742191200,83132,83281,82691,83212
1742194800,83192,83582,83192,83564
1742198400,83540,83672,83188,83534
1742202000,83529,83743,83438,83641
1742205600,83648,83678,83262,83325
1742209200,83375,83661,83223,83502
1742212800,83486,83952,83012,83055
1742216400,83052,83703,82803,83028
1742220000,83024,83322,82466,82900
1742223600,82900,83682,82714,83522
1742227200,83528,83843,83116,83451
1742230800,83411,84329,83362,84186
1742234400,84191,84579,83986,84511
1742238000,84497,84741,84348,84452
1742241600,84390,84390,83843,83956
1742245200,83958,84208,83882,84081
1742248800,84081,84246,84005,84057
1742252400,84058,84125,83763,84058
1742256000,83930,83989,83724,83794
1742259600,83794,83908,83022,83172
1742263200,83133,83512,83133,83361
1742266800,83333,83333,82954,83136
1742270400,83079,83192,82855,82974
1742274000,82974,83102,82909,83018
1742277600,82981,83004,82259,82453
1742281200,82423,83265,82412,83160
1742284800,83146,83440,83039,83275
1742288400,83280,83343,82794,82816
1742292000,82811,82917,82606,82825
1742295600,82812,82841,82512,82587
1742299200,82542,82803,82329,82369
1742302800,82377,82443,81138,81367
1742306400,81314,81953,81141,81855
1742310000,81747,82188,81525,81606
1742313600,81587,82141,81540,81872
1742317200,81855,81939,81326,81455
1742320800,81466,81929,81259,81869
1742324400,81860,82473,81745,82302
1742328000,82306,82331,81867,82040
1742331600,82059,82197,81917,82041
1742335200,81988,82536,81979,82383
1742338800,82384,82784,82384,82715
1742342400,82694,83222,82632,83087
1742346000,83130,83147,82614,82614
1742349600,82665,82875,82567,82866
1742353200,82850,83072,82747,83039
1742356800,83054,83072,82789,82952
1742360400,82951,83312,82904,83249
1742364000,83249,83312,83119,83190
1742367600,83190,83352,83062,83181
1742371200,83226,83550,83207,83429
1742374800,83423,83600,83366,83530
1742378400,83535,83803,83468,83502
1742382000,83502,84075,83415,83863
1742385600,83916,83916,83552,83780
1742389200,83780,84317,83633,84123
1742392800,84152,84378,83878,84316
1742396400,84310,84871,84139,84753
1742400000,84803,84827,84458,84595
1742403600,84587,84713,83790,84156
1742407200,84135,85883,83596,85644
1742410800,85660,85950,84988,85467
1742414400,85466,85869,85231,85372
1742418000,85373,85921,85352,85647
1742421600,85688,86500,85688,86188
1742425200,86265,87010,86212,86868
1742428800,86870,87470,85974,86062
1742432400,86091,86376,85767,85884
1742436000,85896,86131,85649,86089
1742439600,86130,86152,85851,85906
1742443200,85895,85955,85443,85683
1742446800,85692,85828,85490,85828
1742450400,85828,86003,85664,85789
1742454000,85769,85952,85736,85811
1742457600,85829,86293,85710,86244
1742461200,86228,86277,85819,85862
1742464800,85830,85942,84784,85168
1742468400,85163,85479,85163,85463
1742472000,85478,85520,85193,85325
1742475600,85323,85808,85050,85483
1742479200,85488,86479,85488,86144
1742482800,86151,86190,84561,84649
1742486400,84798,84877,83631,83758
1742490000,83756,84325,83690,84036
1742493600,84044,84273,83901,83989
1742497200,84001,84378,83880,84149
1742500800,84133,84569,84117,84494
1742504400,84489,84570,84220,84320
1742508000,84288,84468,83984,84093
1742511600,84106,84301,83880,84158
1742515200,84179,84469,84153,84434
1742518800,84443,84738,84338,84735
1742522400,84730,84801,84470,84640
1742526000,84640,84672,84247,84421
1742529600,84421,84773,84421,84638
1742533200,84631,84642,84318,84437
1742536800,84435,84441,84056,84169
1742540400,84169,84238,83713,83898
1742544000,83901,84101,83713,83971
1742547600,83987,84277,83765,84095
1742551200,84095,84262,83884,84125
1742554800,84134,84134,83905,84012
1742558400,84010,84297,83358,83435
1742562000,83426,84045,83142,83903
1742565600,83903,84236,83479,84214
1742569200,84206,84236,83513,83513
1742572800,83519,84100,83335,84054
1742576400,84061,84100,83671,83977
1742580000,83977,84398,83857,84090
1742583600,84062,84150,83768,83927
1742587200,83927,84191,83787,84183
1742590800,84186,84530,84139,84386
1742594400,84369,84369,84085,84148
1742598000,84119,84200,84025,84061
1742601600,84050,84227,84025,84170
1742605200,84167,84287,83965,84045
1742608800,84045,84226,83991,84163
1742612400,84156,84247,84101,84223
1742616000,84217,84358,84181,84330
1742619600,84332,84378,84224,84277
1742623200,84291,84358,84143,84302
1742626800,84306,84356,84206,84250
1742630400,84250,84253,84116,84200
1742634000,84204,84490,84204,84339
1742637600,84338,84412,84338,84384
1742641200,84384,84390,84197,84206
1742644800,84207,84276,84166,84220
1742648400,84219,84220,84046,84154
1742652000,84155,84193,83994,84002
1742655600,84002,84115,83964,84107
1742659200,84107,84136,84051,84128
1742662800,84128,84237,84128,84235
1742666400,84234,84304,84196,84254
1742670000,84253,84271,84166,84169
1742673600,84167,84202,83934,83936
1742677200,83934,84075,83854,84006
1742680800,84000,84065,83964,83964
1742684400,83964,83965,83682,83823
1742688000,83806,84025,83806,83996
1742691600,83995,84105,83969,84047
1742695200,84057,84247,83995,84215
1742698800,84220,84225,84146,84201
1742702400,84136,84136,84075,84092
1742706000,84098,84216,84098,84209
1742709600,84215,84257,84181,84227
1742713200,84224,84306,84205,84272
1742716800,84294,84328,84253,84322
1742724000,84306,84470,84294,84451
1742727600,84459,84988,84459,84651
1742731200,84652,84784,84581,84705
1742734800,84705,85059,84645,85056
1742738400,85056,85172,84864,84893
1742742000,84888,85233,84888,85170
1742745600,85176,85356,84959,85240
1742749200,85251,85387,84916,85011
1742752800,85011,85033,84816,84965
1742756400,84965,85084,84917,84996
1742760000,84996,85269,84996,85107
1742763600,85075,85193,84929,85175
1742767200,85187,85676,85179,85353
1742770800,85355,86116,85355,86084
1742774400,86084,86629,85867,86013
1742778000,86015,86033,85546,85566
1742781600,85576,85931,85541,85899
1742785200,85884,86552,85881,86551
1742788800,86550,86927,86550,86852
1742792400,86847,87020,86819,86909
1742796000,86904,87280,86904,87112
1742799600,87116,87181,86772,86882
1742803200,86880,87500,86861,87416
1742806800,87410,87500,87146,87186
1742810400,87178,87839,87146,87815
1742814000,87815,87839,87534,87699
1742817600,87699,87709,87276,87342
1742821200,87344,87713,87146,87710
1742824800,87711,88772,87659,87953
1742828400,87980,88382,87715,88346
1742832000,88350,88495,87706,88061
1742835600,88061,88477,87958,88456
1742839200,88465,88546,88151,88484
1742842800,88484,88519,88005,88274
1742846400,88273,88506,87851,87879
1742850000,87880,88293,87851,88139
1742853600,88139,88206,87347,87468
1742857200,87474,87538,87103,87512
1742860800,87488,87681,87283,87623
1742864400,87620,87620,86836,87093
1742868000,87069,87105,86864,86873
1742871600,86873,86996,86366,86529
1742875200,86529,86659,86321,86563
1742878800,86553,86781,86420,86688
1742882400,86686,86875,86547,86574
1742886000,86541,86830,86352,86441
1742889600,86441,86750,86415,86725
1742893200,86725,87344,86660,87238
1742896800,87233,87286,86980,87143
1742900400,87141,87496,87071,87378
1742904000,87379,87450,86959,87092
1742907600,87091,87976,87060,87618
1742911200,87631,88230,87372,88047
1742914800,88043,88272,87753,87817
1742918400,87803,87998,87661,87822
1742922000,87823,88336,87823,87986
1742925600,87962,88080,87618,87868
1742929200,87848,88280,87848,88139
1742932800,88139,88539,87859,87888
1742936400,87888,88237,87762,87763
1742940000,87781,87852,87230,87505
1742943600,87504,87541,87189,87436
1742947200,87448,87829,87255,87666
1742950800,87669,87896,87601,87864
1742954400,87864,87864,87336,87357
1742958000,87338,87424,87074,87169
1742961600,87176,87478,87106,87349
1742965200,87349,87629,87242,87544
1742968800,87544,87938,87475,87932
1742972400,87934,88296,87789,88157
1742976000,88157,88210,87899,88003
1742979600,88001,88071,87862,87960
1742983200,87961,88283,87961,88236
1742986800,88237,88283,87976,87992
1742990400,87992,88040,87629,87802
1742994000,87808,87952,86771,86868
1742997600,86868,87303,86469,86789
1743001200,86787,87021,86574,86771
1743004800,86769,87060,86435,86526
1743008400,86525,86837,86486,86568
1743012000,86587,86760,86190,86208
1743015600,86208,86796,85869,86587
1743019200,86587,87421,86526,87288
1743022800,87300,87310,86716,87143
1743026400,87114,87154,86759,86823
1743030000,86847,86965,86568,86913
1743033600,86966,87303,86809,87302
1743037200,87303,87525,87200,87395
1743040800,87395,87755,87366,87589
1743044400,87589,87692,87459,87687
1743048000,87696,87714,87433,87543
1743051600,87542,87542,87283,87335
1743055200,87335,87555,87304,87357
1743058800,87380,87455,87293,87425
1743062400,87424,87597,87293,87455
1743066000,87455,87544,87419,87425
1743069600,87425,87597,87125,87205
1743073200,87204,87331,86813,86958
1743076800,86952,87120,86738,86771
1743080400,86769,86871,85828,86362
1743084000,86374,87293,86200,87274
1743087600,87280,87575,86771,86958
1743091200,86958,87253,86799,86816
1743094800,86816,87141,86794,86899
1743098400,86892,87397,86864,87201
1743102000,87190,87417,87026,87027
1743105600,87058,87331,86927,87308
1743109200,87307,87702,87234,87553
1743112800,87568,87591,87305,87345
1743116400,87344,87344,87124,87219
1743120000,87224,87377,86926,87347
1743123600,87348,87481,87108,87223
1743127200,87223,87314,86948,86948
1743130800,86949,86986,86746,86788
1743134400,86782,86812,85942,86303
1743138000,86302,86302,85813,86046
1743141600,86045,86210,85634,85696
1743145200,85704,85855,85140,85167
1743148800,85167,85405,85029,85176
1743152400,85182,85366,84964,85122
1743156000,85133,85227,84877,84917
1743159600,84924,85212,84784,85212
1743163200,85212,85479,84876,85021
1743166800,85002,85540,84916,84978
1743170400,84977,85072,84119,84150
1743174000,84134,84470,83920,83993
1743177600,83997,84142,83628,83750
1743181200,83749,83947,83544,83940
1743184800,83940,84094,83668,83800
1743188400,83800,83818,83573,83714
1743192000,83719,84045,83670,83753
1743195600,83756,84045,83648,84000
1743199200,84000,84419,83999,84419
1743202800,84419,84478,84151,84379
1743206400,84384,84561,84307,84345
1743210000,84359,84467,84186,84256
1743213600,84265,84390,83801,83831
1743217200,83830,84206,83692,84138
1743220800,84138,84226,83954,84041
1743224400,84041,84058,83833,83993
1743228000,83993,83993,83632,83770
1743231600,83770,83848,83633,83707
1743235200,83707,83902,83641,83892
1743238800,83890,83904,83192,83519
1743242400,83517,83517,82794,82872
1743246000,82890,83062,81983,82256
1743249600,82260,82447,82108,82418
1743253200,82418,82813,82417,82792
1743256800,82792,82833,82425,82471
1743260400,82471,82599,82358,82388
1743264000,82389,82636,82155,82161
1743267600,82162,82575,81629,82304
1743271200,82303,82648,82193,82329
1743274800,82324,82700,82196,82700
1743278400,82722,82731,82402,82465
1743282000,82511,82650,82347,82467
1743285600,82468,82488,82242,82370
1743289200,82369,82645,82309,82608
1743292800,82608,82835,82479,82770
1743296400,82769,83032,82735,82925
1743300000,82923,83332,82915,83312
1743303600,83312,83462,83042,83080
1743307200,83078,83279,83058,83083
1743310800,83083,83205,82913,82932
1743314400,82934,83252,82853,83164
1743318000,83164,83282,83053,83054
1743321600,83054,83362,83054,83351
1743325200,83359,83499,83233,83473
1743328800,83474,83500,83057,83100
1743332400,83099,83315,82978,83097
1743336000,83102,83222,82974,83039
1743339600,83043,83130,82565,82674
1743343200,82664,83000,82606,82782
1743346800,82782,83033,82703,82706
1743350400,82709,82778,82176,82277
1743354000,82277,82510,82051,82389
1743357600,82389,82750,82389,82688
1743361200,82688,82851,82527,82538
1743364800,82538,82622,82388,82531
1743368400,82601,82671,82062,82239
1743372000,82221,82723,81551,82363
1743375600,82404,82404,81935,82359
1743379200,82367,82417,81287,81591
1743382800,81618,82239,81549,81975
1743386400,81955,82121,81639,81911
1743390000,81913,82024,81466,81502
1743393600,81508,81852,81405,81842
1743397200,81841,82278,81838,82154
1743400800,82156,82242,81912,82038
1743404400,82037,82279,81747,81925
1743408000,81923,82229,81878,81886
1743411600,81886,81948,81326,81440
1743415200,81430,82190,81305,82185
1743418800,82161,82246,81879,82197
1743422400,82187,83117,81905,82772
1743426000,82762,82859,81646,82480
1743429600,82494,83737,82494,83471
1743433200,83495,83914,83387,83404
1743436800,83404,83695,83248,83289
1743440400,83285,83535,82569,82675
1743444000,82675,83566,82675,83288
1743447600,83288,83425,82380,82422
1743451200,82409,82829,82352,82414
1743454800,82419,82721,82411,82538
1743458400,82538,82550,82251,82377
1743462000,82387,82826,82279,82538
1743465600,82537,82764,82417,82639
1743469200,82637,82727,82449,82699
1743472800,82691,83072,82637,83072
1743476400,83072,83212,82905,82932
1743480000,82933,83221,82879,83042
1743483600,83041,83302,82984,82984
1743487200,82984,83482,82893,83437
1743490800,83446,83582,83381,83457
1743494400,83454,84203,83433,84111
1743498000,84143,84377,84112,84338
1743501600,84354,84490,84150,84187
1743505200,84180,84204,83833,83929
1743508800,83928,84136,83612,83612
1743512400,83619,83872,83413,83668
1743516000,83646,84317,82536,84202
1743519600,84213,85496,84175,85271
1743523200,85314,85493,84841,85130
1743526800,85117,85322,84915,85138
1743530400,85114,85179,84731,85091
1743534000,85105,85175,84826,84979
1743537600,84960,85328,84769,85270
1743541200,85251,85458,85137,85278
1743544800,85237,85469,85121,85121
1743548400,85121,85530,85002,85170
1743552000,85171,85262,84950,84979
1743555600,84978,85216,84886,85174
1743559200,85174,85174,84676,84739
1743562800,84739,84905,84540,84590
1743566400,84584,84732,81188,84615
1743570000,84615,84615,84125,84125
1743573600,84125,84338,83944,84146
1743577200,84146,84458,84024,84441
1743580800,84440,84733,84268,84675
1743584400,84675,85397,84639,85025
1743588000,85038,85304,84866,84891
1743591600,84888,84988,84562,84569
1743595200,84570,85039,84495,85039
1743598800,85039,86095,84520,85277
1743602400,85283,85963,85223,85876
1743606000,85852,87355,85852,86768
1743609600,86786,87225,86601,87042
1743613200,87082,87258,86359,86618
1743616800,86640,86744,86210,86286
1743620400,86311,87027,86191,86943
1743624000,86928,88563,85215,85612
1743627600,85740,85741,84192,84847
1743631200,84839,84839,82674,82789
1743634800,82795,82812,82321,82502
1743638400,82477,83372,82157,83209
1743642000,83218,83896,83095,83768
1743645600,83746,83876,83280,83751
1743649200,83750,83759,83346,83526
1743652800,83464,83733,83286,83556
1743656400,83558,83701,83352,83352
1743660000,83352,83411,83001,83034
1743663600,83049,83489,83012,83473
1743667200,83473,83753,83471,83693
1743670800,83693,83735,83438,83473
1743674400,83479,83729,83147,83227
1743678000,83223,83343,83032,83095
1743681600,83032,83132,81827,81930
1743685200,81929,82764,81772,82334
1743688800,82305,82363,81284,81506
1743692400,81505,82043,81200,82032
1743696000,82028,82394,81701,81785
1743699600,81800,82134,81582,81802
1743703200,81798,82275,81501,82067
1743706800,82066,82315,81785,81934
1743710400,81950,82382,81760,82317
1743714000,82344,82813,82295,82679
1743717600,82687,82823,82563,82692
1743721200,82713,83289,82483,83132
1743724800,83182,83382,82973,83011
1743728400,83033,83302,82584,82672
1743732000,82692,83141,82692,82880
1743735600,82881,83039,82664,82781
1743739200,82781,82895,82595,82683
1743742800,82683,83177,82613,83176
1743746400,83176,83212,83006,83025
1743750000,83025,83993,83020,83984
1743753600,83988,84632,83988,84416
1743757200,84421,84708,84123,84628
1743760800,84584,84696,82422,82536
1743764400,82575,82757,81659,82677
1743768000,82654,83182,82185,82834
1743771600,82862,83440,82101,83326
1743775200,83304,83462,81831,82564
1743778800,82524,83662,82418,82839
1743782400,82863,83530,82705,83344
1743786000,83354,84588,82917,84401
1743789600,84468,84560,83715,83946
1743793200,83946,84428,83759,83998
1743796800,83974,84237,83448,84140
1743800400,84122,84419,83910,84151
1743804000,84178,84249,83977,84030
1743807600,84032,84074,83632,83851
1743811200,83852,83858,83434,83758
1743814800,83758,84226,83758,83952
1743818400,83987,84066,83783,83945
1743822000,83942,83942,83605,83611
1743825600,83620,83843,83595,83664
1743829200,83661,83843,83610,83673
1743832800,83672,83701,83322,83453
1743836400,83452,83532,83355,83501
1743840000,83504,83612,83352,83484
1743843600,83495,83815,83495,83815
1743847200,83823,83863,83563,83617
1743850800,83620,83670,83432,83433
1743854400,83439,83532,83122,83230
1743858000,83273,83298,82516,82703
1743861600,82709,82982,82666,82888
1743865200,82886,82895,82358,82596
1743868800,82595,82784,82573,82717
1743872400,82724,82913,82645,82831
1743876000,82839,83072,82839,83013
1743879600,83023,83102,82754,82793
1743883200,82891,83072,82824,83042
1743886800,83065,83185,82897,82897
1743890400,82898,83180,82898,83166
1743894000,83156,83612,83117,83507
1743897600,83514,83563,83382,83480
1743901200,83496,83741,83402,83402
1743904800,83424,83466,83263,83267
1743908400,83291,83371,83162,83314
1743912000,83316,83471,83213,83471
1743915600,83472,83482,83296,83412
1743919200,83413,83432,83102,83102
1743922800,83092,83160,82997,82998
1743926400,82997,82997,82714,82982
1743930000,82981,83116,82892,83031
1743933600,83030,83030,82695,82815
1743937200,82825,82875,82625,82804
1743940800,82805,82933,82616,82648
1743944400,82690,82802,82219,82276
1743948000,82281,82744,82210,82636
1743951600,82641,82783,82388,82535
1743955200,82532,82542,81904,81952
1743958800,81950,81961,80538,80767
1743962400,80788,80788,78639,79027
1743966000,79005,79798,78805,79605
1743969600,79596,79850,78512,78804
1743973200,78809,79617,78681,78935
1743976800,78901,79065,77757,77959
1743980400,77994,78613,77098,78342
1743984000,78381,78450,77385,78251
1743987600,78299,79292,78246,79094
1743991200,79086,79173,78342,78376
1743994800,78390,78455,77319,77669
1743998400,77665,77925,76611,76925
1744002000,76947,77432,76611,76890
1744005600,76879,77224,74483,74724
1744009200,74736,75366,74434,75049
1744012800,75051,76775,75032,76200
1744016400,76200,76737,75741,76222
1744020000,76242,77500,76118,76930
1744023600,76935,77352,76416,76643
1744027200,76660,77599,76389,77233
1744030800,77285,78437,75768,78315
1744034400,78324,81180,77862,79019
1744038000,79000,79332,77618,78461
1744041600,78432,78540,77292,77395
1744045200,77395,79167,77395,79048
1744048800,79060,79315,78256,78478
1744052400,78450,78915,77979,78065
1744056000,78076,79106,78072,78917
1744059600,78924,79542,78650,79182
1744063200,79205,80154,79148,79945
1744066800,79930,80056,79075,79127
1744070400,79134,79565,78974,79006
1744074000,79001,80750,78777,80570
1744077600,80604,80836,79876,79920
1744081200,79925,80175,79747,79876
1744084800,79890,80389,79850,80277
1744088400,80272,80291,79513,79857
1744092000,79853,79853,79274,79424
1744095600,79423,79690,79230,79461
1744099200,79459,79488,78915,79126
1744102800,79126,79185,78848,78889
1744106400,78885,79113,78809,78978
1744110000,78996,80029,78974,79964
1744113600,79975,80099,79560,79815
1744117200,79815,80318,79379,79892
1744120800,79871,80212,78454,78454
1744124400,78457,78813,78159,78468
1744128000,78465,78490,77302,77383
1744131600,77391,77494,76500,77295
1744135200,77282,77932,77033,77210
1744138800,77209,77289,76282,76737
1744142400,76789,77125,76530,77023
1744146000,77096,77215,76653,77012
1744149600,77033,77033,76159,76648
1744153200,76650,76710,76225,76244
1744156800,76252,76799,75860,76451
1744160400,76451,76521,74588,76058
1744164000,76082,76361,75509,75588
1744167600,75587,75797,74990,74990
1744171200,75018,76817,74990,76353
1744174800,76356,76756,76160,76672
1744178400,76679,77247,76665,76768
1744182000,76782,77910,76760,77669
1744185600,77668,77842,77061,77256
1744189200,77256,77525,77135,77466
1744192800,77449,77534,76931,77054
1744196400,77149,77149,75748,76215
1744200000,76193,76999,75998,76713
1744203600,76713,77776,76657,77656
1744207200,77645,78225,76721,76776
1744210800,76797,77551,76787,77193
1744214400,77199,78272,77065,78199
1744218000,78212,82229,77624,82175
1744221600,82229,83000,81689,81767
1744225200,81800,82562,81752,82294
1744228800,82404,83246,82000,83185
1744232400,83204,83565,82853,83271
1744236000,83266,83465,82951,83047
1744239600,83056,83135,82526,82595
1744243200,82594,82722,82036,82322
1744246800,82321,82583,82196,82220
1744250400,82216,82532,82169,82195
1744254000,82183,82197,81449,81745
1744257600,81742,82022,81622,81969
1744261200,81981,82203,81899,82136
1744264800,82136,82308,81826,82144
1744268400,82136,82224,81300,81567
1744272000,81600,81806,81425,81532
1744275600,81531,82038,81336,82023
1744279200,82011,82081,81534,81727
1744282800,81780,81885,81463,81838
1744286400,81837,82401,81434,81652
1744290000,81667,81902,80752,80833
1744293600,80833,81770,80561,81196
1744297200,81209,81282,78566,78701
1744300800,78696,79627,78424,79393
1744304400,79392,79623,78592,79262
1744308000,79257,79828,79189,79446
1744311600,79451,79966,79269,79584
1744315200,79570,79902,79515,79828
1744318800,79908,79981,79633,79672
1744322400,79671,79872,79498,79662
1744326000,79648,79699,79345,79543
1744329600,79558,79701,78942,79012
1744333200,78997,80384,78965,80377
1744336800,80385,80762,80127,80250
1744340400,80264,80855,80264,80771
1744344000,80790,81025,80689,80856
1744347600,80851,80859,80471,80766
1744351200,80830,81258,80809,81046
1744354800,81048,81387,80812,81226
1744358400,81226,81826,80772,81583
1744362000,81573,82377,81414,82372
1744365600,82377,82923,82259,82674
1744369200,82672,82853,81984,82077
1744372800,82106,82481,81796,82075
1744376400,82100,83245,81801,82901
1744380000,82889,82889,81312,81856
1744383600,81840,82645,81680,82466
1744387200,82466,82979,81974,82749
1744390800,82776,84027,82640,83884
1744394400,83918,84166,83492,83581
1744398000,83574,83938,83532,83798
1744401600,83876,83989,83682,83845
1744405200,83817,84257,83622,83659
1744408800,83653,83673,83284,83404
1744412400,83392,83530,83142,83384
1744416000,83384,83532,83232,83342
1744419600,83342,83418,83133,83173
1744423200,83226,83259,82794,82794
1744426800,82794,83102,82784,82946
1744430400,82944,83412,82839,83166
1744434000,83174,83452,83173,83301
1744437600,83374,83742,83366,83551
1744441200,83544,83782,83472,83695
1744444800,83724,83974,83463,83584
1744448400,83621,83724,83412,83518
1744452000,83518,83535,83282,83400
1744455600,83419,83612,83395,83494
1744459200,83496,83884,83451,83806
1744462800,83811,84622,83562,84438
1744466400,84437,85212,84288,84822
1744470000,84851,85377,84632,84969
1744473600,85003,85180,84570,84642
1744477200,84641,84836,84401,84732
1744480800,84739,85178,84739,85156
1744484400,85166,85241,84821,84933
1744488000,84935,85892,84868,85508
1744491600,85506,85557,85272,85377
1744495200,85390,85684,85320,85335
1744498800,85406,85423,85172,85274
1744502400,85277,85540,85007,85467
1744506000,85492,86084,85151,85259
1744509600,85254,85396,84732,85276
1744513200,85275,85684,85224,85428
1744516800,85412,85414,84475,84587
1744520400,84613,84789,84400,84504
1744524000,84503,84829,84442,84594
1744527600,84594,84764,84430,84430
1744531200,84411,84669,84277,84658
1744534800,84653,84906,84497,84904
1744538400,84904,84916,84508,84676
1744542000,84675,84753,84226,84508
1744545600,84509,84651,84237,84425
1744549200,84451,84571,83462,83573
1744552800,83568,84105,83457,84059
1744556400,84059,84059,83648,83821
1744560000,83830,84387,83830,84193
1744563600,84201,84937,84173,84760
1744567200,84748,84937,84514,84712
1744570800,84711,84712,83065,83918
1744574400,83973,84387,83192,83475
1744578000,83480,83782,83031,83583
1744581600,83577,83827,83162,83306
1744585200,83314,83805,83149,83712
1744588800,83774,85069,83680,84301
1744592400,84310,84623,84035,84204
1744596000,84224,85496,84021,85089
1744599600,85111,85111,84444,84547
1744603200,84578,85074,84408,84833
1744606800,84853,84969,84334,84547
1744610400,84555,84628,84277,84602
1744614000,84620,84759,84237,84544
1744617600,84574,84926,84439,84749
1744621200,84773,84902,84250,84450
1744624800,84448,84803,84302,84630
1744628400,84643,84937,84502,84923
1744632000,84937,85211,84758,85106
1744635600,85145,85253,84057,84353
1744639200,84359,85787,84267,85426
1744642800,85435,85439,83727,84098
1744646400,84098,84654,83873,84330
1744650000,84322,84881,84241,84850
1744653600,84858,85049,84691,84989
1744657200,84988,85199,84769,84917
1744660800,84921,84967,84542,84836
1744664400,84875,84964,84460,84705
1744668000,84713,84725,84459,84504
1744671600,84504,84754,84439,84583
1744675200,84583,84906,84353,84906
1744678800,84906,85121,84535,84947
1744682400,84967,85273,84693,85236
1744686000,85217,85387,85073,85377
1744689600,85377,85499,85146,85462
1744693200,85466,85839,85466,85540
1744696800,85530,85676,85347,85391
1744700400,85390,85766,85390,85733
1744704000,85732,85962,85706,85839
1744707600,85838,85973,85609,85973
1744711200,85973,86000,85459,85637
1744714800,85637,85668,85356,85583
1744718400,85584,85808,85450,85808
1744722000,85808,86450,85525,85588
1744725600,85588,85962,84850,85160
1744729200,85150,85376,84642,84915
1744732800,84915,85148,84789,84862
1744736400,84861,85008,84430,84480
1744740000,84479,84606,84166,84203
1744743600,84202,84230,83915,84013
1744747200,84011,84207,83823,84016
1744750800,84026,84226,83883,84152
1744754400,84178,84178,83701,83834
1744758000,83834,83844,83612,83686
1744761600,83632,83684,83133,83145
1744765200,83144,83642,83102,83627
1744768800,83642,83904,83626,83887
1744772400,83889,83934,83664,83681
1744776000,83680,83783,83412,83579
1744779600,83578,83793,83232,83356
1744783200,83376,83713,83279,83643
1744786800,83691,83743,83313,83362
1744790400,83340,84098,83145,83712
1744794000,83757,83928,83603,83604
1744797600,83604,84012,83582,83937
1744801200,83959,84115,83783,84025
1744804800,84048,84266,83734,83764
1744808400,83763,84175,83524,83770
1744812000,83738,84859,83738,84604
1744815600,84665,85254,84500,84841
1744819200,84864,85232,84718,85049
1744822800,85048,85528,83312,83312
1744826400,83351,84459,83351,84010
1744830000,84032,84476,83809,84347
1744833600,84333,84650,84257,84306
1744837200,84333,84672,84270,84526
1744840800,84582,84595,84310,84481
1744844400,84489,84489,84045,84046
1744848000,84045,84214,83945,84214
1744851600,84210,84483,84125,84339
1744855200,84342,84342,84045,84276
1744858800,84275,84301,83829,84006
1744862400,84005,84180,83902,84155
1744866000,84157,84489,84096,84385
1744869600,84387,84849,84335,84789
1744873200,84788,85043,84610,84672
1744876800,84685,84773,84410,84448
1744880400,84450,84512,84339,84463
1744884000,84463,84495,84188,84361
1744887600,84372,84733,84279,84542
1744891200,84557,84845,84557,84762
1744894800,84763,84763,84317,84466
1744898400,84463,84463,83751,84071
1744902000,84084,84682,84084,84535
1744905600,84540,85065,84407,84938
1744909200,84929,85211,84805,85111
1744912800,85116,85478,84925,84925
1744916400,84919,85129,84540,84873
1744920000,84915,85141,84872,85141
1744923600,85141,85141,84903,85051
1744927200,85068,85101,84744,84744
1744930800,84769,85025,84769,84954
1744934400,84954,85021,84745,84824
1744938000,84824,85121,84824,84932
1744941600,84932,84982,84815,84897
1744945200,84897,84898,84757,84842
1744948800,84842,84852,84612,84679
1744952400,84678,84748,84524,84739
1744956000,84742,84776,84591,84722
1744959600,84722,84732,84434,84640
1744963200,84662,84761,84607,84629
1744966800,84647,84647,84520,84538
1744970400,84538,84654,84490,84510
1744974000,84510,84664,84470,84664
1744977600,84682,84743,84558,84640
1744981200,84639,84639,84476,84566
1744984800,84567,84621,84388,84579
1744988400,84576,84596,84347,84361
1744992000,84373,84530,84310,84472
1744995600,84474,84602,84379,84559
1744999200,84560,84622,84508,84607
1745002800,84601,84622,84505,84544
1745006400,84555,84618,84469,84511
1745010000,84511,84672,84471,84597
1745013600,84620,84629,84432,84521
1745017200,84521,84521,84351,84468
1745020800,84466,84469,84367,84421
1745024400,84439,84571,84413,84539
1745028000,84548,84786,84487,84774
1745031600,84774,84973,84774,84883
1745035200,84902,85250,84897,85018
1745038800,85020,85182,85008,85075
1745042400,85092,85092,84906,84924
1745046000,84921,85241,84917,85218
1745049600,85217,85376,85114,85316
1745053200,85316,85432,85238,85328
1745056800,85334,85347,85152,85254
1745060400,85253,85288,85142,85217
1745064000,85218,85321,85203,85291
1745067600,85287,85479,85212,85470
1745071200,85470,85479,85360,85403
1745074800,85403,85611,85100,85181
1745078400,85181,85305,84723,84843
1745082000,84843,85223,84834,85223
1745085600,85221,85294,85132,85142
1745089200,85142,85196,85038,85087
1745092800,85087,85259,85010,85214
1745096400,85184,85346,85183,85335
1745100000,85335,85346,85208,85251
1745103600,85250,85251,85069,85069
1745107200,85074,85212,85050,85165
1745110800,85151,85305,85148,85305
1745114400,85305,85305,85195,85230
1745118000,85231,85242,85121,85159
1745121600,85161,85240,85110,85178
1745125200,85178,85190,85100,85100
1745128800,85090,85155,84855,84959
1745132400,84959,84959,84682,84791
1745136000,84791,84791,84628,84642
1745139600,84642,84642,84460,84557
1745143200,84554,84554,84005,84154
1745146800,84173,84237,83974,84125
1745150400,84124,84479,84124,84370
1745154000,84369,84439,84176,84324
1745157600,84323,84661,84269,84641
1745161200,84640,84640,84327,84359
1745164800,84360,84623,84288,84610
1745168400,84608,84625,84453,84585
1745172000,84583,84638,84473,84580
1745175600,84587,84652,84520,84647
1745179200,84647,85229,84615,85117
1745182800,85179,85202,84927,85001
1745186400,85006,85010,84682,84830
1745190000,84884,85274,84884,85198
1745193600,85197,86986,85134,86620
1745197200,86633,87427,86633,87286
1745200800,87323,87641,87128,87366
1745204400,87393,87603,87180,87180
1745208000,87191,87386,87074,87381
1745211600,87381,87705,87342,87545
1745215200,87554,87689,87397,87525
1745218800,87528,87597,87358,87428
1745222400,87428,87702,87428,87587
1745226000,87586,87765,87315,87497
1745229600,87497,87575,87250,87368
1745233200,87325,87335,86656,86989
1745236800,86988,87522,86985,87049
1745240400,87055,87578,86804,87062
1745244000,87046,88527,86979,88261
1745247600,88253,88408,87944,88103
1745251200,88092,88300,87046,87177
1745254800,87176,87318,86404,86871
1745258400,86869,87053,86671,86826
1745262000,86810,87475,86738,87421
1745265600,87405,87405,87141,87351
1745269200,87371,87383,86903,87278
1745272800,87271,87271,86929,87173
1745276400,87169,87624,87038,87505
1745280000,87505,87702,87094,87701
1745283600,87675,88874,87517,88436
1745287200,88425,88666,87913,88176
1745290800,88182,88272,87850,88160
1745294400,88173,88368,88043,88063
1745298000,88060,88399,87976,88390
1745301600,88389,88446,88018,88251
1745305200,88280,88489,88179,88488
1745308800,88495,88676,88338,88395
1745312400,88409,88588,88320,88530
1745316000,88579,88597,88272,88533
1745319600,88530,88697,88485,88624
1745323200,88623,89220,88495,88987
1745326800,89027,90521,88974,90278
1745330400,90270,90993,90089,90859
1745334000,90855,91496,90536,90977
1745337600,91014,91116,90705,90740
1745341200,90740,91566,90740,91497
1745344800,91477,91673,91220,91575
1745348400,91574,91761,91047,91556
1745352000,91546,91584,91132,91188
1745355600,91179,93928,91126,93042
1745359200,93052,93316,92565,92799
1745362800,92810,93899,92810,93481
1745366400,93482,93921,92863,92938
1745370000,92947,93527,92657,92687
1745373600,92687,93263,92658,92909
1745377200,92909,93216,92720,93188
1745380800,93200,93697,93061,93696
1745384400,93696,93696,93325,93508
1745388000,93511,93885,93441,93691
1745391600,93665,94257,93517,94154
1745395200,94154,94510,93944,94311
1745398800,94312,94422,93931,93931
1745402400,93922,93922,93382,93762
1745406000,93762,93787,93360,93486
1745409600,93486,93877,93444,93782
1745413200,93794,94700,92917,93063
1745416800,93055,93674,92715,92972
1745420400,92965,93244,91970,93209
1745424000,93207,93775,92934,93669
1745427600,93668,93981,93500,93914
1745431200,93913,94227,93646,93646
1745434800,93645,93679,93029,93563
1745438400,93563,93917,93541,93687
1745442000,93685,93936,93321,93522
1745445600,93523,93828,93293,93824
1745449200,93828,93883,93574,93730
1745452800,93730,93827,93305,93410
1745456400,93405,93654,93117,93525
1745460000,93525,93666,93103,93139
1745463600,93138,93352,92692,92694
1745467200,92693,92861,92415,92773
1745470800,92774,92920,92545,92587
1745474400,92586,92676,92293,92453
1745478000,92427,92635,92146,92230
1745481600,92234,92368,91700,92043
1745485200,92043,92579,91999,92502
1745488800,92498,92668,92375,92557
1745492400,92563,92657,92295,92613
1745496000,92614,92813,92457,92793
1745499600,92793,93000,92609,92866
1745503200,92865,93416,92679,93124
1745506800,93125,93483,93062,93240
1745510400,93241,93633,93241,93406
1745514000,93406,93484,92736,93055
1745517600,93054,93483,93042,93427
1745521200,93427,93739,93249,93618
1745524800,93603,93670,93360,93440
1745528400,93440,93617,93089,93400
1745532000,93400,93632,93341,93481
1745535600,93480,94035,93423,94010
1745539200,94010,94035,93565,93936
1745542800,93937,94493,93664,93707
1745546400,93706,93894,92930,93022
1745550000,93021,93413,92891,93333
1745553600,93333,93516,93091,93092
1745557200,93091,93450,93048,93232
1745560800,93237,93640,93229,93576
1745564400,93576,93887,93530,93810
1745568000,93810,93911,93654,93704
1745571600,93703,93888,93600,93855
1745575200,93854,93977,93629,93673
1745578800,93681,94680,93681,94631
1745582400,94680,95011,94362,94468
1745586000,94469,94744,94023,94484
1745589600,94461,95857,94460,95491
1745593200,95491,95789,94920,95158
1745596800,95158,95469,94838,95295
1745600400,95295,95626,94444,94592
1745604000,94596,95304,94596,95077
1745607600,95078,95434,94981,95407
1745611200,95399,95437,94886,94990
1745614800,94966,95113,94586,94698
1745618400,94689,95049,94689,94945
1745622000,94944,95026,94693,94726
1745625600,94720,94986,94632,94947
1745629200,94947,95249,94822,95087
1745632800,95086,95182,94771,95046
1745636400,95046,95115,94771,94784
1745640000,94783,94883,94578,94578
1745643600,94578,94742,94453,94664
1745647200,94663,94771,94641,94681
1745650800,94681,94855,94615,94615
1745654400,94615,94753,94328,94354
1745658000,94358,94458,94181,94302
1745661600,94301,94429,94188,94261
1745665200,94260,94295,94051,94175
1745668800,94175,94351,94150,94299
1745672400,94296,94335,93934,94159
1745676000,94169,94294,93968,94278
1745679600,94277,94419,94238,94409
1745683200,94404,94404,94091,94330
1745686800,94330,94396,94259,94339
1745690400,94339,94408,94181,94190
1745694000,94190,94371,94147,94352
1745697600,94344,94408,94147,94147
1745701200,94137,94392,94137,94388
1745704800,94388,94828,94388,94828
1745708400,94828,94918,94613,94662
1745712000,94662,94999,94614,94913
1745715600,94913,95353,94130,94150
1745719200,94163,94498,94128,94382
1745722800,94382,94491,94193,94194
1745726400,94193,94330,94047,94048
1745730000,94047,94191,93685,93936
1745733600,93936,94114,93911,94042
1745737200,94044,94159,93954,94090
1745740800,94090,94351,94052,94263
1745744400,94246,94262,94144,94194
1745748000,94193,94217,93990,94061
1745751600,94066,94117,93944,93965
1745755200,93944,94011,93731,93779
1745758800,93765,94112,93685,94085
1745762400,94098,94204,93960,94013
1745766000,94012,94043,93843,93938
1745769600,93937,93966,93764,93925
1745773200,93911,94181,93851,94087
1745776800,94080,94430,94039,94314
1745780400,94318,94475,94239,94475
1745784000,94470,94480,94298,94305
1745787600,94305,94566,94216,94374
1745791200,94374,94374,93698,93973
1745794800,93970,93970,93708,93769
1745798400,93780,93827,93328,93420
1745802000,93433,93638,92846,92964
1745805600,92973,93652,92956,93652
1745809200,93651,94032,93507,93875
1745812800,93875,94193,93875,94049
1745816400,94050,94349,93995,94258
1745820000,94300,94680,94298,94625
1745823600,94644,94829,94527,94734
1745827200,94741,94862,94646,94752
1745830800,94757,94915,94725,94776
1745834400,94783,95245,94408,95100
1745838000,95100,95559,95051,95294
1745841600,95369,95633,95124,95383
1745845200,95403,95558,93973,94012
1745848800,94011,94928,93900,94488
1745852400,94487,94579,93631,93895
1745856000,93874,94072,93483,93776
1745859600,93772,94131,93551,94126
1745863200,94129,94249,93826,94240
1745866800,94239,94942,94201,94819
1745870400,94804,94839,94420,94498
1745874000,94498,94582,94341,94565
1745877600,94575,94907,94517,94848
1745881200,94865,95192,94825,95041
1745884800,95040,95250,94873,95105
1745888400,95099,95479,94825,94903
1745892000,94906,94986,94557,94648
1745895600,94671,94838,94488,94685
1745899200,94685,94907,94353,94393
1745902800,94377,94446,94249,94304
1745906400,94305,94839,94305,94827
1745910000,94827,94987,94750,94955
1745913600,94955,95132,94855,95063
1745917200,95080,95122,94829,95022
1745920800,95020,95069,94805,94851
1745924400,94850,95318,94850,95163
1745928000,95163,95201,94831,94854
1745931600,94854,95056,94631,94866
1745935200,94827,95307,94600,95060
1745938800,95060,95158,94771,94879
1745942400,94878,95479,94831,95017
1745946000,94987,95399,94710,95243
1745949600,95283,95477,95098,95429
1745953200,95444,95468,95260,95327
1745956800,95327,95428,94848,94881
1745960400,94881,94996,94401,94782
1745964000,94781,94781,94084,94204
1745967600,94192,94316,93775,94285
1745971200,94284,94646,94161,94575
1745974800,94617,94631,94328,94556
1745978400,94552,94804,94479,94670
1745982000,94670,95135,94522,95038
1745985600,95061,95193,94899,95081
1745989200,95091,95138,94905,94917
1745992800,94919,94994,94782,94783
1745996400,94785,94904,94544,94654
1746000000,94653,94811,94556,94740
1746003600,94726,95033,94698,94997
1746007200,95000,95033,94878,94972
1746010800,94980,95269,94958,95203
1746014400,95203,95240,94388,94592
1746018000,94585,94653,93016,93094
1746021600,93035,94351,92946,93718
1746025200,93720,94109,93658,94024
1746028800,94022,94170,93530,93935
1746032400,93935,94282,93762,94108
1746036000,94108,94500,94011,94096
1746039600,94091,94286,93770,94148
1746043200,94135,94756,94135,94582
1746046800,94577,94781,94406,94445
1746050400,94444,94736,94093,94135
1746054000,94137,94349,94035,94181
1746057600,94181,94400,94141,94400
1746061200,94400,94737,94400,94656
1746064800,94662,94992,94626,94866
1746068400,94878,95021,94698,94799
1746072000,94804,94944,94745,94889
1746075600,94902,95193,94849,95171
1746079200,95175,95193,94839,94930
1746082800,94925,95124,94832,95042
1746086400,95050,95226,94934,95224
1746090000,95223,95838,95156,95548
1746093600,95561,96399,95561,96192
1746097200,96183,96266,95880,96204
1746100800,96236,96495,96148,96406
1746104400,96405,96748,95862,95872
1746108000,95893,96955,95878,96892
1746111600,96949,97470,96825,96918
1746115200,96926,97450,96926,97064
1746118800,97064,97280,96585,96842
1746122400,96848,97014,96470,96931
1746126000,96937,96942,96482,96591
1746129600,96579,96945,96376,96470
1746133200,96463,96823,96454,96524
1746136800,96540,96691,96423,96424
1746140400,96424,96544,96232,96535
1746144000,96557,97061,96510,97061
1746147600,97061,97201,96808,96993
1746151200,96993,97078,96764,97000
1746154800,96987,97248,96987,97136
1746158400,97136,97306,96912,96966
1746162000,96965,97037,96666,96749
1746165600,96731,96910,96620,96744
1746169200,96745,96761,96400,96400
1746172800,96399,96797,96399,96661
1746176400,96656,96805,96515,96632
1746180000,96664,96956,96664,96933
1746183600,96956,97119,96918,96977
1746187200,96976,97213,96702,97213
1746190800,97213,97294,96736,96806
1746194400,96888,97927,96745,97784
1746198000,97840,97938,97112,97364
1746201600,97440,97839,97390,97413
1746205200,97395,97483,97131,97455
1746208800,97454,97665,97215,97226
1746212400,97225,97239,96824,96988
1746216000,96988,97176,96898,97063
1746219600,97062,97083,96603,96754
1746223200,96765,96830,96625,96677
1746226800,96677,96933,96634,96925
1746230400,96926,96956,96668,96743
1746234000,96743,96767,96474,96522
1746237600,96522,96724,96521,96563
1746241200,96570,96570,96351,96371
1746244800,96365,96608,96365,96555
1746248400,96560,96620,96448,96457
1746252000,96458,96458,96191,96209
1746255600,96208,96411,96196,96352
1746259200,96363,96446,96180,96318
1746262800,96318,96411,96227,96292
1746266400,96279,96280,95903,95935
1746270000,95910,96099,95906,95987
1746273600,95987,96177,95913,96146
1746277200,96173,96353,96151,96353
1746280800,96353,96468,96312,96415
1746284400,96425,96527,96352,96444
1746288000,96449,96453,96129,96239
1746291600,96237,96237,95938,96215
1746295200,96215,96284,96122,96174
1746298800,96184,96376,96152,96376
1746302400,96376,96411,96304,96348
1746306000,96352,96446,96248,96290
1746309600,96298,96365,96183,96193
1746313200,96193,96194,95800,95916
1746316800,95850,96053,95811,95906
1746320400,95908,96180,95639,96113
1746324000,96128,96295,95835,95932
1746327600,95919,95919,95696,95747
1746331200,95763,95958,95751,95751
1746334800,95751,96134,95726,96078
1746338400,96070,96145,95891,95917
1746342000,95923,96095,95846,95887
1746345600,95901,95941,95497,95669
1746349200,95669,95703,95475,95501
1746352800,95500,95532,95330,95449
1746356400,95408,95561,95370,95437
1746360000,95431,95605,95430,95484
1746363600,95484,95601,95254,95384
1746367200,95385,95639,95335,95638
1746370800,95639,95685,95445,95476
1746374400,95475,95570,95318,95357
1746378000,95354,95493,95273,95415
1746381600,95415,95490,95371,95402
1746385200,95401,95639,95378,95589
1746388800,95594,95731,95594,95711
1746392400,95731,95764,95639,95664
1746396000,95698,95698,94760,95029
1746399600,95027,95033,94162,94316
1746403200,94301,94804,94208,94723
1746406800,94723,94727,93750,93913
1746410400,93928,94395,93550,94242
1746414000,94245,94301,94037,94057
1746417600,94074,94430,94036,94420
1746421200,94420,94744,94269,94682
1746424800,94736,94759,94576,94759
1746428400,94759,94794,94535,94751
1746432000,94759,94793,94493,94562
1746435600,94563,94655,94496,94562
1746439200,94562,94573,94080,94130
1746442800,94129,94285,93899,94045
1746446400,94045,94340,93915,94339
1746450000,94339,94408,93652,94193
1746453600,94272,94515,93742,93891
1746457200,93890,93959,93618,93766
1746460800,93770,94283,93744,94200
1746464400,94199,94600,94059,94485
1746468000,94509,94885,94454,94721
1746471600,94725,94885,94289,94342
1746475200,94344,94359,93882,94234
1746478800,94256,94805,94245,94698
1746482400,94709,95198,94709,95047
1746486000,95047,95129,94720,94725
1746489600,94725,94760,94440,94598
1746493200,94597,94916,94315,94315
1746496800,94315,94380,94035,94302
1746500400,94309,94494,94223,94457
1746504000,94455,94571,94346,94563
1746507600,94563,94603,94296,94325
1746511200,94324,94462,94324,94461
1746514800,94488,94589,94338,94412
1746518400,94389,94389,94003,94349
1746522000,94350,94351,94103,94187
1746525600,94197,94313,93855,93934
1746529200,93934,94051,93719,93799
1746532800,93798,94012,93746,93928
1746536400,93927,93988,93376,93593
1746540000,93613,94657,93613,94175
1746543600,94146,94714,94080,94537
1746547200,94537,94812,94224,94224
1746550800,94234,94849,94234,94522
1746554400,94518,95075,94498,95073
1746558000,95073,95151,94930,94961
1746561600,94961,95031,94643,94679
1746565200,94682,94810,94476,94678
1746568800,94678,96280,94678,96269
1746572400,96267,96895,96109,96814
1746576000,96815,97469,96763,97429
1746579600,97429,97717,97202,97239
1746583200,97242,97264,96505,96629
1746586800,96632,96661,96226,96501
1746590400,96502,96689,96422,96568
1746594000,96569,96569,96318,96382
1746597600,96381,96643,96359,96550
1746601200,96549,97002,96549,97001
1746604800,96999,97061,96869,97031
1746608400,97032,97061,96877,96974
1746612000,96974,97096,96837,97025
1746615600,97028,97075,96950,97022
1746619200,97055,97178,96889,96964
1746622800,96961,97294,96733,97036
1746626400,97035,97481,96829,96944
1746630000,96945,97154,96771,96938
1746633600,96937,96956,96538,96871
1746637200,96867,96887,96208,96289
1746640800,96327,96863,95926,96596
1746644400,96596,96639,95823,96210
1746648000,96189,96781,96090,96781
1746651600,96782,97340,96692,97159
1746655200,97170,97323,97029,97275
1746658800,97275,97376,97007,97054
1746662400,97059,97790,96907,97777
1746666000,97800,98350,97623,97859
1746669600,97846,98848,97846,98695
1746673200,98709,99199,98558,99160
1746676800,99169,99412,98942,98962
1746680400,98973,99138,98758,98762
1746684000,98761,99045,98736,99045
1746687600,99045,99380,99042,99282
1746691200,99283,99812,99260,99681
1746694800,99697,99828,99574,99810
1746698400,99809,99897,99698,99801
1746702000,99788,99788,99442,99442
1746705600,99442,99567,99287,99298
1746709200,99298,99634,99126,99312
1746712800,99319,99837,99216,99419
1746716400,99408,101527,99371,100792
1746720000,100789,101394,100643,101319
1746723600,101319,101711,100821,101039
1746727200,101060,101479,100996,101382
1746730800,101357,101375,101003,101304
1746734400,101337,102840,101312,102611
1746738000,102614,104159,102133,102824
1746741600,102821,103214,102422,102993
1746745200,102958,103261,102797,103261
1746748800,103234,103249,102550,102799
1746752400,102783,103116,102564,103082
1746756000,103062,103065,102500,102557
1746759600,102546,102784,102360,102453
1746763200,102433,102809,102371,102809
1746766800,102808,102935,102582,102929
1746770400,102929,103236,102904,103209
1746774000,103209,104332,103114,103670
1746777600,103670,103932,102680,102973
1746781200,102974,103248,102435,102919
1746784800,102920,103434,102813,103344
1746788400,103337,103419,102659,102942
1746792000,102918,103156,102818,102894
1746795600,102903,103794,102837,103645
1746799200,103645,103744,102433,103154
1746802800,103154,103306,102704,102907
1746806400,102940,102944,102350,102499
1746810000,102499,103246,102380,103214
1746813600,103213,103396,102967,103198
1746817200,103197,103319,102922,103230
1746820800,103234,103445,103165,103209
1746824400,103209,103228,102816,103000
1746828000,103000,103088,102780,102798
1746831600,102799,102995,102758,102991
1746835200,102992,103112,102845,102874
1746838800,102875,103112,102875,103007
1746842400,103007,103285,102964,103148
1746846000,103153,103233,103006,103233
1746849600,103231,103236,103051,103173
1746853200,103180,103360,103103,103360
1746856800,103372,103943,103372,103943
1746860400,103945,104093,103658,103740
1746864000,103787,104075,103496,103645
1746867600,103681,103905,103397,103800
1746871200,103790,103882,103611,103611
1746874800,103621,103673,103409,103415
1746878400,103463,103807,103463,103710
1746882000,103711,103803,103548,103641
1746885600,103641,103679,103460,103536
1746889200,103536,103549,103149,103156
1746892800,103160,103495,103150,103443
1746896400,103439,103598,103197,103209
1746900000,103207,103327,103063,103264
1746903600,103243,103320,103105,103209
1746907200,103210,103330,103086,103201
1746910800,103208,103807,103170,103774
1746914400,103783,103828,103583,103622
1746918000,103622,104985,103608,104809
1746921600,104809,104958,103957,104436
1746925200,104435,104531,103890,104090
1746928800,104144,104300,103489,103763
1746932400,103778,104202,103666,104045
1746936000,104010,104400,104010,104163
1746939600,104165,104214,103839,103866
1746943200,103865,103993,103641,103878
1746946800,103878,103883,103369,103403
1746950400,103403,104019,103403,103853
1746954000,103853,104483,103836,104347
1746957600,104348,104641,104216,104641
1746961200,104645,104752,104391,104664
1746964800,104681,104884,104545,104631
1746968400,104612,104669,103994,103995
1746972000,104010,104307,103832,104194
1746975600,104182,104683,103959,104154
1746979200,104163,104208,103795,104012
1746982800,104010,104157,103820,104050
1746986400,104063,104834,103879,104564
1746990000,104564,104681,104394,104459
1746993600,104465,104481,104207,104318
1746997200,104319,104406,104007,104383
1747000800,104407,104582,103621,103840
1747004400,103838,104144,103807,104129
1747008000,104138,104645,104104,104624
1747011600,104634,105079,103817,104003
1747015200,104009,104207,103757,103896
1747018800,103907,104104,103745,104104
1747022400,104104,104144,103833,104085
1747026000,104078,104078,103782,103952
1747029600,103979,104407,103830,104406
1747033200,104407,105706,104162,104469
1747036800,104477,104741,104085,104621
1747040400,104631,104678,104395,104483
1747044000,104483,104544,104165,104523
1747047600,104512,104628,103645,103776
1747051200,103753,104132,103739,103887
1747054800,103887,104618,103670,104348
1747058400,104374,104397,102563,102799
1747062000,102799,103201,102414,102537
1747065600,102531,103078,102487,102859
1747069200,102859,103095,102530,102558
1747072800,102559,102666,100764,101670
1747076400,101613,102100,101481,101838
1747080000,101833,102899,101763,102681
1747083600,102695,102748,102362,102526
1747087200,102537,102934,102366,102862
1747090800,102888,103133,102796,102796
1747094400,102796,102796,102188,102243
1747098000,102277,102717,102092,102393
1747101600,102422,102668,101732,102071
1747105200,102091,102135,101471,101726
1747108800,101693,102750,101678,102738
1747112400,102727,102727,102260,102462
1747116000,102500,102670,102323,102548
1747119600,102569,102942,102569,102658
1747123200,102685,102932,102557,102726
1747126800,102749,103500,102747,103472
1747130400,103472,103608,103289,103561
1747134000,103561,103838,103464,103714
1747137600,103753,103967,103459,103695
1747141200,103715,103932,103437,103734
1747144800,103734,103775,102870,103211
1747148400,103210,103870,103165,103719
1747152000,103719,104394,103558,103754
1747155600,103789,104340,103731,104311
1747159200,104327,104445,104124,104399
1747162800,104400,104997,104210,104850
1747166400,104832,104973,104446,104556
1747170000,104582,104633,104233,104361
1747173600,104447,104450,104123,104145
1747177200,104151,104282,103944,104135
1747180800,104126,104126,103795,103943
1747184400,103916,104072,103713,103741
1747188000,103745,103795,103514,103715
1747191600,103712,103784,103476,103579
1747195200,103578,103830,103473,103734
1747198800,103734,103969,103709,103890
1747202400,103902,103964,103670,103752
1747206000,103755,103782,103432,103707
1747209600,103711,103857,103232,103232
1747213200,103239,103483,102890,103481
1747216800,103482,103919,103446,103699
1747220400,103707,104132,103707,103943
1747224000,103944,104207,103907,104011
1747227600,103999,104357,103521,103944
1747231200,103957,103957,102933,103280
1747234800,103279,103534,102878,103534
1747238400,103541,103621,103192,103384
1747242000,103391,103458,102622,103272
1747245600,103277,103513,103043,103513
1747249200,103555,103739,103260,103314
1747252800,103325,103694,103314,103576
1747256400,103579,103670,103459,103662
1747260000,103662,103670,103457,103535
1747263600,103507,103621,103422,103531
1747267200,103514,103895,103514,103837
1747270800,103804,103822,103002,103064
1747274400,103013,103224,102940,103068
1747278000,103065,103153,102766,102774
1747281600,102772,102946,102742,102914
1747285200,102930,102939,102360,102401
1747288800,102401,102709,102188,102267
1747292400,102287,102464,101767,101807
1747296000,101796,102336,101796,102291
1747299600,102280,102283,101550,101833
1747303200,101830,101954,101650,101834
1747306800,101834,102446,101807,102410
1747310400,102394,102840,102303,102598
1747314000,102590,102803,101615,102119
1747317600,102164,102409,101442,101980
1747321200,101945,103304,101945,103300
1747324800,103300,103863,103046,103859
1747328400,103883,104184,103665,103996
1747332000,103994,104037,102643,102718
1747335600,102666,103268,102612,103169
1747339200,103198,103501,102937,103473
1747342800,103464,103464,102734,103316
1747346400,103277,103969,103271,103513
1747350000,103532,103907,103256,103793
1747353600,103800,104032,103687,103785
1747357200,103778,104119,103487,104075
1747360800,104098,104457,103959,104218
1747364400,104219,104341,104024,104045
1747368000,104052,104214,103845,103945
1747371600,103952,104168,103878,103919
1747375200,103956,104125,103911,104006
1747378800,103978,104194,103733,103735
1747382400,103763,103790,103137,103433
1747386000,103458,103845,103430,103840
1747389600,103844,103895,103667,103846
1747393200,103880,103932,103621,103705
1747396800,103696,103807,103549,103549
1747400400,103553,104118,103497,104036
1747404000,104042,104042,103397,103610
1747407600,103645,104294,103645,104223
1747411200,104235,104570,103907,104184
1747414800,104194,104420,103812,103902
1747418400,103901,104121,103735,103740
1747422000,103736,104117,103622,104080
1747425600,104068,104068,103556,103714
1747429200,103684,103821,103531,103673
1747432800,103605,103632,103451,103572
1747436400,103569,103716,103461,103506
1747440000,103503,103575,103149,103402
1747443600,103331,103331,102668,102853
1747447200,102853,103372,102792,103295
1747450800,103325,103572,103195,103554
1747454400,103538,103681,103498,103681
1747458000,103681,103720,103360,103369
1747461600,103368,103532,103335,103513
1747465200,103511,103633,103460,103477
1747468800,103477,103571,103174,103452
1747472400,103457,103566,102865,102945
1747476000,102905,103075,102865,102909
1747479600,102927,103112,102803,103021
1747483200,103022,103086,102924,102957
1747486800,102968,103124,102681,102753
1747490400,102770,103191,102763,103157
1747494000,103157,103199,102969,102989
1747497600,102980,103120,102808,102974
1747501200,102975,103323,102975,103165
1747504800,103145,103372,103016,103018
1747508400,103013,103239,102977,103192
1747512000,103188,103447,103129,103447
1747515600,103425,103496,103166,103287
1747519200,103283,103290,102954,103072
1747522800,103079,103236,102994,103153
1747526400,103172,103434,103149,103411
1747530000,103409,103412,103175,103272
1747533600,103332,103393,103291,103374
1747537200,103387,103432,103167,103324
1747540800,103330,103459,103326,103384
1747544400,103386,103683,103386,103667
1747548000,103678,103683,103410,103496
1747551600,103496,103982,103486,103947
1747555200,103982,104094,103859,103934
1747558800,103935,104032,103871,103893
1747562400,103918,103957,103833,103873
1747566000,103880,104019,103830,103830
1747569600,103826,103977,103757,103977
1747573200,103970,104814,103924,104814
1747576800,104817,105541,104574,105274
1747580400,105303,105680,105023,105531
1747584000,105550,105972,105212,105823
1747587600,105840,105924,104897,104897
1747591200,104884,104964,104044,104549
1747594800,104548,104783,103918,103944
1747598400,103912,104268,103347,104169
1747602000,104117,104632,104117,104261
1747605600,104252,105994,104005,105976
1747609200,105975,106635,105528,106520
1747612800,106520,107115,105178,105306
1747616400,105284,105410,104765,105081
1747620000,105078,105204,104606,104671
1747623600,104655,104655,103592,103655
1747627200,103639,103761,102822,103030
1747630800,103007,103124,102581,103065
1747634400,103065,103199,102126,102251
1747638000,102215,103372,102215,103248
1747641600,103253,103372,102964,103259
1747645200,103236,103447,103041,103094
1747648800,103094,103100,102890,102947
1747652400,102964,103087,102822,103005
1747656000,102958,102960,102182,102444
1747659600,102496,103542,102339,103336
1747663200,103337,104394,103247,104348
1747666800,104359,104997,104307,104859
1747670400,104839,105439,104557,105387
1747674000,105379,105566,104990,105415
1747677600,105409,105541,104743,104803
1747681200,104879,105632,104683,105585
1747684800,105558,105820,105377,105484
1747688400,105490,105565,105060,105494
1747692000,105493,105672,105247,105586
1747695600,105586,105845,105490,105622
1747699200,105630,106565,105599,105767
1747702800,105748,106776,105736,106491
1747706400,106461,106851,106036,106115
1747710000,106131,106199,105561,105779
1747713600,105779,106252,105569,106224
1747717200,106224,106418,106096,106119
1747720800,106121,106225,105427,105484
1747724400,105485,105731,104972,105056
1747728000,105067,105257,104910,105228
1747731600,105249,105401,105227,105313
1747735200,105313,105414,105057,105057
1747738800,105055,105377,104972,105250
1747742400,105249,105249,104696,104823
1747746000,104826,104898,104232,104489
1747749600,104486,104997,104337,104559
1747753200,104559,105414,104545,105360
1747756800,105360,105541,105137,105247
1747760400,105247,106379,105247,106243
1747764000,106273,106456,105288,105310
1747767600,105318,107290,105262,107015
1747771200,107064,107340,106482,106950
1747774800,106950,107270,106200,106658
1747778400,106710,106905,105992,106819
1747782000,106835,107222,106711,106855
1747785600,106891,107238,106528,106795
1747789200,106802,107127,106478,106549
1747792800,106549,106930,106252,106900
1747796400,106912,107148,106819,106891
1747800000,106901,107734,106802,107353
1747803600,107327,107754,107327,107601
1747807200,107601,108035,107352,107805
1747810800,107806,107926,106517,106544
1747814400,106563,106834,106405,106414
1747818000,106415,106571,106141,106248
1747821600,106247,106479,106189,106377
1747825200,106384,106762,106332,106589
1747828800,106580,106925,106453,106609
1747832400,106635,107716,106406,107305
1747836000,107348,109055,107078,109055
1747839600,109052,109500,108364,109024
1747843200,109026,109874,108778,109192
1747846800,109222,109418,106214,106617
1747850400,106671,107457,106410,107029
1747854000,107026,108908,106687,108691
1747857600,108679,108803,107806,108296
1747861200,108303,108612,107975,108474
1747864800,108476,109065,108326,108791
1747868400,108796,110730,108737,109682
1747872000,109696,110183,109252,109936
1747875600,110000,110562,109710,109919
1747879200,109995,111000,109842,110469
1747882800,110494,111888,110363,111754
1747886400,111747,111791,111245,111498
1747890000,111495,111680,110857,110857
1747893600,110847,111171,110491,110550
1747897200,110609,111151,110487,111051
1747900800,111051,111163,110398,110412
1747904400,110406,110823,110292,110821
1747908000,110801,110943,110610,110806
1747911600,110792,111322,110498,110979
1747915200,110994,111617,110849,111610
1747918800,111624,111624,110943,110957
1747922400,110965,111383,110573,110907
1747926000,110917,111557,110856,111320
1747929600,111328,111842,111137,111302
1747933200,111315,112000,111215,111536
1747936800,111562,111996,111401,111763
1747940400,111763,111986,110971,111189
1747944000,111234,111470,110881,111101
1747947600,111101,111140,110800,110857
1747951200,110861,111287,110861,111050
1747954800,111054,111755,111054,111743
1747958400,111742,111816,111422,111623
1747962000,111637,111748,111262,111350
1747965600,111359,111625,111217,111289
1747969200,111286,111373,111041,111111
1747972800,111117,111186,110570,110848
1747976400,110849,110943,110678,110848
1747980000,110813,110854,110408,110521
1747983600,110509,110823,110509,110710
1747987200,110735,111007,110711,110933
1747990800,110933,111356,110910,111325
1747994400,111326,111327,110836,111065
1747998000,111065,111083,108911,109089
1748001600,109099,109110,107367,108425
1748005200,108462,109727,108001,109661
1748008800,109666,110028,109564,109748
1748012400,109749,109904,108957,108957
1748016000,108957,109263,108050,109074
1748019600,109099,109837,109099,109459
1748023200,109436,109529,108684,108821
1748026800,108811,109207,108676,108764
1748030400,108727,108748,108221,108313
1748034000,108275,108688,108105,108292
1748037600,108319,108584,107670,107822
1748041200,107785,107902,106827,107329
1748044800,107319,107709,106908,107393
1748048400,107402,107913,107391,107508
1748052000,107448,107923,107290,107817
1748055600,107815,108453,107782,108391
1748059200,108393,108586,108344,108508
1748062800,108507,108545,108145,108264
1748066400,108263,108354,107725,107979
1748070000,108080,108259,107601,107653
1748073600,107726,108312,107649,108263
1748077200,108240,108455,108199,108204
1748080800,108213,109258,108202,109109
1748084400,109114,109501,109114,109228
1748088000,109225,109293,108676,108825
1748091600,108824,108946,108572,108623
1748095200,108634,109052,108624,108989
1748098800,108991,109238,108870,108964
1748102400,108972,109144,108742,109023
1748106000,109048,109216,108932,108954
1748109600,108948,109123,108812,108855
1748113200,108855,109049,108834,108999
1748116800,109005,109164,108891,108904
1748120400,108893,108899,108626,108852
1748124000,108848,108848,108034,108132
1748127600,108088,108429,107540,107799
1748131200,107798,108143,107341,107459
1748134800,107486,108039,107275,107694
1748138400,107694,108026,107535,107962
1748142000,108026,108286,108026,108134
1748145600,108129,108299,107995,108286
1748149200,108265,108312,107996,108138
1748152800,108138,108172,107741,107909
1748156400,107946,107946,107483,107710
1748160000,107708,107722,107000,107137
1748163600,107136,107291,106765,107136
1748167200,107136,107380,106892,106982
1748170800,106981,107301,106892,107298
1748174400,107286,107617,107221,107564
1748178000,107538,107754,107346,107564
1748181600,107564,107680,107188,107393
1748185200,107410,107463,106666,107000
1748188800,107000,107277,106689,107223
1748192400,107227,107406,107162,107399
1748196000,107406,107625,107329,107459
1748199600,107449,107987,107449,107748
1748203200,107759,107762,107496,107701
1748206800,107700,107923,107227,107510
1748210400,107510,109282,107416,109221
1748214000,109219,109383,108650,109068
1748217600,109114,109651,108759,109637
1748221200,109596,109865,109278,109605
1748224800,109586,109829,109239,109437
1748228400,109438,109800,109326,109678
1748232000,109678,109790,109557,109588
1748235600,109589,109730,109414,109713
1748239200,109684,110001,109565,110000
1748242800,110000,110266,109806,110146
1748246400,110147,110200,109672,109721
1748250000,109739,110041,109659,109770
1748253600,109804,109910,109632,109696
1748257200,109707,109876,109632,109805
1748260800,109881,110107,109711,109890
1748264400,109895,110032,109514,109642
1748268000,109640,109787,109535,109691
1748271600,109732,110425,109576,110096
1748275200,110080,110461,109160,109397
1748278800,109416,109725,108868,109196
1748282400,109214,109499,109052,109136
1748286000,109138,109225,108902,109175
1748289600,109160,109606,108991,109606
1748293200,109619,109664,109186,109381
1748296800,109382,109886,109208,109229
1748300400,109202,109496,109121,109468
1748304000,109474,109693,109174,109182
1748307600,109174,109178,107562,108426
1748311200,108399,108715,107936,108307
1748314800,108300,109300,108300,108923
1748318400,108929,109365,108886,108980
1748322000,108979,108998,108598,108944
1748325600,108942,109298,108858,108864
1748329200,108883,109640,108883,109534
1748332800,109640,109801,109525,109733
1748336400,109733,109915,109463,109866
1748340000,109866,109896,109674,109730
1748343600,109730,109809,109473,109609
1748347200,109609,109862,109505,109645
1748350800,109644,110789,109636,109895
1748354400,109904,110387,108766,109420
1748358000,109406,110274,109081,110188
1748361600,110188,110545,110000,110263
1748365200,110264,110513,110033,110295
1748368800,110295,110478,109878,109946
1748372400,109935,110119,109632,109936
1748376000,109942,109950,109593,109612
1748379600,109599,109727,108883,108974
1748383200,108986,109218,108650,109112
1748386800,109049,109186,108969,108980
1748390400,108980,109291,108755,109252
1748394000,109255,109307,108686,108724
1748397600,108735,108923,108467,108676
1748401200,108676,108990,108618,108914
1748404800,108898,109107,108689,109010
1748408400,109023,109134,108889,109059
1748412000,109024,109024,108688,108773
1748415600,108775,109059,108768,108872
1748419200,108887,109182,108676,109094
1748422800,109095,109096,108572,108850
1748426400,108862,108964,108338,108901
1748430000,108887,108995,108766,108916
1748433600,108929,109088,108832,108946
1748437200,108951,109023,108065,108121
1748440800,108091,108306,107507,107560
1748444400,107550,107706,107086,107169
1748448000,107140,107490,107140,107439
1748451600,107461,107858,107419,107718
1748455200,107709,107871,107432,107506
1748458800,107504,107829,106912,106977
1748462400,106981,107419,106804,107326
1748466000,107333,107582,107202,107518
1748469600,107487,107496,107178,107428
1748473200,107455,108088,107447,107811
1748476800,107821,108311,107496,108303
1748480400,108298,108351,107858,108181
1748484000,108181,108507,107971,108470
1748487600,108472,108475,108013,108087
1748491200,108117,108153,107001,107607
1748494800,107609,107793,107538,107711
1748498400,107711,107987,107687,107932
1748502000,107928,108039,107795,107915
1748505600,107922,108576,107752,108537
1748509200,108530,108650,108367,108595
1748512800,108582,108897,108455,108808
1748516400,108788,108924,108719,108820
1748520000,108799,108844,108429,108480
1748523600,108474,108634,107495,107651
1748527200,107626,107832,106500,107630
1748530800,107630,107753,106982,107031
1748534400,107035,107149,106610,106770
1748538000,106762,106871,106125,106301
1748541600,106307,106600,105825,105843
1748545200,105861,106095,105663,105739
1748548800,105769,106214,105769,106183
1748552400,106193,106456,106102,106453
1748556000,106423,106456,105924,105962
1748559600,105956,106074,105374,105578
1748563200,105577,106207,104688,104933
1748566800,104945,105921,104945,105687
1748570400,105668,106163,105654,106021
1748574000,106019,106208,105930,106036
1748577600,106036,106156,105919,106139
1748581200,106140,106329,106047,106113
1748584800,106117,106166,105580,105750
1748588400,105776,105870,104783,105049
1748592000,105065,105389,104898,105197
1748595600,105201,105693,104683,105677
1748599200,105569,105956,105329,105956
1748602800,105939,105997,105722,105908
1748606400,105904,106015,105164,105714
1748610000,105709,106000,105393,105506
1748613600,105513,105862,105060,105378
1748617200,105340,105829,105324,105553
1748620800,105555,105565,103703,103904
1748624400,103905,104289,103847,104190
1748628000,104190,104922,104080,104922
1748631600,104915,104995,104486,104632
1748635200,104619,104839,104387,104601
1748638800,104604,104909,104589,104644
1748642400,104644,104790,104032,104032
1748646000,104032,104284,103675,104034
1748649600,103988,104304,103621,103995
1748653200,103996,104241,103351,103548
1748656800,103464,103897,103177,103225
1748660400,103225,103708,103127,103707
1748664000,103696,103845,103529,103845
1748667600,103845,103938,103570,103577
1748671200,103576,103944,103564,103899
1748674800,103897,103900,103671,103793
1748678400,103795,103854,103583,103693
1748682000,103689,103774,103536,103596
1748685600,103580,103641,103347,103434
1748689200,103434,103561,103351,103534
1748692800,103534,104057,103530,104057
1748696400,104049,104244,104035,104178
1748700000,104178,104620,104167,104620
1748703600,104607,104897,104520,104610
1748707200,104609,104834,104474,104549
1748710800,104544,104687,104333,104404
1748714400,104410,104658,104406,104553
1748718000,104548,104796,104548,104761
1748721600,104772,104846,104587,104836
1748725200,104838,104934,104699,104886
1748728800,104934,104947,104670,104689
1748732400,104681,104884,104550,104646
1748736000,104646,104710,104402,104508
1748739600,104510,104568,104070,104192
1748743200,104173,104366,103995,104249
1748746800,104256,104507,104057,104429
1748750400,104438,104771,104412,104695
1748754000,104646,104764,104520,104587
1748757600,104584,104584,104269,104314
1748761200,104301,104432,104269,104336
1748764800,104336,104446,104274,104446
1748768400,104489,104507,103832,104001
1748772000,104045,104069,103845,103984
1748775600,103980,104211,103909,104126
1748779200,104126,104232,103846,104018
1748782800,104015,104470,104009,104304
1748786400,104305,104809,104305,104665
1748790000,104678,104844,104575,104758
1748793600,104758,105338,104709,105098
1748797200,105099,105244,105053,105124
1748800800,105123,105129,104419,104929
1748804400,104940,105199,104884,105174
1748808000,105175,105386,104968,105009
1748811600,105009,105541,105000,105541
1748815200,105550,105824,105493,105568
1748818800,105567,105908,105532,105705
1748822400,105677,105788,105477,105478
1748826000,105483,105680,105428,105450
1748829600,105451,105481,105074,105075
1748833200,105088,105090,104645,104900
1748836800,104900,105010,104771,104773
1748840400,104815,104960,104684,104884
1748844000,104884,105275,104804,105221
1748847600,105222,105465,105216,105414
1748851200,105440,105972,105325,105380
1748854800,105379,105380,104533,104629
1748858400,104629,104692,104321,104426
1748862000,104422,104518,104000,104076
1748865600,104068,104319,103924,104245
1748869200,104250,104582,103757,103814
1748872800,103841,104708,103708,104217
1748876400,104213,104595,103957,104481
1748880000,104500,104500,104088,104337
1748883600,104339,104552,104137,104448
1748887200,104447,104777,104258,104378
1748890800,104413,104556,104111,104466
1748894400,104493,105025,104493,104943
1748898000,104957,105159,104646,105003
1748901600,105011,105855,105011,105718
1748905200,105797,106001,105636,105905
1748908800,105890,106444,105808,106365
1748912400,106362,106546,106206,106546
1748916000,106546,106564,105656,105685
1748919600,105683,105775,105437,105540
1748923200,105540,105585,105199,105211
1748926800,105219,105527,105219,105506
1748930400,105508,105524,105270,105485
1748934000,105463,105496,105237,105247
1748937600,105240,105304,104947,105149
1748941200,105149,105338,105115,105248
1748944800,105245,105400,105200,105340
1748948400,105340,105412,105238,105369
1748952000,105369,105490,105298,105387
1748955600,105382,105715,105120,105502
1748959200,105491,106765,105216,106641
1748962800,106678,106854,106431,106696
1748966400,106698,106755,105896,105900
1748970000,105899,106214,105859,106020
1748973600,106020,106119,105653,106084
1748977200,106082,106505,106082,106305
1748980800,106297,106325,105431,105811
1748984400,105811,105917,105377,105476
1748988000,105417,105959,105413,105817
1748991600,105816,105816,105336,105454
1748995200,105426,105630,105213,105538
1748998800,105530,105793,105506,105650
1749002400,105669,105896,105515,105547
1749006000,105547,105807,105516,105583
1749009600,105582,105683,105479,105490
1749013200,105483,105604,105439,105439
1749016800,105441,105520,105333,105365
1749020400,105370,105532,105327,105389
1749024000,105396,105650,105389,105504
1749027600,105512,105959,105390,105883
1749031200,105884,106036,105707,105755
1749034800,105736,105854,105136,105149
1749038400,105148,105220,104871,105106
1749042000,105105,105313,104758,104797
1749045600,104779,105073,104219,105065
1749049200,105065,105581,104980,105353
1749052800,105383,105520,105150,105507
1749056400,105525,105537,105034,105102
1749060000,105136,105350,104985,105005
1749063600,105003,105163,104931,104989
1749067200,104978,105022,104482,104681
1749070800,104651,105086,104600,104979
1749074400,104996,105086,104797,104837
1749078000,104828,104938,104675,104745
1749081600,104734,105044,104718,105044
1749085200,105019,105199,104771,104835
1749088800,104853,105286,104853,105067
1749092400,105068,105116,104947,105095
1749096000,105091,105275,105087,105225
1749099600,105238,105238,104634,104701
1749103200,104707,104749,104426,104500
1749106800,104517,104660,104457,104554
1749110400,104568,104734,104492,104727
1749114000,104728,104960,104719,104944
1749117600,104927,104936,104582,104713
1749121200,104713,104909,104611,104884
1749124800,104877,105820,104854,105698
1749128400,105698,105959,104369,104559
1749132000,104555,104949,103934,104685
1749135600,104683,104897,104378,104567
1749139200,104567,104629,103310,103310
1749142800,103300,103600,103172,103250
1749146400,103230,103383,102606,103023
1749150000,102986,103059,101650,101923
1749153600,101924,102181,100426,100509
1749157200,100496,101667,100468,101623
1749160800,101573,101746,101064,101542
1749164400,101542,101872,101532,101559
1749168000,101558,101953,101159,101939
1749171600,101938,101986,101725,101883
1749175200,101883,102237,101575,102237
1749178800,102237,102575,102093,102548
1749182400,102551,102865,102446,102855
1749186000,102856,103025,102755,103024
1749189600,103017,103270,102962,103247
1749193200,103248,103534,103112,103197
1749196800,103199,103633,103199,103587
1749200400,103588,103807,103586,103713
1749204000,103713,103870,103623,103739
1749207600,103742,104057,103714,104000
1749211200,104001,104359,103633,103874
1749214800,103857,104619,103857,104182
1749218400,104182,104988,104095,104882
1749222000,104882,105416,104712,105179
1749225600,105180,105386,104797,104850
1749229200,104850,105060,104564,105013
1749232800,105013,105071,104534,104581
1749236400,104581,104691,104144,104288
1749240000,104321,104703,104256,104565
1749243600,104567,104581,104384,104480
1749247200,104482,104570,104343,104570
1749250800,104570,104570,104304,104393
1749254400,104416,104595,103992,104595
1749258000,104595,104658,104447,104552
1749261600,104551,104695,104433,104634
1749265200,104634,105000,104580,104952
1749268800,104956,104956,104738,104911
1749272400,104911,105073,104832,104976
1749276000,104958,105408,104884,105408
1749279600,105414,105414,104934,104956
1749283200,104966,105043,104783,104836
1749286800,104836,105020,104836,104915
1749290400,104947,105250,104909,105227
1749294000,105226,105325,105128,105223
1749297600,105260,105718,105255,105520
1749301200,105519,105845,105389,105679
1749304800,105715,105762,105477,105492
1749308400,105500,105652,105402,105625
1749312000,105629,105725,105348,105405
1749315600,105400,105619,105391,105460
1749319200,105480,105935,105480,105661
1749322800,105652,105908,105652,105784
1749326400,105784,105947,105781,105923
1749330000,105923,105942,105815,105824
1749333600,105824,105959,105732,105885
1749337200,105885,105885,105606,105619
1749340800,105619,105705,105515,105537
1749344400,105536,105827,105477,105750
1749348000,105730,105730,105512,105512
1749351600,105514,105556,105477,105535
1749355200,105537,105701,105477,105672
1749358800,105672,105696,105478,105478
1749362400,105479,105666,105478,105497
1749366000,105497,105612,105477,105490
1749369600,105490,105555,105427,105428
1749373200,105428,105449,105188,105200
1749376800,105199,105515,105060,105399
1749380400,105400,105756,105400,105726
1749384000,105728,105807,105571,105746
1749387600,105746,106150,105642,105657
1749391200,105643,105934,105630,105884
1749394800,105888,106125,105874,106045
1749398400,106046,106341,106003,106254
1749402000,106228,106409,106143,106154
1749405600,106154,106367,106099,106367
1749409200,106363,106384,106236,106357
1749412800,106357,106372,106177,106209
1749416400,106207,106507,106207,106382
1749420000,106396,106414,105762,105831
1749423600,105795,105829,105631,105792
1749427200,105791,106016,105655,105765
1749430800,105745,105804,105507,105580
1749434400,105578,105756,105531,105613
1749438000,105613,105743,105389,105720
1749441600,105697,105769,105503,105505
1749445200,105505,105582,105402,105434
1749448800,105434,105743,105390,105743
1749452400,105741,105741,105550,105633
1749456000,105617,105997,105531,105984
1749459600,105986,106930,105882,106676
1749463200,106714,107499,106635,107230
1749466800,107269,107847,107194,107760
1749470400,107820,107974,107604,107820
1749474000,107794,107910,106944,107083
1749477600,107102,108065,107102,107669
1749481200,107646,108065,107587,107696
1749484800,107709,108206,107708,107777
1749488400,107758,108479,107739,108405
1749492000,108430,108600,108356,108515
1749495600,108511,108846,108442,108643
1749499200,108652,108815,108525,108762
1749502800,108789,110587,108783,110025
1749506400,110051,110451,109799,110227
1749510000,110221,110351,109905,110307
1749513600,110311,110352,109946,109968
1749517200,109948,110004,109685,109819
1749520800,109808,109808,109435,109697
1749524400,109687,109719,109435,109605
1749528000,109608,109689,109409,109582
1749531600,109582,109774,109252,109353
1749535200,109344,109678,109180,109543
1749538800,109546,109564,109162,109266
1749542400,109284,109448,109109,109129
1749546000,109132,109540,109128,109539
1749549600,109540,109632,109330,109343
1749553200,109350,109869,109265,109571
1749556800,109568,109720,109472,109715
1749560400,109706,109915,108898,109317
1749564000,109317,109353,108507,108654
1749567600,108644,109212,108403,109035
1749571200,109082,109265,108701,108752
1749574800,108761,109092,108650,108743
1749578400,108743,109481,108544,109303
1749582000,109325,110400,109293,109564
1749585600,109538,110027,109281,109974
1749589200,109981,110003,109484,109887
1749592800,109866,110191,109629,109740
1749596400,109769,110292,109605,110292
1749600000,110292,110292,109826,109826
1749603600,109813,109849,109584,109648
1749607200,109621,109876,109560,109703
1749610800,109689,109897,109628,109741
1749614400,109730,109765,109571,109593
1749618000,109607,109678,109488,109499
1749621600,109501,109662,109397,109611
1749625200,109611,109725,109457,109458
1749628800,109458,109664,109458,109578
1749632400,109578,109624,109239,109277
1749636000,109281,109474,109225,109368
1749639600,109362,109403,109225,109261
1749643200,109258,109895,109043,109718
1749646800,109720,109896,109340,109695
1749650400,109695,110398,109661,109892
1749654000,109899,110061,109698,109758
1749657600,109760,109817,109400,109469
1749661200,109462,109782,109009,109011
1749664800,109011,109099,108456,108832
1749668400,108831,108994,108621,108775
1749672000,108776,109029,108546,108943
1749675600,108937,109250,108417,108537
1749679200,108536,108652,108113,108447
1749682800,108438,108715,108370,108678
1749686400,108670,108833,108377,108723
1749690000,108722,108723,108300,108546
1749693600,108516,108755,108411,108411
1749697200,108413,108474,107751,107895
1749700800,107894,107946,107385,107790
1749704400,107763,107936,107615,107767
1749708000,107767,108000,107667,107938
1749711600,107939,107981,107507,107638
1749715200,107622,107852,107470,107746
1749718800,107737,107791,107507,107528
1749722400,107525,107552,107229,107358
1749726000,107346,107386,106926,106927
1749729600,106928,107432,106905,106999
1749733200,107038,107200,106623,107027
1749736800,107112,107741,107111,107622
1749740400,107655,107845,106920,107030
1749744000,107031,107871,106998,107756
1749747600,107759,108455,107732,108328
1749751200,108324,108454,107277,107594
1749754800,107623,107910,106726,106852
1749758400,106859,106982,105834,106036
1749762000,106016,106469,105947,105971
1749765600,105947,106275,105794,105945
1749769200,105936,106192,105731,105731
1749772800,105725,105757,103323,103963
1749776400,103826,103944,102816,103842
1749780000,103836,104073,103170,103708
1749783600,103701,104670,103692,104383
1749787200,104350,104589,103863,104482
1749790800,104432,104526,104083,104083
1749794400,104082,104772,103904,104764
1749798000,104735,105000,104444,104950
1749801600,104938,105515,104771,104789
1749805200,104789,104957,104560,104884
1749808800,104908,104985,104483,104925
1749812400,104927,105097,104708,105091
1749816000,105104,105313,104876,104905
1749819600,104904,105337,104733,104767
1749823200,104804,105051,104182,105013
1749826800,105036,105797,104908,105504
1749830400,105505,106030,105368,105847
1749834000,105840,105840,104934,105462
1749837600,105446,105528,104739,105244
1749841200,105224,105477,104958,105158
1749844800,105164,105549,105073,105483
1749848400,105501,105832,105368,105674
1749852000,105683,105883,105596,105806
1749855600,105834,106209,105821,106118
1749859200,106117,106250,105788,105863
1749862800,105851,105851,105503,105546
1749866400,105545,105679,105390,105420
1749870000,105447,105478,105275,105297
1749873600,105297,105459,105284,105430
1749877200,105431,105440,105307,105348
1749880800,105348,105370,105174,105174
1749884400,105175,105194,104834,105130
1749888000,105114,105162,104926,105148
1749891600,105157,105160,104909,104915
1749895200,104969,105149,104891,105051
1749898800,105055,105149,104998,105147
1749902400,105116,105149,104800,105086
1749906000,105083,105161,104948,105072
1749909600,105072,105123,104909,104988
1749913200,104988,105044,104707,104885
1749916800,104856,104947,104434,104511
1749920400,104506,104758,104459,104655
1749924000,104652,105010,104444,104935
1749927600,104932,105083,104695,104695
1749931200,104702,105035,104376,104934
1749934800,104934,105503,104907,105394
1749938400,105421,105515,105331,105479
1749942000,105473,105528,105398,105464
1749945600,105475,105705,105323,105698
1749949200,105704,105718,105466,105472
1749952800,105471,105689,105471,105542
1749956400,105542,105619,105528,105529
1749960000,105545,105623,105532,105615
1749963600,105613,106130,105548,106116
1749967200,106137,106163,105490,105506
1749970800,105502,105508,105275,105469
1749974400,105490,105515,105199,105245
1749978000,105213,105227,104923,104960
1749981600,104967,105212,104961,105158
1749985200,105135,105196,104938,105006
1749988800,105009,105313,104989,105313
1749992400,105310,105672,105256,105556
1749996000,105564,105845,105352,105693
1749999600,105734,105843,105579,105602
1750003200,105605,105709,105377,105593
1750006800,105593,105794,105523,105719
1750010400,105721,105725,105503,105516
1750014000,105504,105605,105123,105316
1750017600,105324,105338,104643,104747
1750021200,104739,104846,104532,104821
1750024800,104799,105363,104767,105276
1750028400,105295,105617,105235,105617
1750032000,105612,105769,105377,105455
1750035600,105457,105883,105023,105825
1750039200,105825,105972,105718,105801
1750042800,105806,105972,105731,105935
1750046400,105943,106404,105893,106404
1750050000,106405,106790,106335,106589
1750053600,106613,106788,106546,106606
1750057200,106641,107251,106617,107077
1750060800,107084,107226,106970,107192
1750064400,107172,107238,106906,106961
1750068000,106965,107200,106763,106837
1750071600,106824,106969,106585,106891
1750075200,106891,106907,106615,106711
1750078800,106713,107187,106523,107187
1750082400,107181,107806,106829,107572
1750086000,107572,107750,107343,107463
1750089600,107484,107923,107356,107809
1750093200,107765,108052,107673,107792
1750096800,107791,108299,107724,108299
1750100400,108300,108937,108300,108689
1750104000,108703,108872,108481,108837
1750107600,108837,108868,108377,108550
1750111200,108550,108990,107489,107757
1750114800,107755,108023,106763,106829
1750118400,106853,107307,106200,107286
1750122000,107290,107430,106991,107203
1750125600,107203,107598,106602,107526
1750129200,107524,107773,107399,107608
1750132800,107608,107719,107333,107365
1750136400,107365,107424,107083,107148
1750140000,107147,107278,106789,106866
1750143600,106872,106911,106521,106807
1750147200,106806,106864,106533,106595
1750150800,106595,106687,106125,106202
1750154400,106196,106257,105782,105972
1750158000,105971,105971,105541,105680
1750161600,105679,105884,105490,105549
1750165200,105547,105769,105240,105367
1750168800,105402,105705,104835,104882
1750172400,104898,104977,104175,104265
1750176000,104256,104500,103521,103640
1750179600,103639,104259,103388,103833
1750183200,103813,104442,103638,104439
1750186800,104442,105362,104442,104710
1750190400,104709,104909,104298,104358
1750194000,104386,104831,104295,104579
1750197600,104597,104759,104249,104258
1750201200,104269,104748,104260,104584
1750204800,104617,104871,104407,104856
1750208400,104863,105187,104721,104801
1750212000,104812,105090,104733,104886
1750215600,104880,105250,104879,105199
1750219200,105201,105510,105094,105469
1750222800,105457,105566,105402,105438
1750226400,105437,105549,104936,105019
1750230000,105002,105023,104765,104990
1750233600,105000,105313,104796,104972
1750237200,104999,105151,104596,104697
1750240800,104709,104807,104229,104317
1750244400,104280,104859,104223,104851
1750248000,104853,104912,104506,104541
1750251600,104542,104543,103857,104452
1750255200,104478,105325,104247,104646
1750258800,104627,104985,104200,104842
1750262400,104831,104871,104382,104465
1750266000,104429,104507,103645,104338
1750269600,104371,104721,103586,103691
1750273200,103593,104432,103521,103815
1750276800,103857,105000,103657,104838
1750280400,104838,105187,104404,105127
1750284000,105126,105178,104823,104837
1750287600,104863,104992,104668,104922
1750291200,104922,105254,104754,104979
1750294800,104991,105005,104521,104628
1750298400,104642,105023,104506,104742
1750302000,104773,105123,104773,105116
1750305600,105123,105123,104820,105097
1750309200,105098,105237,104867,104923
1750312800,104919,105004,104670,104733
1750316400,104732,104883,104646,104666
1750320000,104666,105006,104666,104766
1750323600,104758,105058,104754,105028
1750327200,105024,105086,104870,104938
1750330800,104937,104942,104749,104812
1750334400,104811,104922,104708,104781
1750338000,104781,104812,104282,104305
1750341600,104306,104708,104135,104177
1750345200,104187,104457,104110,104129
1750348800,104129,104457,103970,104023
1750352400,104023,104834,103957,104543
1750356000,104554,104730,104328,104420
1750359600,104437,104492,104158,104278
1750363200,104285,104530,104168,104288
1750366800,104296,104439,104252,104351
1750370400,104351,104783,104351,104620
1750374000,104620,104898,104485,104688
1750377600,104682,104846,104586,104719
1750381200,104726,104820,104433,104804
1750384800,104818,104821,104535,104646
1750388400,104647,104717,104519,104615
1750392000,104611,104619,104251,104275
1750395600,104275,104595,104275,104595
1750399200,104595,104771,104595,104740
1750402800,104739,105820,104663,105820
1750406400,105820,106521,105805,105988
1750410000,106000,106071,105805,105969
1750413600,105966,106187,105861,105987
1750417200,105981,106098,105845,105996
1750420800,106003,106127,105883,105988
1750424400,105998,106160,105401,105678
1750428000,105677,105807,103907,103922
1750431600,103940,104608,103928,104246
1750435200,104230,104297,103658,103687
1750438800,103672,103775,102309,103278
1750442400,103257,103447,103068,103170
1750446000,103172,103508,103044,103377
1750449600,103331,103894,103331,103711
1750453200,103733,103738,103397,103560
1750456800,103559,103559,103013,103129
1750460400,103128,103376,103002,103316
1750464000,103329,103365,103152,103293
1750467600,103286,103534,103185,103534
1750471200,103534,103558,103412,103523
1750474800,103542,103708,103542,103555
1750478400,103522,103555,103385,103415
1750482000,103417,103533,103380,103457
1750485600,103460,103639,103375,103630
1750489200,103630,103630,103400,103496
1750492800,103499,103844,103494,103843
1750496400,103842,103944,103714,103873
1750500000,103874,104013,103798,103857
1750503600,103857,103952,103758,103896
1750507200,103895,103973,103811,103834
1750510800,103834,103902,103583,103598
1750514400,103598,103782,103422,103574
1750518000,103611,103708,103352,103607
1750521600,103597,103670,103500,103532
1750525200,103525,103631,103213,103218
1750528800,103230,103452,102700,102700
1750532400,102684,102791,102262,102276
1750536000,102315,102911,102220,102805
1750539600,102804,102844,101163,101477
1750543200,101477,102018,101471,101817
1750546800,101818,102311,100945,102139
1750550400,102198,103387,101894,102882
1750554000,102884,103044,102298,102437
1750557600,102430,102913,101927,102391
1750561200,102413,102627,102162,102418
1750564800,102417,102821,102290,102604
1750568400,102603,102961,102603,102922
1750572000,102901,102983,102749,102786
1750575600,102787,102808,102314,102479
1750579200,102474,102727,102358,102727
1750582800,102729,102820,102139,102239
1750586400,102239,102557,102185,102515
1750590000,102520,102791,102479,102771
1750593600,102763,102840,102616,102788
1750597200,102790,102839,100353,100908
1750600800,100898,101261,99110,99667
1750604400,99661,99837,98954,98980
1750608000,98954,99718,98723,99694
1750611600,99688,100401,99449,99519
1750615200,99519,99822,99384,99463
1750618800,99467,99485,98789,98932
1750622400,98923,99777,98240,99564
1750626000,99584,99687,99059,99179
1750629600,99209,101012,99203,101010
1750633200,101028,101062,100693,101015
1750636800,100990,101644,100539,100910
1750640400,100966,101139,100619,101138
1750644000,101139,101419,100960,101359
1750647600,101301,101407,101123,101209
1750651200,101226,101398,101042,101210
1750654800,101227,101874,101227,101825
1750658400,101825,102090,101699,101981
1750662000,101989,102201,101809,101983
1750665600,101982,102100,101800,101924
1750669200,101918,101919,101446,101612
1750672800,101611,101622,101249,101501
1750676400,101517,101609,101164,101325
1750680000,101333,101709,101163,101709
1750683600,101710,102484,100860,102385
1750687200,102456,102647,101566,101673
1750690800,101705,102115,101370,101484
1750694400,101494,101499,99705,100740
1750698000,100728,102739,100549,102570
1750701600,102582,103371,102500,103017
1750705200,103010,103306,102746,103237
1750708800,103246,103979,102950,103813
1750712400,103813,104279,103705,103779
1750716000,103779,106125,103769,105618
1750719600,105655,105731,105216,105464
1750723200,105418,105588,105010,105209
1750726800,105211,105566,105046,105541
1750730400,105528,105528,104817,104835
1750734000,104840,105205,104803,105020
1750737600,104997,105041,104796,104912
1750741200,104911,105503,104911,105486
1750744800,105486,105883,105338,105761
1750748400,105736,105850,104950,105005
1750752000,105000,105224,104695,105069
1750755600,105068,105629,105045,105268
1750759200,105263,105436,105150,105337
1750762800,105337,105482,105086,105238
1750766400,105237,105382,105048,105260
1750770000,105260,105476,104872,105122
1750773600,105123,105728,105010,105547
1750777200,105583,105794,105224,105306
1750780800,105305,106330,105255,106274
1750784400,106281,106344,105682,106117
1750788000,106113,106165,105604,105604
1750791600,105605,105748,105362,105743
1750795200,105698,106150,105499,106142
1750798800,106141,106163,105788,106049
1750802400,106049,106084,105789,106083
1750806000,106058,106131,105817,106131
1750809600,106132,106503,105872,106456
1750813200,106453,106661,106076,106435
1750816800,106441,106843,106376,106542
1750820400,106542,106654,106290,106298
1750824000,106298,106385,106075,106245
1750827600,106246,106449,106095,106267
1750831200,106273,106495,106004,106443
1750834800,106455,106763,106372,106673
1750838400,106671,106715,106392,106670
1750842000,106701,107020,106534,106694
1750845600,106696,107225,106620,107180
1750849200,107177,107277,106913,107242
1750852800,107246,107320,106976,107301
1750856400,107278,108182,107213,107981
1750860000,107978,108182,107303,107713
1750863600,107706,107712,106853,107108
1750867200,107108,107572,107055,107214
1750870800,107214,107614,106994,107485
1750874400,107482,107621,107256,107479
1750878000,107497,107995,107478,107824
1750881600,107823,107919,107562,107853
1750885200,107853,108052,107524,107655
1750888800,107655,107655,107291,107348
1750892400,107348,107447,107164,107418
1750896000,107417,107676,107320,107390
1750899600,107389,107923,107187,107697
1750903200,107698,108091,107646,107982
1750906800,107981,108358,107850,107926
1750910400,107927,108023,107756,107879
1750914000,107879,107880,107599,107680
1750917600,107664,107861,107623,107819
1750921200,107820,108144,107815,107863
1750924800,107864,108223,107787,107812
1750928400,107802,107845,107349,107391
1750932000,107391,107528,107320,107462
1750935600,107444,107459,107187,107386
1750939200,107386,107457,107116,107173
1750942800,107174,107380,106871,107012
1750946400,107011,107793,106943,107494
1750950000,107494,107559,106640,107346
1750953600,107344,107444,107059,107238
1750957200,107238,107470,107182,107250
1750960800,107249,107625,107181,107429
1750964400,107429,107702,107382,107554
1750968000,107567,108027,107498,107808
1750971600,107808,107846,106917,107077
1750975200,107065,107272,107002,107044
1750978800,107046,107127,106940,107004
1750982400,107005,107242,106729,106748
1750986000,106748,107251,106394,107185
1750989600,107184,107329,107106,107302
1750993200,107303,107561,107227,107520
1750996800,107520,107621,107417,107553
1751000400,107553,107602,107329,107330
1751004000,107329,107433,107277,107360
1751007600,107332,107794,106919,106951
1751011200,106950,107123,106763,107076
1751014800,107077,107174,106857,107142
1751018400,107143,107218,107012,107040
1751022000,107046,107191,106949,107021
1751025600,107024,107226,106661,106715
1751029200,106715,107020,106444,106853
1751032800,106853,107123,106351,106623
1751036400,106622,107457,106530,107367
1751040000,107367,107734,107179,107546
1751043600,107546,107546,106530,106931
1751047200,106923,107051,106508,106773
1751050800,106768,107074,106649,106880
1751054400,106881,107210,106863,107168
1751058000,107168,107329,107104,107120
1751061600,107120,107261,107107,107165
1751065200,107165,107212,107032,107100
1751068800,107100,107242,106915,107133
1751072400,107132,107183,106880,107131
1751076000,107131,107255,107075,107167
1751079600,107169,107373,107149,107353
1751083200,107365,107365,107235,107248
1751086800,107245,107360,107242,107352
1751090400,107352,107485,107352,107473
1751094000,107473,107535,107457,107535
1751097600,107535,107535,107406,107429
1751101200,107430,107431,107341,107354
1751104800,107354,107417,107317,107322
1751108400,107321,107432,107317,107423
1751112000,107422,107426,107340,107390
1751115600,107389,107407,107161,107162
1751119200,107162,107303,107158,107251
1751122800,107252,107584,107250,107498
1751126400,107524,107561,107303,107351
1751130000,107351,107573,107348,107526
1751133600,107525,107525,107316,107378
1751137200,107378,107398,107290,107291
1751140800,107290,107291,107213,107254
1751144400,107231,107393,107230,107393
1751148000,107392,107419,107321,107410
1751151600,107410,107412,107324,107348
1751155200,107353,107534,107316,107512
1751158800,107512,107512,107367,107368
1751162400,107368,107380,107239,107347
1751166000,107333,107335,107239,107258
1751169600,107259,107323,107254,107303
1751173200,107303,107341,107252,107341
1751176800,107341,107419,107341,107415
1751180400,107414,107432,107365,107432
1751184000,107432,107751,107432,107712
1751187600,107712,108042,107665,107937
1751191200,107933,108320,107910,108171
1751194800,108171,108494,108127,108479
1751198400,108499,108546,108091,108228
1751202000,108228,108262,108065,108089
1751205600,108090,108251,107825,107971
1751209200,107970,108064,107704,107790
1751212800,107790,107816,107375,107613
1751216400,107589,107741,107375,107559
1751220000,107579,107741,107495,107677
1751223600,107677,107677,107396,107431
1751227200,107412,107525,107401,107401
1751230800,107394,107753,107317,107560
1751234400,107560,108302,107560,108105
1751238000,108105,108468,108048,108384
1751241600,108389,108800,108280,108766
1751245200,108741,108781,108483,108547
1751248800,108554,108699,108507,108516
1751252400,108517,108636,108482,108553
1751256000,108559,108575,108364,108364
1751259600,108365,108425,108195,108320
1751263200,108286,108335,107573,107609
1751266800,107607,107754,107535,107647
1751270400,107658,107754,107500,107540
1751274000,107539,107716,107500,107522
1751277600,107522,107679,107444,107678
1751281200,107668,107981,107639,107686
1751284800,107688,107851,107599,107604
1751288400,107604,107879,107509,107550
1751292000,107549,107643,106815,106816
1751295600,106816,107806,106751,107629
1751299200,107627,107832,107320,107633
1751302800,107633,107819,107467,107491
1751306400,107491,107641,107174,107288
1751310000,107288,107802,107230,107779
1751313600,107779,107780,107500,107609
1751317200,107606,107628,106972,107171
1751320800,107152,107340,107057,107135
1751324400,107135,107256,107092,107179
1751328000,107164,107484,107084,107400
1751331600,107405,107560,107216,107265
1751335200,107265,107447,107122,107130
1751338800,107130,107250,107102,107237
1751342400,107237,107242,106918,106918
1751346000,106926,106981,106794,106968
1751349600,106967,106967,106778,106922
1751353200,106924,107200,106674,107197
1751356800,107199,107199,106726,106744
1751360400,106740,106828,106538,106579
1751364000,106579,106659,106354,106513
1751367600,106514,106648,106358,106623
1751371200,106636,106725,106418,106475
1751374800,106475,106916,106330,106847
1751378400,106846,107218,105703,105977
1751382000,105977,106227,105660,105984
1751385600,105960,106303,105883,106119
1751389200,106132,106321,105947,106305
1751392800,106292,106292,105713,105761
1751396400,105761,105811,105414,105415
1751400000,105435,106006,105280,105953
1751403600,105953,106112,105754,105810
1751407200,105806,105936,105637,105646
1751410800,105645,105729,105394,105709
1751414400,105698,105806,105391,105404
1751418000,105408,105798,105130,105740
1751421600,105740,105921,105555,105921
1751425200,105921,106227,105906,106200
1751428800,106201,106380,106151,106380
1751432400,106391,106690,106319,106660
1751436000,106671,107033,106664,107033
1751439600,107033,107213,106888,107125
1751443200,107125,107769,107125,107768
1751446800,107773,107819,107576,107673
1751450400,107678,107880,107668,107880
1751454000,107857,107871,107393,107513
1751457600,107520,107521,107238,107416
1751461200,107416,108012,107314,107822
1751464800,107820,108208,107728,108173
1751468400,108174,108800,108174,108784
1751472000,108784,109710,108729,109470
1751475600,109481,109802,108905,109204
1751479200,109218,109615,109078,109607
1751482800,109613,109765,109367,109746
1751486400,109752,109752,109212,109212
1751490000,109215,109578,109200,109478
1751493600,109478,109550,109160,109197
1751497200,109197,109211,108794,108885
1751500800,108885,109145,108781,108973
1751504400,108980,109160,108871,109029
1751508000,109028,109029,108586,108777
1751511600,108777,108855,108677,108682
1751515200,108678,109016,108626,108838
1751518800,108838,109409,108838,109386
1751522400,109374,109580,109291,109522
1751526000,109515,109515,109212,109330
1751529600,109330,109600,109330,109425
1751533200,109425,110292,109425,110000
1751536800,110020,110045,109685,109879
1751540400,109877,109880,109632,109637
1751544000,109634,109957,108800,109209
1751547600,109211,110557,109172,110316
1751551200,110315,110544,109642,109792
1751554800,109791,109892,109147,109174
1751558400,109174,109751,109076,109333
1751562000,109333,109697,109309,109585
1751565600,109590,109765,109398,109709
1751569200,109717,109968,109689,109866
1751572800,109869,109996,109812,109996
1751576400,109996,110041,109732,109810
1751580000,109810,109909,109696,109751
1751583600,109751,109869,109586,109648
1751587200,109647,109738,109430,109524
1751590800,109523,109799,109501,109559
1751594400,109558,109559,109160,109243
1751598000,109243,109427,109184,109283
1751601600,109285,109380,109017,109030
1751605200,109029,109259,108991,109071
1751608800,109071,109080,108859,109055
1751612400,109054,109173,108768,108768
1751616000,108762,108911,108585,108813
1751619600,108813,109106,108813,109048
1751623200,109048,109107,108924,108941
1751626800,108941,109147,108911,108920
1751630400,108929,109023,108676,108785
1751634000,108785,108872,108022,108022
1751637600,108026,108152,107564,107873
1751641200,107870,108045,107619,107619
1751644800,107673,107787,107393,107673
1751648400,107673,107962,107672,107925
1751652000,107916,107924,107535,107536
1751655600,107535,107675,107303,107500
1751659200,107499,107822,107460,107729
1751662800,107733,107961,107726,107928
1751666400,107943,108287,107926,108287
1751670000,108287,108287,108013,108033
1751673600,108033,108234,108001,108233
1751677200,108233,108233,107949,108024
1751680800,108017,108117,107811,108116
1751684400,108117,108286,108116,108193
1751688000,108195,108416,108085,108196
1751691600,108195,108204,108065,108174
1751695200,108183,108299,108091,108299
1751698800,108299,108299,108055,108079
1751702400,108088,108159,107967,108063
1751706000,108062,108156,107928,108118
1751709600,108119,108234,108100,108147
1751713200,108147,108257,108146,108166
1751716800,108165,108191,108026,108184
1751720400,108186,108247,108140,108161
1751724000,108168,108260,108147,108234
1751727600,108234,108234,108088,108095
1751731200,108096,108147,107924,108147
1751734800,108146,108195,107971,108130
1751738400,108128,108138,108015,108031
1751742000,108031,108195,107985,108178
1751745600,108178,108195,108020,108136
1751749200,108136,108179,108102,108122
1751752800,108122,108226,108105,108224
1751756400,108224,108260,108221,108240
1751760000,108240,108260,108157,108245
1751763600,108244,108245,108105,108221
1751767200,108234,108273,108104,108104
1751770800,108104,108140,108065,108084
1751774400,108084,108138,108001,108029
1751778000,108028,108050,108012,108043
1751781600,108044,108247,108012,108183
1751785200,108184,108229,108091,108091
1751788800,108092,108113,108014,108050
1751792400,108049,108106,107872,107889
1751796000,107880,108142,107858,108021
1751799600,108022,108127,108000,108109
1751803200,108110,108273,108085,108271
1751806800,108272,109140,108237,108797
1751810400,108861,109068,108663,108964
1751814000,108963,109003,108703,108918
1751817600,108926,108984,108737,108881
1751821200,108878,108990,108756,108933
1751824800,108933,108935,108326,108479
1751828400,108482,108653,108327,108572
1751832000,108573,108859,108572,108713
1751835600,108712,109717,108696,109240
1751839200,109240,109549,109230,109254
1751842800,109265,109291,109030,109233
1751846400,109231,109318,108819,108846
1751850000,108846,109126,108696,109053
1751853600,109051,109536,109051,109386
1751857200,109391,109711,109387,109408
1751860800,109409,109462,109160,109161
1751864400,109160,109222,109055,109095
1751868000,109094,109191,108795,108795
1751871600,108795,109068,108690,109067
1751875200,109067,109094,108888,109022
1751878800,109012,109021,108779,108881
1751882400,108879,108914,108715,108715
1751886000,108703,108816,108611,108658
1751889600,108653,108654,108338,108339
1751893200,108367,108559,108016,108539
1751896800,108540,108674,107987,108247
1751900400,108247,108637,108239,108309
1751904000,108309,108515,107926,107981
1751907600,107969,108361,107825,107941
1751911200,107941,108094,107520,108017
1751914800,108016,108312,108016,108053
1751918400,108053,108161,107875,107893
1751922000,107893,108229,107812,108185
1751925600,108186,108201,107996,108031
1751929200,108032,108319,108031,108287
1751932800,108286,108533,108198,108295
1751936400,108294,108294,107703,107717
1751940000,107717,107936,107471,107787
1751943600,107786,107999,107702,107919
1751947200,107919,108024,107765,108024
1751950800,108025,108221,107990,108205
1751954400,108205,108377,108139,108301
1751958000,108299,108507,108231,108491
1751961600,108493,108519,108287,108287
1751965200,108286,108505,108247,108474
1751968800,108474,108911,108436,108843
1751972400,108841,109000,108768,108769
1751976000,108775,108950,108715,108950
1751979600,108950,109225,108664,109055
1751983200,109064,109087,108287,108393
1751986800,108393,108546,108251,108283
1751990400,108280,108575,108118,108471
1751994000,108453,109150,108448,109003
1751997600,109004,109173,108919,109173
1752001200,109173,109173,108750,108788
1752004800,108787,108972,108659,108659
1752008400,108663,109000,108638,108923
1752012000,108923,109004,108847,108957
1752015600,108957,109012,108860,108947
1752019200,108947,108990,108820,108957
1752022800,108957,109147,108768,108808
1752026400,108808,108869,108637,108644
1752030000,108640,108685,108377,108389
1752033600,108387,108572,108352,108571
1752037200,108571,108924,108521,108797
1752040800,108797,108872,108702,108865
1752044400,108866,108872,108692,108711
1752048000,108710,108859,108689,108690
1752051600,108690,108794,108585,108770
1752055200,108746,108906,108711,108906
1752058800,108906,109125,108906,109070
1752062400,109071,109550,109019,109345
1752066000,109346,109777,109186,109187
1752069600,109202,109474,108524,108913
1752073200,108913,109212,108839,109086
1752076800,109086,109488,109059,109437
1752080400,109436,109468,109054,109178
1752084000,109176,109605,109150,109554
1752087600,109554,112040,109530,111758
1752091200,111789,111967,110612,110761
1752094800,110763,111332,110727,110879
1752098400,110919,111463,110919,111438
1752102000,111434,111584,111281,111287
1752105600,111318,111380,110959,110961
1752109200,110970,111408,110935,111227
1752112800,111254,111606,111208,111266
1752116400,111266,111270,111035,111114
1752120000,111115,111232,111009,111176
1752123600,111194,111207,110996,111136
1752127200,111136,111343,111136,111300
1752130800,111274,111480,111196,111277
1752134400,111265,111449,111182,111284
1752138000,111283,111303,111076,111089
1752141600,111089,111156,110929,111155
1752145200,111155,111222,111018,111068
1752148800,111060,111060,110810,110899
1752152400,110896,111076,110610,110815
1752156000,110856,111356,110694,111303
1752159600,111302,111476,111042,111472
1752163200,111476,112781,111413,112711
1752166800,112748,113879,112644,113824
1752170400,113814,113831,113046,113499
1752174000,113498,113800,113197,113417
1752177600,113417,113671,113376,113590
1752181200,113589,117000,113483,116468
1752184800,116468,116487,115788,115994
1752188400,116027,116093,115673,116031
1752192000,116038,116099,115226,115619
1752195600,115594,116093,115427,115984
1752199200,115980,116803,115725,116696
1752202800,116692,116964,116418,116911
1752206400,116912,116951,116474,116939
1752210000,116941,118426,116939,117893
1752213600,117906,118423,117675,117676
1752217200,117675,118147,117500,117607
1752220800,117608,118192,117608,118014
1752224400,118010,118839,117940,118506
1752228000,118506,118508,118006,118017
1752231600,118017,118154,117635,117837
1752235200,117838,118259,117755,117903
1752238800,117901,118185,117275,117994
1752242400,118016,118196,117450,117896
1752246000,117894,117980,116738,116897
1752249600,116913,117477,116650,117441
1752253200,117442,117785,117224,117673
1752256800,117673,117779,117338,117747
1752260400,117753,118266,117497,118184
1752264000,118179,118179,117731,117732
1752267600,117732,117960,117520,117680
1752271200,117678,117725,117238,117663
1752274800,117673,117704,117486,117579
1752278400,117579,117680,117210,117453
1752282000,117453,117732,117453,117691
1752285600,117691,117831,117637,117657
1752289200,117656,117887,117654,117798
1752292800,117811,117916,117643,117697
1752296400,117709,117775,117570,117760
1752300000,117760,118053,117712,117904
1752303600,117901,118100,117704,117790
1752307200,117793,118015,117793,117993
1752310800,117993,118227,117927,118202
1752314400,118194,118194,117920,118133
1752318000,118117,118155,117704,117859
1752321600,117859,117916,117369,117575
1752325200,117575,117615,117266,117523
1752328800,117534,117766,117379,117431
1752332400,117430,117509,116971,117149
1752336000,117149,117407,117095,117234
1752339600,117234,117562,117212,117514
1752343200,117513,117557,117411,117556
1752346800,117557,117675,117478,117595
1752350400,117596,117600,117084,117084
1752354000,117084,117591,117056,117530
1752357600,117531,117601,117357,117426
1752361200,117425,117498,117266,117464
1752364800,117464,117492,117292,117352
1752368400,117353,117675,117256,117607
1752372000,117554,117831,117438,117646
1752375600,117647,117859,117627,117795
1752379200,117807,117930,117744,117924
1752382800,117923,117944,117746,117810
1752386400,117804,118015,117777,117934
1752390000,117933,118092,117892,118031
1752393600,118043,118043,117817,117937
1752397200,117936,117944,117738,117775
1752400800,117776,117887,117776,117800
1752404400,117800,118127,117799,118120
1752408000,118099,118668,118044,118427
1752411600,118454,118782,118213,118672
1752415200,118672,119444,118426,118782
1752418800,118796,119167,118597,118735
1752422400,118723,119035,118566,118597
1752426000,118567,118894,118444,118733
1752429600,118747,119096,118646,119028
1752433200,119027,119482,118971,119004
1752436800,119004,119421,118868,119117
1752440400,119103,119103,118554,118703
1752444000,118692,118848,118320,118604
1752447600,118578,119224,118454,119135
1752451200,119140,119490,118973,119120
1752454800,119126,119275,118972,119143
1752458400,119140,120000,119014,119687
1752462000,119687,121448,119647,120772
1752465600,120772,121451,120593,121445
1752469200,121445,122604,121174,122474
1752472800,122496,122496,122065,122154
1752476400,122143,123236,122110,122732
1752480000,122731,122790,122326,122576
1752483600,122576,122587,121911,121975
1752487200,121987,122138,121679,121908
1752490800,121908,121909,121357,121487
1752494400,121486,121945,121401,121929
1752498000,121928,122106,121215,121740
1752501600,121770,121974,120664,121185
1752505200,121185,121185,119626,119876
1752508800,119877,120306,119203,120282
1752512400,120282,120505,119744,119866
1752516000,119894,120204,119632,119649
1752519600,119649,120117,119611,119953
1752523200,119952,120468,119569,120185
1752526800,120185,120277,119853,120070
1752530400,120055,120326,119954,120073
1752534000,120073,120087,119790,119879
1752537600,119862,119945,119196,119498
1752541200,119498,119556,118361,118423
1752544800,118423,118761,117407,118114
1752548400,118115,118120,116849,117160
1752552000,117141,117509,116290,117492
1752555600,117491,117775,116981,117321
1752559200,117303,117304,116771,117066
1752562800,117071,117250,116383,116779
1752566400,116769,116856,116327,116757
1752570000,116747,117182,116733,116757
1752573600,116756,117154,116700,117000
1752577200,117000,117126,116341,117096
1752580800,117096,117421,116425,117174
1752584400,117174,118382,117123,118018
1752588000,118071,118437,115729,115972
1752591600,115981,116702,115778,116364
1752595200,116364,117674,116320,117168
1752598800,117218,117498,117121,117361
1752602400,117360,117361,116016,116696
1752606000,116683,117199,116302,116416
1752609600,116413,116688,116237,116437
1752613200,116404,117568,116357,117551
1752616800,117569,117872,117277,117847
1752620400,117847,117986,117506,117769
1752624000,117770,118181,117434,118121
1752627600,118131,118210,117609,117743
1752631200,117743,117770,117047,117342
1752634800,117340,117539,117234,117503
1752638400,117504,117732,117280,117626
1752642000,117638,118000,117638,117859
1752645600,117859,118322,117774,118295
1752649200,118294,118314,118066,118199
1752652800,118199,118790,118143,118705
1752656400,118705,119239,118705,119188
1752660000,119188,119310,118768,118768
1752663600,118767,118952,118711,118795
1752667200,118798,119090,118654,118655
1752670800,118655,118939,118213,118711
1752674400,118710,119327,118262,119070
1752678000,119125,119850,118459,119135
1752681600,119135,119381,118532,119362
1752685200,119362,119749,119042,119134
1752688800,119134,119988,118957,119548
1752692400,119549,119695,118915,119298
1752696000,119295,119984,119011,119963
1752699600,119971,120086,119285,119372
1752703200,119373,119570,118681,118697
1752706800,118697,118884,118483,118718
1752710400,118692,119210,118690,118947
1752714000,118944,119139,117746,118205
1752717600,118204,118570,118052,118352
1752721200,118371,118403,117817,118177
1752724800,118177,118528,118007,118528
1752728400,118528,118697,118276,118655
1752732000,118655,118822,118392,118495
1752735600,118495,118603,117912,118380
1752739200,118380,118483,118156,118375
1752742800,118374,119244,118283,118828
1752746400,118828,118910,118291,118410
1752750000,118409,118416,118029,118044
1752753600,118044,118199,117506,117960
1752757200,117898,118485,117562,118327
1752760800,118326,118880,118222,118825
1752764400,118830,119124,118402,118928
1752768000,118927,119018,118440,118612
1752771600,118613,119368,118577,119335
1752775200,119332,119833,119286,119640
1752778800,119641,119938,118915,119007
1752782400,119040,119490,118497,119488
1752786000,119494,121000,119494,120345
1752789600,120345,120774,119584,119842
1752793200,119840,119957,119255,119275
1752796800,119275,119856,119140,119832
1752800400,119832,120850,119747,120432
1752804000,120432,120493,120001,120181
1752807600,120181,120559,120058,120314
1752811200,120314,120562,119857,120512
1752814800,120513,120740,120296,120686
1752818400,120678,120900,120201,120345
1752822000,120359,120478,119401,119448
1752825600,119447,119560,118475,118695
1752829200,118695,119040,118505,118956
1752832800,118957,119313,118579,119311
1752836400,119312,119325,118854,119256
1752840000,119255,119567,119209,119511
1752843600,119511,119511,118583,118850
1752847200,118843,119325,117393,118199
1752850800,118198,118340,117535,117941
1752854400,117917,118121,117534,117615
1752858000,117618,118052,117436,117641
1752861600,117641,117787,117309,117380
1752865200,117396,117916,117226,117445
1752868800,117447,117605,116915,117484
1752872400,117483,117963,117439,117748
1752876000,117758,118029,117476,117765
1752879600,117765,118086,117555,118022
1752883200,118023,118114,117805,117843
1752886800,117843,118185,117710,118109
1752890400,118109,118372,118043,118286
1752894000,118286,118454,118241,118412
1752897600,118412,118440,118211,118231
1752901200,118232,118377,118157,118315
1752904800,118315,118353,118185,118259
1752908400,118260,118398,118259,118260
1752912000,118259,118358,118043,118180
1752915600,118180,118383,118154,118324
1752919200,118324,118526,118261,118514
1752922800,118514,118553,118256,118393
1752926400,118393,118396,118186,118292
1752930000,118292,118377,118171,118261
1752933600,118261,118293,117719,117741
1752937200,117740,118284,117740,118117
1752940800,118117,118213,117917,118024
1752944400,118024,118028,117803,117869
1752948000,117868,118071,117814,117923
1752951600,117923,118185,117647,118074
1752955200,118073,118185,117774,117790
1752958800,117789,117908,117352,117774
1752962400,117774,117901,117603,117867
1752966000,117866,117986,117817,117916
1752969600,117917,118043,117734,118006
1752973200,118009,118171,117967,118016
1752976800,118016,118057,117846,118031
1752980400,118031,118211,117817,118044
1752984000,118044,118171,117972,118029
1752987600,118029,118029,117873,117912
1752991200,117910,117954,117845,117892
1752994800,117892,118256,117892,118089
1752998400,118089,118327,118089,118225
1753002000,118226,118327,117972,117982
1753005600,117984,118051,117944,117954
1753009200,117954,118122,117887,117938
1753012800,117935,118212,117788,118130
1753016400,118131,118426,118124,118425
1753020000,118426,118825,118341,118506
1753023600,118524,118813,118398,118727
1753027200,118746,118896,118516,118588
1753030800,118589,118589,118029,118048
1753034400,118155,118491,118127,118403
1753038000,118406,118597,118248,118248
1753041600,118218,118316,117930,118134
1753045200,118137,118208,117893,118054
1753048800,118062,118095,116551,117540
1753052400,117561,117600,117042,117339
1753056000,117220,117406,116594,117399
1753059600,117407,117491,116860,117362
1753063200,117378,118234,117378,118234
1753066800,118241,118667,118196,118453
1753070400,118450,118674,118346,118394
1753074000,118391,118479,118225,118479
1753077600,118479,119267,118323,119217
1753081200,119210,119682,119208,119388
1753084800,119388,119533,118910,119038
1753088400,119054,119128,118597,118728
1753092000,118720,118850,118384,118615
1753095600,118616,118810,118114,118114
1753099200,118115,118611,117831,118223
1753102800,118223,119149,117933,118885
1753106400,118886,119282,118497,118909
1753110000,118940,119189,118347,118385
1753113600,118385,118442,117562,117831
1753117200,117782,118162,117419,117911
1753120800,117911,118241,117140,117228
1753124400,117227,117570,116719,116802
1753128000,116803,117308,116710,116996
1753131600,116995,117421,116937,117279
1753135200,117280,117689,117181,117418
1753138800,117418,117565,117183,117437
1753142400,117437,117568,117057,117170
1753146000,117167,117973,116186,117815
1753149600,117815,117871,117043,117094
1753153200,117093,117316,116770,117250
1753156800,117250,117396,116636,116636
1753160400,116635,117379,116618,117367
1753164000,117379,117859,117317,117859
1753167600,117873,118625,117820,118035
1753171200,118014,118377,117548,118328
1753174800,118328,118680,117927,118473
1753178400,118453,119000,118345,118977
1753182000,118989,119253,118833,119226
1753185600,119225,119454,119122,119354
1753189200,119400,119626,118101,118202
1753192800,118201,119157,117626,119150
1753196400,119111,119236,118751,118963
1753200000,118966,119405,118682,118740
1753203600,118737,119275,118483,119272
1753207200,119275,120247,119128,119797
1753210800,119879,119985,119167,119344
1753214400,119353,119942,119252,119765
1753218000,119768,119830,119446,119446
1753221600,119447,120057,119447,119901
1753225200,119908,120297,119895,120011
1753228800,120011,120165,119583,119621
1753232400,119621,119744,119469,119555
1753236000,119555,119598,119054,119146
1753239600,119146,119170,118610,118675
1753243200,118676,119010,118642,119010
1753246800,119024,119039,118682,118691
1753250400,118707,118771,118450,118483
1753254000,118484,118648,118360,118414
1753257600,118398,118597,118301,118462
1753261200,118463,118513,117987,118094
1753264800,118093,118440,117900,118426
1753268400,118424,118682,118222,118592
1753272000,118592,118711,117889,118048
1753275600,118047,118255,117393,117431
1753279200,117419,118256,117376,118256
1753282800,118256,118753,117884,118648
1753286400,118647,118647,117626,117811
1753290000,117784,118168,117401,118168
1753293600,118206,118440,118073,118431
1753297200,118440,118559,118301,118415
1753300800,118458,118558,117622,117952
1753304400,117963,118231,117450,118161
1753308000,118223,118674,117989,118630
1753311600,118632,118815,118479,118813
1753315200,118795,119187,118635,119101
1753318800,119101,119159,118897,119157
1753322400,119158,119158,118877,119025
1753326000,119025,119310,118555,118566
1753329600,118590,118648,117904,118048
1753333200,118030,118030,117591,117686
1753336800,117682,117929,117465,117543
1753340400,117541,118526,117201,118480
1753344000,118470,118839,118290,118838
1753347600,118838,118867,118398,118560
1753351200,118595,118707,118043,118449
1753354800,118448,118786,118394,118663
1753358400,118634,118775,118367,118579
1753362000,118574,118800,118298,118309
1753365600,118314,119179,117916,119170
1753369200,119134,119525,118682,119153
1753372800,119153,119239,118440,118601
1753376400,118601,119381,118548,119188
1753380000,119189,119454,119037,119122
1753383600,119121,119445,118969,119028
1753387200,119025,119076,118761,118761
1753390800,118759,118841,118554,118583
1753394400,118583,118688,118257,118329
1753398000,118343,118512,118241,118347
1753401600,118400,118509,117699,117734
1753405200,117734,117818,117238,117402
1753408800,117403,117403,116420,116420
1753412400,116413,116439,115369,115400
1753416000,115400,116146,115100,116134
1753419600,116135,116135,115341,115515
1753423200,115515,115529,115258,115340
1753426800,115335,115980,114518,115329
1753430400,115327,115951,115012,115153
1753434000,115153,116049,114965,116049
1753437600,116030,116509,115990,116326
1753441200,116331,116800,116331,116514
1753444800,116516,116638,115969,116105
1753448400,116113,116644,115576,116248
1753452000,116269,116301,114934,114966
1753455600,114973,115872,114922,115745
1753459200,115744,116231,115479,116231
1753462800,116213,116369,115880,116084
1753466400,116084,116632,116083,116529
1753470000,116528,117070,116442,116785
1753473600,116785,117334,116618,117118
1753477200,117118,117406,117044,117244
1753480800,117256,117378,117147,117300
1753484400,117300,117655,117224,117653
1753488000,117652,117652,117379,117529
1753491600,117541,117586,117196,117197
1753495200,117226,117774,117226,117510
1753498800,117509,117641,117509,117535
1753502400,117534,117596,117463,117552
1753506000,117551,117601,117484,117507
1753509600,117507,117507,117378,117415
1753513200,117415,117423,117367,117368
1753516800,117375,117657,117375,117605
1753520400,117606,117668,117507,117622
1753524000,117628,118236,117586,118023
1753527600,118064,118114,117845,117846
1753531200,117846,118018,117831,117978
1753534800,117977,118270,117907,118188
1753538400,118202,118269,118030,118138
1753542000,118138,118190,117901,118167
1753545600,118167,118240,118059,118114
1753549200,118113,118139,118043,118088
1753552800,118091,118154,118001,118138
1753556400,118143,118340,118086,118276
1753560000,118276,118282,117944,118024
1753563600,118008,118115,117950,118096
1753567200,118102,118312,118038,118065
1753570800,118066,118110,117950,117962
1753574400,117983,118024,117888,118003
1753578000,118023,118240,117962,118164
1753581600,118163,118397,118084,118364
1753585200,118364,118365,118138,118243
1753588800,118249,118321,118209,118248
1753592400,118275,118349,118222,118338
1753596000,118338,118479,118264,118332
1753599600,118331,118331,118142,118164
1753603200,118164,118201,118009,118009
1753606800,118011,118032,117916,117994
1753610400,117995,118327,117995,118250
1753614000,118254,118316,118109,118136
1753617600,118135,118172,117958,118169
1753621200,118167,118256,118148,118256
1753624800,118256,118540,118225,118472
1753628400,118484,118636,118312,118626
1753632000,118626,119579,118626,119065
1753635600,119118,119372,118898,119247
1753639200,119246,119428,118992,119089
1753642800,119073,119119,118933,119008
1753646400,118994,119215,118785,118785
1753650000,118802,119296,118783,119272
1753653600,119296,119798,119264,119544
1753657200,119544,119589,119224,119469
1753660800,119514,119712,119182,119288
1753664400,119269,119497,119010,119059
1753668000,119077,119826,119053,119464
1753671600,119464,119546,119219,119300
1753675200,119305,119434,119181,119234
1753678800,119234,119698,119174,119545
1753682400,119545,119625,119452,119480
1753686000,119441,119450,118783,118902
1753689600,118901,119121,118785,119096
1753693200,119070,119070,118739,118960
1753696800,118960,118984,118668,118785
1753700400,118784,118870,118498,118836
1753704000,118836,119096,118793,118859
1753707600,118863,119067,118256,118447
1753711200,118423,118668,117900,117974
1753714800,117965,118496,117923,118167
1753718400,118163,118378,118010,118015
1753722000,118015,118103,117651,117664
1753725600,117662,117849,117400,117767
1753729200,117768,118239,117551,118065
1753732800,118065,118148,117503,118058
1753736400,118027,118327,117949,118118
1753740000,118124,118270,117769,117847
1753743600,117869,118178,117802,118051
1753747200,118068,118426,117576,117973
1753750800,117973,118251,117770,117770
1753754400,117770,118091,117464,118090
1753758000,118091,118782,118091,118735
1753761600,118744,118782,118426,118527
1753765200,118528,118853,118528,118792
1753768800,118793,119073,118739,118765
1753772400,118765,119267,118763,118898
1753776000,118892,119056,118762,118923
1753779600,118922,118996,118756,118781
1753783200,118782,118815,118312,118326
1753786800,118321,118582,118186,118581
1753790400,118582,119053,118477,118898
1753794000,118882,119020,118554,118605
1753797600,118608,118623,117729,117818
1753801200,117818,117958,117238,117397
1753804800,117396,117718,116928,117713
1753808400,117713,118026,117606,117759
1753812000,117758,117813,117467,117583
1753815600,117582,117972,117392,117481
1753819200,117486,117817,117051,117464
1753822800,117464,117647,117170,117604
1753826400,117582,117830,117442,117830
1753830000,117830,117958,117721,117926
1753833600,117926,117971,117534,117734
1753837200,117734,117986,117421,117854
1753840800,117847,118096,117787,118008
1753844400,118008,118241,117901,118144
1753848000,118162,118243,117952,118000
1753851600,118000,118063,117689,117967
1753855200,117967,118298,117967,118296
1753858800,118284,118383,118105,118113
1753862400,118113,118454,117987,118380
1753866000,118366,118412,118004,118188
1753869600,118171,118411,117944,118006
1753873200,118028,118177,117379,117557
1753876800,117560,117887,117365,117750
1753880400,117734,117852,117450,117679
1753884000,117693,118711,117612,118711
1753887600,118711,118775,117859,117984
1753891200,117984,118023,117635,117729
1753894800,117729,117950,117662,117804
1753898400,117794,118034,116500,116502
1753902000,116501,117084,115784,116932
1753905600,116887,117295,116876,117145
1753909200,117145,117323,116928,117314
1753912800,117313,117509,117241,117502
1753916400,117497,117900,117456,117834
1753920000,117833,118521,117777,118393
1753923600,118393,118453,117986,118045
1753927200,118045,118483,117972,118434
1753930800,118426,118582,118364,118439
1753934400,118455,118549,118356,118506
1753938000,118506,118530,118341,118354
1753941600,118349,118705,118284,118689
1753945200,118688,118904,118601,118674
1753948800,118675,118750,118568,118568
1753952400,118582,118610,118469,118600
1753956000,118593,118696,118426,118502
1753959600,118501,118530,118286,118347
1753963200,118346,118611,118271,118602
1753966800,118602,118654,117811,118578
1753970400,118562,118626,117873,117897
1753974000,117897,118341,117883,118290
1753977600,118290,118867,118228,118510
1753981200,118511,118533,117720,117724
1753984800,117733,117988,117400,117641
1753988400,117638,117745,116739,116767
1753992000,116760,116967,116426,116489
1753995600,116472,116891,116231,116546
1753999200,116511,116511,116008,116008
1754002800,116007,116374,115512,115750
1754006400,115749,115908,114322,115425
1754010000,115425,115576,114602,115318
1754013600,115300,116010,115224,115949
1754017200,115953,116054,115609,115643
1754020800,115638,115700,115272,115698
1754024400,115696,115882,115379,115569
1754028000,115568,115639,115078,115160
1754031600,115162,115301,114621,115063
1754035200,115055,115055,114116,114580
1754038800,114563,115320,114543,114913
1754042400,114906,115183,114678,114710
1754046000,114720,115293,114568,115255
1754049600,115260,115871,115104,115712
1754053200,115712,115983,114138,114324
1754056800,114299,115802,113900,115578
1754060400,115578,115606,114644,115320
1754064000,115320,115667,114802,114964
1754067600,114964,115041,114307,114375
1754071200,114375,114447,113547,113780
1754074800,113780,113870,113175,113261
1754078400,113260,113910,113121,113896
1754082000,113889,114020,113669,113825
1754085600,113825,113955,112680,113081
1754089200,113081,113495,112890,113243
1754092800,113243,113790,113150,113762
1754096400,113763,113856,113387,113610
1754100000,113610,113724,113504,113669
1754103600,113670,113856,113670,113856
1754107200,113856,114003,113791,113994
1754110800,114004,114008,113829,113945
1754114400,113945,113950,113447,113677
1754118000,113676,113979,113543,113949
1754121600,113950,114005,113664,113664
1754125200,113665,113801,113557,113651
1754128800,113651,113667,113419,113537
1754132400,113537,113866,113431,113764
1754136000,113763,113763,113529,113599
1754139600,113592,113610,113215,113422
1754143200,113421,113487,112930,113090
1754146800,113090,113378,112781,112800
1754150400,112800,113215,112702,113159
1754154000,113175,113456,112575,112699
1754157600,112699,112889,112080,112269
1754161200,112299,112903,111987,112228
1754164800,112214,112752,112066,112752
1754168400,112754,113038,112524,112848
1754172000,112839,112986,112552,112851
1754175600,112851,112851,112272,112522
1754179200,112522,112944,111919,112919
1754182800,112904,113229,112808,113066
1754186400,113097,113479,113096,113479
1754190000,113479,113705,113426,113574
1754193600,113568,113568,113326,113455
1754197200,113457,113652,113393,113605
1754200800,113613,113630,113487,113539
1754204400,113546,113692,113546,113692
1754208000,113692,113794,113543,113684
1754211600,113685,113712,113617,113644
1754215200,113644,113893,113644,113893
1754218800,113893,114227,113883,113883
1754222400,113883,114089,113678,114019
1754226000,114017,114094,113828,113945
1754229600,113953,114047,113597,113797
1754233200,113780,113951,113669,113951
1754236800,113950,114020,113775,114001
1754240400,114001,114161,113956,114126
1754244000,114128,114445,114072,114388
1754247600,114398,114774,114280,114315
1754251200,114280,114465,114185,114428
1754254800,114412,114541,114372,114461
1754258400,114462,114609,114079,114318
1754262000,114319,114509,114198,114226
1754265600,114245,114926,114143,114902
1754269200,114907,114995,114637,114679
1754272800,114679,114885,114459,114816
1754276400,114820,114820,114533,114594
1754280000,114596,114663,114376,114377
1754283600,114377,114430,114211,114404
1754287200,114405,114488,114184,114442
1754290800,114406,114782,114405,114687
1754294400,114686,114767,114372,114563
1754298000,114564,114753,114321,114322
1754301600,114322,114512,114243,114259
1754305200,114253,114531,114225,114506
1754308800,114506,114553,114325,114454
1754312400,114455,114926,114129,114924
1754316000,114924,115479,114672,114748
1754319600,114753,115032,114568,114839
1754323200,114839,115410,114839,115306
1754326800,115302,115732,115147,115204
1754330400,115207,115332,114915,114967
1754334000,114942,115139,114720,114754
1754337600,114753,115037,114625,114807
1754341200,114798,115258,114798,115126
1754344800,115125,115382,115099,115343
1754348400,115365,115365,115050,115051
1754352000,115051,115106,114843,114874
1754355600,114873,115039,114692,114693
1754359200,114698,114823,114623,114716
1754362800,114716,114747,114252,114253
1754366400,114252,114417,114171,114325
1754370000,114301,114458,114252,114395
1754373600,114398,114486,114110,114161
1754377200,114153,114376,113705,113965
1754380800,113965,114499,113924,114263
1754384400,114299,114785,114299,114679
1754388000,114734,115078,114574,114822
1754391600,114848,114950,114722,114822
1754395200,114822,114899,113555,113923
1754398800,113875,114574,113875,114373
1754402400,114372,114393,112660,113049
1754406000,112927,113202,112687,112916
1754409600,112917,113324,112808,113149
1754413200,113150,113624,113070,113611
1754416800,113588,113624,113247,113624
1754420400,113624,113746,113381,113603
1754424000,113631,113975,113476,113686
1754427600,113687,113859,113557,113578
1754431200,113568,113965,113298,113952
1754434800,113952,114210,113911,114133
1754438400,114129,114129,113760,113880
1754442000,113875,113934,113596,113820
1754445600,113807,113822,113501,113622
1754449200,113622,113659,113407,113514
1754452800,113487,113571,113365,113432
1754456400,113431,114390,113390,114133
1754460000,114143,114188,113938,114077
1754463600,114083,114291,114011,114231
1754467200,114192,114251,113733,113935
1754470800,113924,114361,113906,114081
1754474400,114093,114218,113895,114067
1754478000,114094,114402,113990,114232
1754481600,114239,114335,113816,113902
1754485200,113959,114386,113570,114288
1754488800,114280,115258,113869,115213
1754492400,115214,115507,114829,115472
1754496000,115423,115499,114933,115107
1754499600,115131,115541,115014,115538
1754503200,115545,115729,115332,115444
1754506800,115445,115557,115149,115295
1754510400,115294,115307,115012,115130
1754514000,115072,115256,114831,115093
1754517600,115120,115251,115074,115145
1754521200,115143,115155,115001,115030
1754524800,115030,115054,114888,114927
1754528400,114929,115216,114623,114794
1754532000,114787,114889,114499,114599
1754535600,114589,114637,114431,114571
1754539200,114555,114667,114280,114384
1754542800,114383,114582,114297,114582
1754546400,114589,114788,114526,114690
1754550000,114690,114898,114656,114815
1754553600,114814,115193,114814,114979
1754557200,114979,115096,114887,115091
1754560800,115082,116452,115061,116369
1754564400,116381,116848,116381,116541
1754568000,116553,116615,116053,116387
1754571600,116394,116774,116221,116677
1754575200,116714,116715,116231,116388
1754578800,116433,116838,116272,116730
1754582400,116747,116802,115684,116293
1754586000,116302,116591,116160,116520
1754589600,116551,116607,116188,116587
1754593200,116595,117577,116535,117542
1754596800,117536,117559,117191,117219
1754600400,117250,117414,117070,117142
1754604000,117148,117675,117139,117611
1754607600,117611,117632,117332,117515
1754611200,117515,117661,116902,117312
1754614800,117311,117311,116821,116920
1754618400,116920,116956,116722,116734
1754622000,116734,117008,116719,116774
1754625600,116774,116902,116695,116795
1754629200,116795,116795,116552,116568
1754632800,116561,116786,116397,116786
1754636400,116769,116999,116593,116861
1754640000,116854,116962,116485,116666
1754643600,116665,116795,116525,116722
1754647200,116723,116765,116351,116567
1754650800,116571,116929,116571,116923
1754654400,116923,116923,116536,116540
1754658000,116540,116985,116536,116948
1754661600,116955,117309,116398,116513
1754665200,116516,116554,115896,116209
1754668800,116208,116377,115997,116187
1754672400,116204,116716,116164,116716
1754676000,116720,116911,116355,116517
1754679600,116522,116756,116363,116491
1754683200,116475,116915,116345,116915
1754686800,116915,116997,116765,116944
1754690400,116944,116999,116764,116898
1754694000,116905,116935,116649,116675
1754697600,116675,116765,116571,116589
1754701200,116589,116663,116524,116560
1754704800,116556,116556,116381,116391
1754708400,116388,116490,116350,116393
1754712000,116393,116691,116369,116463
1754715600,116463,116985,116440,116742
1754719200,116743,116760,116565,116680
1754722800,116681,116915,116648,116776
1754726400,116780,117181,116767,117112
1754730000,117112,117513,117069,117513
1754733600,117513,117929,117395,117451
1754737200,117452,117482,117093,117115
1754740800,117116,117251,117029,117126
1754744400,117120,117171,116893,116979
1754748000,116975,117017,116789,116984
1754751600,116981,117152,116734,116912
1754755200,116912,116957,116656,116668
1754758800,116667,116814,116646,116704
1754762400,116703,116750,116576,116650
1754766000,116654,116747,116549,116567
1754769600,116567,117035,116525,116801
1754773200,116791,116821,116412,116583
1754776800,116547,116777,116528,116571
1754780400,116571,116622,116467,116495
1754784000,116490,116770,116490,116768
1754787600,116772,116800,116566,116603
1754791200,116603,117330,116603,117330
1754794800,117330,118500,117259,118500
1754798400,118499,118760,118408,118505
1754802000,118505,118525,117930,118062
1754805600,118062,118184,117760,118089
1754809200,118081,118236,117495,117803
1754812800,117818,118399,117620,118316
1754816400,118317,118440,118111,118302
1754820000,118290,118294,118005,118016
1754823600,118017,118500,117941,118324
1754827200,118325,118739,118239,118511
1754830800,118511,118688,118370,118462
1754834400,118452,118845,118328,118781
1754838000,118783,119154,118568,118818
1754841600,118817,118924,118619,118682
1754845200,118663,118702,118455,118526
1754848800,118509,118624,118440,118556
1754852400,118555,118735,118461,118675
1754856000,118675,118767,118108,118355
1754859600,118341,118711,118109,118711
1754863200,118725,119053,118630,119053
1754866800,119067,119310,118869,119310
1754870400,119312,119497,119140,119149
1754874000,119148,120000,119000,119999
1754877600,119999,121901,119967,121876
1754881200,121876,122155,121550,121705
1754884800,121705,122175,121603,122079
1754888400,122069,122300,121800,122032
1754892000,122032,122312,121928,122292
1754895600,122294,122303,121461,121525
1754899200,121523,121800,121215,121662
1754902800,121664,121677,121113,121395
1754906400,121403,121430,120939,121161
1754910000,121149,121230,120273,120533
1754913600,120532,120632,119497,119612
1754917200,119628,120300,119350,119976
1754920800,119986,120574,119796,120222
1754924400,120220,120399,119808,120306
1754928000,120295,120791,119908,119950
1754931600,119940,120154,119466,119505
1754935200,119505,119887,119271,119755
1754938800,119777,119777,118654,119077
1754942400,119078,119082,118582,118836
1754946000,118791,119185,118043,118725
1754949600,118725,118931,118289,118904
1754953200,118905,118905,118603,118712
1754956800,118711,119039,118619,118982
1754960400,118972,119147,118791,119003
1754964000,119001,119305,118856,119078
1754967600,119078,119134,118768,118862
1754971200,118852,119153,118810,119066
1754974800,119065,119065,118440,118825
1754978400,118824,119038,118625,118841
1754982000,118841,119153,118841,118992
1754985600,118992,119047,118753,118809
1754989200,118805,118886,118426,118426
1754992800,118427,118653,118224,118441
1754996400,118443,118652,118214,118548
1755000000,118488,119272,118270,119272
1755003600,119275,119711,118625,118840
1755007200,118845,119438,118745,119438
1755010800,119447,119973,119307,119943
1755014400,119947,120207,119522,119658
1755018000,119668,119876,119185,119284
1755021600,119284,120097,119267,119345
1755025200,119345,119982,119299,119657
1755028800,119657,120304,119495,120187
1755032400,120185,120185,119785,119888
1755036000,119889,120082,119627,120077
1755039600,120077,120273,119880,120107
1755043200,120113,120169,119634,119694
1755046800,119692,119702,119343,119451
1755050400,119451,119720,119075,119533
1755054000,119535,119622,119296,119468
1755057600,119468,119827,119326,119332
1755061200,119332,119674,118940,119065
1755064800,119066,119432,118953,119422
1755068400,119422,119626,119294,119619
1755072000,119583,120050,119450,120050
1755075600,120050,120160,119784,120117
1755079200,120115,120488,120034,120487
1755082800,120488,120714,120417,120564
1755086400,120561,120681,120204,120274
1755090000,120281,122047,120129,121769
1755093600,121775,122208,120781,120892
1755097200,120918,121361,120346,120940
1755100800,120955,121755,120954,121455
1755104400,121454,121903,121435,121826
1755108000,121825,121982,121461,121660
1755111600,121654,122884,121537,122774
1755115200,122811,123054,122504,122972
1755118800,122972,123062,122376,122602
1755122400,122640,123682,122639,123011
1755126000,123019,123715,122974,123360
1755129600,123360,124517,123307,123898
1755133200,123905,124001,123395,123395
1755136800,123394,123746,123328,123719
1755140400,123718,123905,123357,123415
1755144000,123400,123472,123076,123076
1755147600,123063,123183,122141,122195
1755151200,122195,122195,121365,121828
1755154800,121825,122076,121572,121773
1755158400,121784,122076,121616,121678
1755162000,121673,121973,121579,121727
1755165600,121719,121841,120824,121000
1755169200,120998,121078,120760,121019
1755172800,121019,121186,117719,118939
1755176400,118927,119307,117774,118498
1755180000,118497,119421,118058,118838
1755183600,118875,118965,117926,118318
1755187200,118297,118297,117439,117934
1755190800,117927,118194,117569,117963
1755194400,117963,118307,117201,118144
1755198000,118150,118621,118000,118019
1755201600,118018,118225,117807,117958
1755205200,117947,118281,117396,117987
1755208800,117987,118440,117729,118366
1755212400,118367,118611,118323,118394
1755216000,118393,118580,118137,118278
1755219600,118278,118857,118139,118793
1755223200,118794,119004,118695,118822
1755226800,118822,119196,118734,119091
1755230400,119091,119336,118899,118964
1755234000,118960,119081,118754,119080
1755237600,119077,119325,118973,119189
1755241200,119189,119211,118832,119041
1755244800,119041,119248,118975,118975
1755248400,118967,119134,118669,118788
1755252000,118789,119114,118789,118971
1755255600,118971,119185,118971,119097
1755259200,119090,119196,118611,118728
1755262800,118751,118827,117802,117843
1755266400,117842,118320,117309,117462
1755270000,117453,117637,116900,117332
1755273600,117332,117484,116856,117435
1755277200,117423,117933,117052,117679
1755280800,117674,117727,117093,117224
1755284400,117237,117483,116914,116993
1755288000,117011,117404,116909,117364
1755291600,117365,117441,117084,117403
1755295200,117404,117828,117387,117795
1755298800,117795,117859,117140,117446
1755302400,117445,117880,117337,117835
1755306000,117836,118057,117726,117928
1755309600,117927,117927,117549,117612
1755313200,117614,117787,117494,117533
1755316800,117533,117980,117517,117916
1755320400,117916,117955,117633,117693
1755324000,117705,117741,117394,117501
1755327600,117500,117772,117454,117706
1755331200,117693,117764,117585,117717
1755334800,117717,117799,117407,117407
1755338400,117402,117536,117252,117471
1755342000,117473,117627,117433,117443
1755345600,117460,117828,117412,117828
1755349200,117827,117873,117671,117711
1755352800,117712,117870,117624,117866
1755356400,117866,117909,117703,117764
1755360000,117765,117905,117765,117834
1755363600,117833,117850,117747,117782
1755367200,117782,117838,117705,117767
1755370800,117768,117845,117736,117756
1755374400,117748,117788,117610,117736
1755378000,117736,117736,117526,117548
1755381600,117531,117623,117309,117558
1755385200,117557,117565,117374,117460
1755388800,117451,117506,117342,117342
1755392400,117342,117562,117266,117520
1755396000,117520,117689,117467,117686
1755399600,117688,117825,117585,117759
1755403200,117759,118270,117758,118164
1755406800,118164,118321,118085,118088
1755410400,118088,118194,117977,118004
1755414000,118004,118125,117931,118095
1755417600,118095,118454,118010,118454
1755421200,118441,118554,118291,118395
1755424800,118393,118450,118247,118450
1755428400,118446,118454,118334,118365
1755432000,118365,118420,118200,118221
1755435600,118221,118626,118132,118491
1755439200,118494,118541,118217,118218
1755442800,118218,118323,118200,118305
1755446400,118318,118375,117781,117891
1755450000,117877,118008,117719,117973
1755453600,117975,118015,117399,117609
1755457200,117612,117817,117526,117648
1755460800,117633,117820,117575,117699
1755464400,117699,117845,117682,117778
1755468000,117777,118071,117759,118033
1755471600,118033,118055,117447,117490
1755475200,117465,117622,117098,117374
1755478800,117373,117487,116257,116349
1755482400,116307,116395,115389,115535
1755486000,115532,115707,115059,115387
1755489600,115388,115606,115155,115542
1755493200,115545,115771,115079,115760
1755496800,115769,115792,114955,115329
1755500400,115330,115556,115260,115268
1755504000,115275,115451,115140,115193
1755507600,115193,115193,114706,115098
1755511200,115099,115327,115048,115130
1755514800,115130,115214,114926,115005
1755518400,115005,115562,114972,115562
1755522000,115562,115784,114899,114899
1755525600,114910,115673,114909,115673
1755529200,115672,116220,115445,116212
1755532800,116185,116411,115923,116027
1755536400,116027,116864,116023,116481
1755540000,116460,116644,116290,116548
1755543600,116548,116713,116258,116345
1755547200,116364,116604,116057,116478
1755550800,116487,116752,116469,116713
1755554400,116713,117033,116479,116479
1755558000,116468,116599,116162,116265
1755561600,116295,116593,115618,116593
1755565200,116593,116765,115778,115849
1755568800,115849,116100,115693,115796
1755572400,115798,115802,114871,114872
1755576000,114885,115396,114442,115338
1755579600,115342,115507,115011,115027
1755583200,115027,115267,114968,115060
1755586800,115065,115104,114667,115026
1755590400,115016,115355,114838,115260
1755594000,115238,115544,115238,115369
1755597600,115368,115618,115350,115440
1755601200,115446,115701,115446,115539
1755604800,115539,115660,115316,115599
1755608400,115642,115882,114912,115211
1755612000,115212,115381,113776,113891
1755615600,113909,114157,113588,113770
1755619200,113785,113902,113331,113392
1755622800,113336,113592,113109,113513
1755626400,113509,113509,112808,113047
1755630000,113047,113543,112730,113098
1755633600,113095,113560,112903,113555
1755637200,113556,113567,113392,113393
1755640800,113393,113399,113049,113159
1755644400,113160,113169,112702,112870
1755648000,112870,113310,112829,113198
1755651600,113198,113392,112580,112984
1755655200,112984,113474,112937,113418
1755658800,113418,113624,113314,113523
1755662400,113524,113678,113456,113629
1755666000,113630,113759,113467,113690
1755669600,113691,113726,113497,113660
1755673200,113670,113828,113447,113477
1755676800,113477,114198,113420,114010
1755680400,114004,114004,113637,113679
1755684000,113679,113865,113583,113765
1755687600,113774,113826,113067,113656
1755691200,113656,113938,113529,113674
1755694800,113674,113674,112606,112691
1755698400,112692,113852,112353,113447
1755702000,113397,114323,113242,113318
1755705600,113342,114331,113263,113851
1755709200,113851,114455,113780,114209
1755712800,114210,114288,113270,113499
1755716400,113499,114334,113467,114269
1755720000,114269,114384,113995,114380
1755723600,114380,114472,113998,114350
1755727200,114349,114618,114204,114594
1755730800,114576,114608,114210,114263
1755734400,114263,114487,114013,114288
1755738000,114288,114719,113944,114719
1755741600,114710,114801,113899,114023
1755745200,114022,114519,113952,113952
1755748800,113952,114014,113792,113793
1755752400,113793,113998,113624,113980
1755756000,113980,113980,113601,113792
1755759600,113785,113921,113569,113883
1755763200,113882,113980,113570,113570
1755766800,113570,113583,113283,113369
1755770400,113365,113460,113216,113326
1755774000,113326,113536,112998,113146
1755777600,113132,113378,112918,113070
1755781200,113065,113691,113018,113465
1755784800,113456,113951,112900,113243
1755788400,113263,113359,112600,112765
1755792000,112758,112935,112300,112346
1755795600,112351,112558,112147,112375
1755799200,112375,112650,112193,112572
1755802800,112561,112704,111972,112152
1755806400,112146,112819,112021,112425
1755810000,112402,112698,112069,112580
1755813600,112580,112659,112378,112466
1755817200,112465,112472,112246,112472
1755820800,112471,112793,112427,112586
1755824400,112591,112874,112297,112794
1755828000,112794,113472,112737,113102
1755831600,113101,113405,112842,112874
1755835200,112874,113205,112674,112797
1755838800,112797,113227,112797,113191
1755842400,113190,113336,112789,112951
1755846000,112951,113202,112915,113050
1755849600,113045,113262,112899,112949
1755853200,112948,113085,112772,113003
1755856800,113005,113017,112484,112491
1755860400,112493,112584,112148,112279
1755864000,112279,112660,111658,112293
1755867600,112302,112633,111919,112434
1755871200,112457,116104,112449,115809
1755874800,115810,117317,115810,116378
1755878400,116391,116776,116113,116132
1755882000,116148,117022,116148,117020
1755885600,117023,117421,116740,116807
1755889200,116799,116917,116506,116658
1755892800,116642,117110,116564,116989
1755896400,117042,117170,116831,117002
1755900000,117009,117035,116530,116712
1755903600,116711,116897,116644,116891
1755907200,116908,116985,116700,116820
1755910800,116820,116826,116259,116387
1755914400,116391,116486,115456,115879
1755918000,115886,115983,115411,115518
1755921600,115515,115909,115496,115873
1755925200,115873,115978,115741,115903
1755928800,115908,115967,115630,115728
1755932400,115726,115872,115609,115743
1755936000,115743,115829,115572,115700
1755939600,115697,115743,115557,115705
1755943200,115705,115733,115535,115535
1755946800,115524,115586,115189,115240
1755950400,115271,115444,115137,115163
1755954000,115162,115162,114715,114829
1755957600,114829,115028,114596,114597
1755961200,114597,114899,114536,114793
1755964800,114778,115062,114654,114970
1755968400,114970,115121,114908,115053
1755972000,115057,115147,115011,115112
1755975600,115113,115141,115017,115104
1755979200,115109,115298,115074,115294
1755982800,115294,115294,114981,114985
1755986400,114985,115290,114985,115288
1755990000,115289,115396,115202,115392
1755993600,115391,115507,115260,115334
1755997200,115334,115535,115161,115427
1756000800,115427,115626,114955,114967
1756004400,114955,115124,114899,114988
1756008000,114988,115248,114988,115133
1756011600,115132,115176,114887,114957
1756015200,114958,115025,114809,114838
1756018800,114819,115064,114814,114843
1756022400,114843,114940,114712,114790
1756026000,114791,115010,114637,114805
1756029600,114792,114912,114566,114762
1756033200,114748,114868,114610,114711
1756036800,114711,114805,114569,114652
1756040400,114627,114843,114529,114529
1756044000,114542,114609,114323,114483
1756047600,114460,114816,114373,114373
1756051200,114368,114513,114225,114239
1756054800,114233,114527,114211,114386
1756058400,114384,114857,114261,114591
1756062000,114590,114754,110671,112563
1756065600,112559,112981,111677,112751
1756069200,112769,113386,112364,112972
1756072800,112984,113493,112621,113453
1756076400,113451,113664,113358,113478
1756080000,113491,113500,112138,112632
1756083600,112632,113129,112612,113053
1756087200,113076,113614,113060,113395
1756090800,113381,113645,112897,112897
1756094400,112897,113038,112593,112736
1756098000,112742,112843,112286,112286
1756101600,112300,112433,111734,111897
1756105200,111901,112127,111289,111481
1756108800,111466,111797,110982,111381
1756112400,111378,111811,111248,111768
1756116000,111752,111777,110929,110953
1756119600,110954,111248,110900,111165
1756123200,111167,111661,111024,111572
1756126800,111556,111717,110584,111477
1756130400,111498,112321,111315,112257
1756134000,112259,112573,111851,112196
1756137600,112225,112943,112036,112526
1756141200,112512,112781,112151,112431
1756144800,112437,112624,112245,112394
1756148400,112395,112433,110658,110666
1756152000,110692,111076,109437,109571
1756155600,109561,110296,109283,109906
1756159200,109908,110620,109908,110172
1756162800,110171,110297,109807,110136
1756166400,110128,110128,108964,109096
1756170000,109113,109926,108717,109916
1756173600,109914,110037,109517,109722
1756177200,109739,109952,109449,109889
1756180800,109909,110259,109909,110125
1756184400,110132,110381,110108,110253
1756188000,110220,110350,109934,110012
1756191600,110012,110544,109790,110314
1756195200,110315,110455,110024,110118
1756198800,110118,110430,110054,110168
1756202400,110201,110434,110091,110233
1756206000,110242,110243,109582,109878
1756209600,109901,110770,109611,110229
1756213200,110159,110256,109369,110031
1756216800,110077,110517,109777,110350
1756220400,110327,110544,109557,109673
1756224000,109664,110154,109449,110154
1756227600,110161,110208,109594,109995
1756231200,109999,110986,109976,110714
1756234800,110707,111177,110509,111147
1756238400,111121,111425,110934,111355
1756242000,111356,111614,111139,111612
1756245600,111612,111963,111584,111932
1756249200,111906,112400,111771,111788
1756252800,111789,111836,111369,111383
1756256400,111376,111494,111134,111317
1756260000,111367,111494,111132,111187
1756263600,111174,111717,110929,111427
1756267200,111424,111730,111424,111592
1756270800,111592,111675,111343,111368
1756274400,111357,111370,111036,111039
1756278000,111037,111120,110653,110738
1756281600,110752,110841,110381,110771
1756285200,110745,111128,110729,110837
1756288800,110829,111262,110829,110985
1756292400,110985,111409,110985,111334
1756296000,111333,111416,111052,111370
1756299600,111370,111905,111049,111513
1756303200,111517,112646,111330,111832
1756306800,111832,112121,111557,112038
1756310400,112039,112285,111572,112161
1756314000,112155,112465,111932,112386
1756317600,112375,112632,111946,111948
1756321200,111974,112237,111625,112093
1756324800,112088,112429,110918,112423
1756328400,112422,112465,111379,111530
1756332000,111532,111624,111097,111420
1756335600,111419,111556,111124,111273
1756339200,111272,111546,110876,111349
1756342800,111347,111726,111347,111652
1756346400,111652,111769,111459,111511
1756350000,111509,112060,111418,112015
1756353600,112014,113089,111958,112976
1756357200,112977,113171,112714,112887
1756360800,112868,113270,112723,113231
1756364400,113224,113365,113026,113147
1756368000,113148,113361,113026,113135
1756371600,113134,113149,112861,112866
1756375200,112866,113142,112836,113142
1756378800,113141,113174,112868,112929
1756382400,112930,113354,112809,113255
1756386000,113257,113473,112601,112808
1756389600,112841,113320,112554,113177
1756393200,113177,113269,112403,112692
1756396800,112711,113196,112354,112360
1756400400,112355,112632,112230,112397
1756404000,112397,112727,112239,112391
1756407600,112391,112574,111906,111906
1756411200,111917,112125,111869,111916
1756414800,111916,112155,111910,112039
1756418400,112039,112512,112039,112368
1756422000,112367,112591,112319,112581
1756425600,112581,112654,112138,112216
1756429200,112222,112286,111436,111510
1756432800,111503,111784,111397,111455
1756436400,111455,111838,111343,111730
1756440000,111729,111878,111439,111519
1756443600,111519,111595,111154,111330
1756447200,111330,111422,110989,111294
1756450800,111295,111301,109927,110041
1756454400,110040,110291,109620,109635
1756458000,109635,109922,109436,109792
1756461600,109791,110040,109767,110021
1756465200,110020,110160,109869,110112
1756468800,110113,111480,110101,110739
1756472400,110739,110796,108928,109103
1756476000,109118,109527,108104,108182
1756479600,108191,108733,108042,108402
1756483200,108402,108854,108143,108736
1756486800,108727,108736,108167,108491
1756490400,108480,108511,108093,108152
1756494000,108152,108761,107904,108236
1756497600,108234,108274,107580,107790
1756501200,107802,108477,107488,108471
1756504800,108472,108483,108206,108378
1756508400,108385,108558,108338,108362
1756512000,108376,108425,108156,108306
1756515600,108306,108368,107389,107471
1756519200,107472,107965,107399,107792
1756522800,107792,108438,107780,108437
1756526400,108441,108663,108374,108433
1756530000,108433,108486,108131,108355
1756533600,108359,108558,108221,108318
1756537200,108344,108520,108130,108520
1756540800,108520,108766,108495,108569
1756544400,108572,108617,108478,108525
1756548000,108525,108706,108416,108447
1756551600,108437,108730,108437,108706
1756555200,108695,108695,108368,108623
1756558800,108623,108623,108234,108542
1756562400,108540,108728,108414,108674
1756566000,108673,108924,108553,108886
1756569600,108852,108892,108667,108830
1756573200,108829,108907,108638,108785
1756576800,108795,108860,108638,108757
1756580400,108755,108911,108677,108853
1756584000,108858,108859,108624,108666
1756587600,108658,108705,108533,108629
1756591200,108611,108612,108486,108541
1756594800,108550,108827,108550,108827
1756598400,108827,109420,108824,109399
1756602000,109416,109503,109159,109457
1756605600,109443,109462,109199,109241
1756609200,109242,109383,109183,109208
1756612800,109175,109183,108699,108821
1756616400,108831,108831,108585,108771
1756620000,108772,108791,108541,108729
1756623600,108701,108840,108683,108727
1756627200,108725,109029,108725,109028
1756630800,109027,109107,108470,108502
1756634400,108523,108637,108339,108576
1756638000,108588,108608,108343,108399
1756641600,108394,108490,108313,108342
1756645200,108329,108462,108208,108432
1756648800,108433,108507,108265,108465
1756652400,108467,108851,108457,108818
1756656000,108810,108977,108573,108934
1756659600,108935,109010,108858,109009
1756663200,109010,109237,108936,109161
1756666800,109160,109176,108924,108941
1756670400,108946,109138,108898,109129
1756674000,109129,109129,108952,109041
1756677600,109054,109238,108768,108904
1756681200,108909,108917,108092,108269
1756684800,108268,108416,107651,108241
1756688400,108245,108468,107987,108173
1756692000,108164,108201,107445,107636
1756695600,107637,107775,107419,107670
1756699200,107654,107767,107290,107411
1756702800,107396,107983,107270,107876
1756706400,107874,108137,107600,108077
1756710000,108077,109422,108006,109422
1756713600,109422,109820,109422,109592
1756717200,109636,109907,109484,109522
1756720800,109522,109544,108188,108570
1756724400,108577,108862,108474,108775
1756728000,108775,109159,108640,109124
1756731600,109128,109533,108952,109044
1756735200,109044,109334,108840,109168
1756738800,109171,109383,108586,108779
1756742400,108812,109106,108672,108794
1756746000,108795,108974,108455,108943
1756749600,108932,109265,108932,109231
1756753200,109231,109317,109164,109218
1756756800,109211,109236,108300,108872
1756760400,108872,108931,107483,107799
1756764000,107796,108523,107605,108456
1756767600,108448,109444,108442,109244
1756771200,109255,109340,108888,109038
1756774800,109037,109606,108985,109321
1756778400,109317,110250,109171,110244
1756782000,110241,110602,110056,110326
1756785600,110328,110416,110160,110312
1756789200,110331,110338,110055,110211
1756792800,110221,110604,110174,110385
1756796400,110384,110411,110016,110254
1756800000,110253,110710,110067,110373
1756803600,110372,110692,110279,110452
1756807200,110467,110500,110143,110269
1756810800,110271,110273,109598,109755
1756814400,109751,109858,108426,108825
1756818000,108824,111283,108771,111175
1756821600,111186,111775,110810,111371
1756825200,111361,111542,110650,110844
1756828800,110848,111148,110511,110791
1756832400,110800,111062,110635,110923
1756836000,110921,110954,110200,110652
1756839600,110650,110857,110446,110809
1756843200,110808,111434,110718,111431
1756846800,111431,111556,111147,111147
1756850400,111147,111284,110879,111284
1756854000,111284,111293,111021,111238
1756857600,111238,111787,111236,111350
1756861200,111351,111419,110905,111185
1756864800,111184,111493,111050,111386
1756868400,111383,111413,110907,111069
1756872000,111065,111164,110863,111039
1756875600,111040,111078,110682,110715
1756879200,110716,110902,110597,110743
1756882800,110743,111116,110550,111116
1756886400,111115,111289,110996,111019
1756890000,111019,111331,110917,111326
1756893600,111324,111494,111171,111463
1756897200,111463,111726,111423,111470
1756900800,111473,111887,111070,111149
1756904400,111149,111926,111108,111490
1756908000,111493,112525,111157,112304
1756911600,112303,112405,111932,112246
1756915200,112245,112376,111704,111891
1756918800,111891,112615,111880,112339
1756922400,112340,112557,111817,112027
1756926000,112027,112301,111819,112256
1756929600,112240,112296,112085,112264
1756933200,112273,112301,111819,112049
1756936800,112049,112197,111895,111996
1756940400,111997,112035,111678,111759
1756944000,111758,112223,111665,112126
1756947600,112123,112126,111704,112000
1756951200,112003,112037,111461,111497
1756954800,111500,111770,111184,111188
1756958400,111191,111369,110964,110974
1756962000,110974,110974,110634,110692
1756965600,110692,110755,110326,110424
1756969200,110424,110663,110386,110506
1756972800,110505,110874,110444,110671
1756976400,110680,110882,110680,110855
1756980000,110854,111169,110677,110677
1756983600,110669,111082,110585,110859
1756987200,110859,111156,110571,110975
1756990800,110976,111009,110250,110475
1756994400,110475,110546,109738,109853
1756998000,109857,109883,109343,109522
1757001600,109522,109703,109361,109442
1757005200,109442,109909,109424,109789
1757008800,109789,110213,109738,110004
1757012400,109993,110131,109752,109817
1757016000,109820,110436,109772,110419
1757019600,110429,110557,110357,110508
1757023200,110507,111585,110494,111479
1757026800,111480,111750,110624,110747
1757030400,110738,110929,110464,110491
1757034000,110475,111142,110468,111122
1757037600,111126,111490,111057,111345
1757041200,111344,111344,111107,111321
1757044800,111321,111486,111165,111461
1757048400,111461,111717,111434,111597
1757052000,111599,111905,111529,111905
1757055600,111918,113002,111891,112978
1757059200,112973,112990,112633,112633
1757062800,112633,112633,112144,112310
1757066400,112305,112565,112214,112267
1757070000,112267,112448,112161,112374
1757073600,112375,113402,112174,113235
1757077200,113237,113310,112741,113103
1757080800,113100,113100,110492,110573
1757084400,110571,111029,110288,110722
1757088000,110723,110934,110530,110820
1757091600,110821,110821,110226,110608
1757095200,110611,111312,110579,111216
1757098800,111216,111637,111149,111630
1757102400,111626,111650,111300,111643
1757106000,111650,111703,110393,110623
1757109600,110626,110943,110531,110817
1757113200,110821,110892,110609,110669
1757116800,110668,110847,110570,110795
1757120400,110796,110930,110759,110886
1757124000,110886,111222,110748,111222
1757127600,111220,111314,111008,111089
1757131200,111090,111090,110799,110888
1757134800,110873,110886,110710,110715
1757138400,110715,110825,110715,110762
1757142000,110761,110847,110757,110834
1757145600,110848,110982,110792,110968
1757149200,110962,110962,110716,110722
1757152800,110716,110817,110688,110795
1757156400,110796,110892,110687,110799
1757160000,110800,110916,110770,110848
1757163600,110848,110956,110836,110952
1757167200,110952,111014,110797,110830
1757170800,110830,110865,110385,110411
1757174400,110408,110411,110028,110289
1757178000,110286,110298,110021,110181
1757181600,110180,110313,110079,110251
1757185200,110251,110293,110024,110059
1757188800,110068,110180,110057,110162
1757192400,110201,110240,110118,110235
1757196000,110236,110257,110121,110213
1757199600,110208,110319,110152,110223
1757203200,110223,110397,110212,110387
1757206800,110372,110616,110359,110580
1757210400,110579,110719,110478,110689
1757214000,110695,110755,110622,110660
1757217600,110660,110671,110519,110581
1757221200,110581,110718,110581,110674
1757224800,110674,110684,110492,110526
1757228400,110525,110916,110491,110770
1757232000,110767,111369,110734,111080
1757235600,111074,111251,110916,111125
1757239200,111133,111245,111052,111245
1757242800,111248,111306,111194,111300
1757246400,111313,111314,111085,111136
1757250000,111136,111248,111051,111225
1757253600,111224,111412,111071,111142
1757257200,111142,111369,111109,111332
1757260800,111332,111369,111162,111211
1757264400,111207,111244,110903,110978
1757268000,110979,111062,110876,111059
1757271600,111060,111289,111051,111268
1757275200,111266,111368,111141,111334
1757278800,111333,111333,111062,111062
1757282400,111062,111365,111009,111255
1757286000,111258,111597,111089,111144
1757289600,111144,111290,110756,110844
1757293200,110835,110989,110730,110887
1757296800,110888,111354,110624,111246
1757300400,111250,111350,111010,111039
1757304000,111024,111207,110929,110979
1757307600,110979,111056,110903,111037
1757311200,111042,111200,110911,111119
1757314800,111119,111597,111119,111263
1757318400,111278,111878,111237,111668
1757322000,111674,112090,111574,112082
1757325600,112083,112169,111905,112045
1757329200,112038,112107,111744,112042
1757332800,112047,112147,111917,112026
1757336400,112031,112349,111879,111903
1757340000,111893,112775,111879,112640
1757343600,112658,112935,112532,112644
1757347200,112643,112687,112322,112407
1757350800,112390,112563,112107,112227
1757354400,112227,112541,112200,112496
1757358000,112488,112488,112013,112089
1757361600,112115,112167,111905,111963
1757365200,111965,112365,111939,112351
1757368800,112376,112511,112241,112262
1757372400,112264,112323,112013,112098
1757376000,112097,112112,111480,111659
1757379600,111659,111754,111295,111383
1757383200,111378,111450,111130,111339
1757386800,111337,111744,111247,111714
1757390400,111703,112101,111636,112028
1757394000,112028,112241,111868,112203
1757397600,112203,113161,112164,113030
1757401200,113031,113279,112762,112996
1757404800,113049,113161,112912,113000
1757408400,113000,113065,112917,112980
1757412000,112980,113052,112664,112758
1757415600,112753,112828,112430,112443
1757419200,112450,112836,112418,112685
1757422800,112683,112957,112512,112771
1757426400,112785,112954,111518,111773
1757430000,111767,111852,110768,110886
1757433600,110885,111153,110796,111000
1757437200,110983,111204,110890,111035
1757440800,111036,111317,110931,111147
1757444400,111146,111417,111132,111308
1757448000,111306,111530,111095,111523
1757451600,111522,111731,111276,111303
1757455200,111303,111624,111276,111551
1757458800,111554,111582,111364,111531
1757462400,111551,111568,110944,111015
1757466000,111027,111226,110932,111027
1757469600,111018,111543,111018,111410
1757473200,111393,111569,111364,111554
1757476800,111555,111647,111401,111529
1757480400,111521,111695,111373,111573
1757484000,111572,111959,111409,111778
1757487600,111792,112579,111764,112543
1757491200,112542,112835,112342,112384
1757494800,112380,112417,112120,112263
1757498400,112263,112417,112219,112280
1757502000,112280,112402,112148,112289
1757505600,112289,113528,112289,113422
1757509200,113415,114348,113400,113993
1757512800,113997,114338,113837,113950
1757516400,113950,114147,113763,113875
1757520000,113882,113969,113594,113793
1757523600,113794,114115,113450,113766
1757527200,113764,113920,113374,113627
1757530800,113612,113655,113207,113621
1757534400,113621,113901,113595,113600
1757538000,113609,113885,113566,113878
1757541600,113879,114031,113753,113919
1757545200,113928,114047,113813,113988
1757548800,113987,114031,113708,113911
1757552400,113911,114195,113869,113934
1757556000,113935,113983,113753,113846
1757559600,113846,114462,113846,114430
1757563200,114429,114429,114115,114190
1757566800,114203,114370,114007,114298
1757570400,114295,114485,114115,114353
1757574000,114339,114355,114007,114115
1757577600,114100,114250,114020,114085
1757581200,114089,114117,113815,113923
1757584800,113928,114148,113912,114104
1757588400,114103,114154,113934,114045
1757592000,114055,114527,113561,113998
1757595600,114015,114731,113460,114650
1757599200,114665,114700,113959,114496
1757602800,114496,114735,114025,114228
1757606400,114210,114617,114210,114515
1757610000,114515,114649,114364,114622
1757613600,114620,114654,114137,114341
1757617200,114338,114575,114232,114461
1757620800,114463,114546,114287,114447
1757624400,114434,114554,114434,114525
1757628000,114525,115306,114476,115117
1757631600,115117,115533,115117,115533
1757635200,115533,116358,115466,115896
1757638800,115896,116073,115415,115425
1757642400,115429,115700,115306,115447
1757646000,115448,115481,115106,115242
1757649600,115228,115535,115121,115388
1757653200,115388,115701,115343,115661
1757656800,115660,115660,115300,115358
1757660400,115357,115440,115138,115152
1757664000,115155,115313,114995,115086
1757667600,115085,115164,114912,115084
1757671200,115082,115114,114958,115014
1757674800,115013,115161,114937,114945
1757678400,114949,115216,114770,115110
1757682000,115110,115241,114858,115201
1757685600,115200,115507,114865,115308
1757689200,115311,115327,114974,115153
1757692800,115164,115565,115059,115540
1757696400,115540,115995,115449,115888
1757700000,115887,116578,115838,116557
1757703600,116557,116805,116309,116783
1757707200,116784,116784,116095,116267
1757710800,116261,116261,115867,115969
1757714400,115969,116465,115969,116131
1757718000,116118,116242,116021,116108
1757721600,116108,116364,116040,116299
1757725200,116300,116348,115687,115845
1757728800,115845,116053,115772,115948
1757732400,115948,116077,115909,116029
1757736000,116024,116024,115742,115769
1757739600,115769,115955,115735,115776
1757743200,115776,115883,115729,115809
1757746800,115809,115924,115773,115855
1757750400,115851,116104,115848,116056
1757754000,116058,116100,115930,116100
1757757600,116086,116244,115986,116015
1757761200,116015,116074,115948,116040
1757764800,116039,116130,115931,116073
1757768400,116072,116073,115702,115822
1757772000,115822,116026,115679,115861
1757775600,115843,115993,115693,115836
1757779200,115836,115885,115177,115393
1757782800,115400,115632,115244,115627
1757786400,115627,115715,115478,115702
1757790000,115702,115854,115640,115848
1757793600,115849,116038,115848,115963
1757797200,115962,116038,115905,115950
1757800800,115976,115988,115869,115935
1757804400,115935,116035,115924,115981
1757808000,115980,116061,115883,115993
1757811600,115992,116049,115803,116015
1757815200,116014,116160,115805,115914
1757818800,115914,115922,115715,115722
1757822400,115716,115834,115521,115811
1757826000,115811,115979,115792,115927
1757829600,115928,116007,115758,115795
1757833200,115797,115896,115794,115873
1757836800,115870,116035,115825,115987
1757840400,115987,116216,115952,116104
1757844000,116104,116198,116007,116087
1757847600,116087,116164,115816,115860
1757851200,115860,115940,115730,115839
1757854800,115840,115846,115292,115407
1757858400,115388,115756,115231,115470
1757862000,115467,115479,115260,115289
1757865600,115289,115600,115250,115539
1757869200,115538,115701,115467,115609
1757872800,115609,115609,115432,115448
1757876400,115448,115687,115371,115684
1757880000,115685,115896,115685,115857
1757883600,115852,116132,115667,116111
1757887200,116118,116118,115869,116065
1757890800,116065,116065,115190,115342
1757894400,115316,115316,115010,115122
1757898000,115118,115313,114885,115281
1757901600,115280,115479,115269,115413
1757905200,115416,115618,115399,115491
1757908800,115478,116187,115433,116096
1757912400,116096,116592,116048,116565
1757916000,116558,116786,116092,116167
1757919600,116163,116424,115687,115846
1757923200,115847,115848,114747,114764
1757926800,114761,115202,114685,114908
1757930400,114907,114989,114762,114810
1757934000,114810,115231,114774,115111
1757937600,115111,115117,114706,114754
1757941200,114756,115123,114421,114721
1757944800,114701,115063,114477,114710
1757948400,114711,114958,114431,114896
1757952000,114876,114959,114633,114705
1757955600,114705,115147,114639,115146
1757959200,115146,115354,114912,115317
1757962800,115317,115582,115016,115341
1757966400,115329,115537,115231,115408
1757970000,115411,115563,115323,115561
1757973600,115555,115643,115260,115331
1757977200,115333,115519,115275,115387
1757980800,115389,115389,114990,115109
1757984400,115115,115535,115050,115061
1757988000,115061,115259,115061,115061
1757991600,115061,115451,115060,115338
1757995200,115338,115569,114981,115531
1757998800,115531,115977,115476,115959
1758002400,115960,116035,115632,115802
1758006000,115802,115919,115744,115865
1758009600,115864,116001,115563,115681
1758013200,115681,115753,115480,115497
1758016800,115497,115615,115397,115397
1758020400,115396,115454,115233,115316
1758024000,115316,115480,115316,115454
1758027600,115454,115562,114776,115206
1758031200,115214,115332,114818,115314
1758034800,115314,115935,115041,115935
1758038400,115935,116090,115646,116090
1758042000,116084,116902,116084,116511
1758045600,116511,116821,116274,116463
1758049200,116463,116878,116449,116853
1758052800,116854,116966,116778,116903
1758056400,116886,116983,116644,116871
1758060000,116859,117006,116736,116887
1758063600,116887,116960,116677,116837
1758067200,116836,116859,116608,116612
1758070800,116612,116803,116565,116717
1758074400,116709,117109,116611,116746
1758078000,116734,116801,116429,116430
1758081600,116430,116522,116216,116363
1758085200,116364,117238,116364,117151
1758088800,117151,117323,117042,117288
1758092400,117275,117321,117163,117200
1758096000,117205,117228,116733,116892
1758099600,116891,116891,116607,116607
1758103200,116608,116637,116301,116384
1758106800,116384,116400,116287,116288
1758110400,116287,116540,116132,116233
1758114000,116232,116341,115943,116138
1758117600,116152,116272,115504,115641
1758121200,115641,115918,115560,115909
1758124800,115909,115909,115410,115675
1758128400,115674,116314,115596,115701
1758132000,115701,116341,114747,115227
1758135600,115257,116032,115105,115701
1758139200,115697,116199,115539,115670
1758142800,115666,116171,115364,116089
1758146400,116088,116870,116073,116598
1758150000,116598,117030,116377,116477
1758153600,116482,116502,116144,116385
1758157200,116385,116914,116375,116703
1758160800,116702,116999,116495,116991
1758164400,116991,117934,116952,117620
1758168000,117626,117793,117286,117633
1758171600,117633,117633,117225,117309
1758175200,117309,117359,116922,117128
1758178800,117127,117253,117078,117111
1758182400,117109,117435,117044,117269
1758186000,117257,117395,117154,117344
1758189600,117343,117351,117115,117227
1758193200,117227,117350,117055,117101
1758196800,117101,117333,117028,117176
1758200400,117173,117711,117056,117472
1758204000,117458,117887,117425,117699
1758207600,117694,117752,117379,117632
1758211200,117631,117844,117546,117619
1758214800,117619,117827,117478,117642
1758218400,117641,117968,117565,117886
1758222000,117885,117885,117242,117508
1758225600,117509,117715,117383,117580
1758229200,117580,117580,117352,117352
1758232800,117352,117386,117107,117121
1758236400,117119,117208,116692,117125
1758240000,117124,117478,117073,117468
1758243600,117469,117506,117173,117310
1758247200,117310,117344,117112,117165
1758250800,117166,117349,116935,117029
1758254400,117029,117126,116761,117039
1758258000,117039,117075,116856,116955
1758261600,116955,116955,116705,116733
1758265200,116733,117054,116733,116973
1758268800,116973,117154,116945,116986
1758272400,116986,117063,116544,116545
1758276000,116546,116612,116500,116598
1758279600,116597,116614,116369,116456
1758283200,116455,116578,116182,116206
1758286800,116205,116509,116112,116325
1758290400,116324,116535,115840,115941
1758294000,115940,115993,115507,115948
1758297600,115947,116202,115858,116144
1758301200,116144,116153,115583,115588
1758304800,115587,115678,115428,115463
1758308400,115463,115525,115157,115160
1758312000,115160,115479,115144,115384
1758315600,115395,115600,115356,115522
1758319200,115522,115715,115522,115671
1758322800,115671,115713,115516,115702
1758326400,115703,115794,115620,115784
1758330000,115785,115785,115672,115685
1758333600,115685,115685,115514,115670
1758337200,115670,115671,115479,115512
1758340800,115512,115653,115484,115641
1758344400,115640,115778,115580,115775
1758348000,115775,115794,115697,115768
1758351600,115768,116040,115748,116027
1758355200,116026,116026,115771,115771
1758358800,115771,115858,115731,115732
1758362400,115732,115863,115732,115810
1758366000,115810,115985,115810,115958
1758369600,115959,116016,115882,115945
1758373200,115949,116035,115933,115995
1758376800,115995,116115,115964,116046
1758380400,116046,116197,116026,116066
1758384000,116067,116141,115963,116116
1758387600,116116,116161,115896,115901
1758391200,115901,115907,115785,115794
1758394800,115794,115885,115780,115782
1758398400,115782,115880,115770,115802
1758402000,115802,116019,115802,115866
1758405600,115867,115877,115826,115858
1758409200,115858,115859,115693,115759
1758412800,115758,115813,115632,115724
1758416400,115725,115726,115576,115576
1758420000,115576,115769,115521,115766
1758423600,115767,115783,115689,115722
1758427200,115722,115731,115569,115570
1758430800,115569,115743,115569,115743
1758434400,115743,115882,115743,115782
1758438000,115782,115901,115710,115891
1758441600,115896,115901,115649,115699
1758445200,115699,115770,115411,115767
1758448800,115757,115784,115576,115587
1758452400,115586,115757,115586,115675
1758456000,115675,115822,115675,115749
1758459600,115742,115812,115715,115728
1758463200,115728,115760,115559,115565
1758466800,115562,115673,115535,115594
1758470400,115594,115620,115287,115382
1758474000,115390,115698,115313,115694
1758477600,115697,115724,115590,115599
1758481200,115600,115601,115396,115554
1758484800,115554,115573,115382,115382
1758488400,115382,115493,115313,115468
1758492000,115469,115604,115258,115603
1758495600,115597,115597,115258,115292
1758499200,115275,115435,114376,114483
1758502800,114457,114816,114322,114348
1758506400,114341,114680,114225,114271
1758510000,114268,114722,114267,114721
1758513600,114707,114723,114453,114481
1758517200,114480,114601,113746,113746
1758520800,113778,113787,111986,112898
1758524400,112897,113078,112564,112594
1758528000,112594,112872,112531,112719
1758531600,112714,112756,112268,112409
1758535200,112428,112914,112336,112859
1758538800,112859,113044,112755,112956
1758542400,112956,112956,112596,112827
1758546000,112823,113244,112473,113244
1758549600,113223,113515,112843,113014
1758553200,113013,113120,112650,112905
1758556800,112904,112975,112671,112678
1758560400,112678,112704,112316,112465
1758564000,112461,112900,112410,112513
1758567600,112512,112677,112015,112177
1758571200,112193,113038,112049,112843
1758574800,112846,113052,112669,113052
1758578400,113051,113051,112678,112726
1758582000,112744,112824,112675,112741
1758585600,112741,112920,112472,112485
1758589200,112486,112594,112228,112247
1758592800,112246,112571,111771,111923
1758596400,111903,112525,111571,112415
1758600000,112428,112550,111966,112517
1758603600,112520,112957,112501,112735
1758607200,112734,113175,112683,113030
1758610800,113042,113168,112958,113147
1758614400,113153,113229,113001,113195
1758618000,113193,113337,112957,112999
1758621600,112999,113066,112890,113025
1758625200,113025,113147,112754,113052
1758628800,113049,113107,112890,113008
1758632400,113005,113092,112800,113012
1758636000,113009,113344,112624,112705
1758639600,112704,113127,112549,112938
1758643200,112938,113016,112527,112870
1758646800,112856,112888,111919,111980
1758650400,111999,112228,111710,111806
1758654000,111807,111997,111570,111676
1758657600,111676,112016,111463,112016
1758661200,112025,112214,111900,112182
1758664800,112181,112248,112029,112188
1758668400,112190,112262,111906,112025
1758672000,112025,112401,111851,112256
1758675600,112256,112530,112177,112475
1758679200,112475,112526,111917,112148
1758682800,112146,112245,111717,111720
1758686400,111722,112389,111115,112195
1758690000,112178,112694,112161,112659
1758693600,112670,112807,112557,112618
1758697200,112618,112771,112487,112608
1758700800,112617,112656,112435,112645
1758704400,112644,112835,112521,112759
1758708000,112761,112976,112697,112960
1758711600,112974,113188,112906,113062
1758715200,113054,113128,112970,113097
1758718800,113096,113258,112849,112861
1758722400,112876,113930,112876,113764
1758726000,113765,113938,113315,113392
1758729600,113398,113794,113182,113775
1758733200,113773,114005,113658,113803
1758736800,113813,113874,113558,113694
1758740400,113693,113731,113341,113467
1758744000,113471,113663,113447,113558
1758747600,113546,113640,113349,113393
1758751200,113402,113692,113301,113378
1758754800,113376,113475,113247,113339
1758758400,113351,113542,113013,113105
1758762000,113102,113391,112485,112678
1758765600,112689,113202,112552,112924
1758769200,112921,112921,112241,112596
1758772800,112559,112618,111611,111755
1758776400,111742,112047,111606,111766
1758780000,111756,111867,111538,111558
1758783600,111553,111902,111483,111781
1758787200,111781,112053,111721,111770
1758790800,111775,112265,111614,111614
1758794400,111601,111883,111555,111674
1758798000,111683,111753,111317,111372
1758801600,111367,111692,111036,111140
1758805200,111134,111742,110658,111021
1758808800,111021,111769,111008,111590
1758812400,111581,111657,110912,111657
1758816000,111657,111742,110951,110993
1758819600,110992,111004,108679,108878
1758823200,108860,109830,108652,109783
1758826800,109779,109995,109337,109389
1758830400,109393,109511,109092,109206
1758834000,109206,109706,109118,109448
1758837600,109412,109667,109312,109463
1758841200,109471,109724,108816,109021
1758844800,109021,109646,108855,109525
1758848400,109516,109817,109355,109737
1758852000,109735,109848,109533,109665
1758855600,109668,109680,109338,109630
1758859200,109644,109676,109292,109375
1758862800,109380,109632,109132,109304
1758866400,109302,109672,109072,109419
1758870000,109419,109655,109003,109393
1758873600,109406,109685,109389,109648
1758877200,109649,109768,109473,109644
1758880800,109644,109645,108777,108957
1758884400,108956,109260,108676,109186
1758888000,109185,109606,108871,109428
1758891600,109428,109829,109044,109701
1758895200,109704,109823,108809,108896
1758898800,108894,109409,108863,109084
1758902400,109085,109672,109085,109517
1758906000,109511,110054,109442,109969
1758909600,109969,110372,109764,109794
1758913200,109792,109792,109094,109241
1758916800,109235,109414,109151,109375
1758920400,109352,109580,109255,109520
1758924000,109520,109665,109405,109617
1758927600,109614,109738,109484,109696
1758931200,109694,109714,109530,109710
1758934800,109710,109722,109393,109493
1758938400,109494,109546,109396,109473
1758942000,109469,109789,109457,109632
1758945600,109618,109785,109577,109712
1758949200,109712,109749,109651,109687
1758952800,109687,109688,109540,109589
1758956400,109592,109622,109396,109459
1758960000,109458,109458,109317,109317
1758963600,109318,109396,109130,109352
1758967200,109356,109532,109321,109486
1758970800,109487,109489,109343,109364
1758974400,109364,109527,109304,109451
1758978000,109451,109459,109363,109368
1758981600,109368,109448,109317,109352
1758985200,109348,109474,109252,109459
1758988800,109458,109471,109364,109433
1758992400,109430,109450,109304,109427
1758996000,109425,109475,109390,109475
1758999600,109475,109486,109432,109473
1759003200,109474,109487,109409,109441
1759006800,109441,109520,109440,109520
1759010400,109520,109751,109520,109655
1759014000,109655,109711,109514,109679
1759017600,109679,109830,109606,109659
1759021200,109668,109703,109396,109404
1759024800,109404,109591,109403,109492
1759028400,109508,109571,109458,109490
1759032000,109491,109535,109413,109424
1759035600,109426,109453,109398,109399
1759039200,109398,109488,109317,109454
1759042800,109454,109567,109399,109557
1759046400,109557,109639,109476,109557
1759050000,109557,109593,109383,109561
1759053600,109561,109561,109411,109413
1759057200,109416,109493,109304,109416
1759060800,109416,109489,109239,109356
1759064400,109356,109698,109356,109671
1759068000,109670,109909,109539,109875
1759071600,109887,110056,109741,110056
1759075200,110067,110411,110031,110250
1759078800,110243,110398,110150,110242
1759082400,110235,110310,110095,110305
1759086000,110305,110398,110142,110357
1759089600,110357,110980,110334,110852
1759093200,110841,110917,110677,110872
1759096800,110873,112040,110873,111954
1759100400,111963,112375,111963,112203
1759104000,112203,112329,112017,112295
1759107600,112296,112334,111750,111886
1759111200,111886,112057,111677,111794
1759114800,111794,111886,111620,111879
1759118400,111904,111933,111784,111857
1759122000,111844,111849,111610,111791
1759125600,111802,111878,111669,111693
1759129200,111670,111892,111597,111892
1759132800,111892,112438,111892,112131
1759136400,112131,112228,112027,112134
1759140000,112134,112272,112067,112136
1759143600,112135,112159,111965,112150
1759147200,112149,112546,111986,112071
1759150800,112065,113528,111953,113281
1759154400,113283,114314,113283,114100
1759158000,114100,114200,113753,113881
1759161600,113884,114134,113669,113688
1759165200,113688,114235,113522,114123
1759168800,114126,114216,113943,114092
1759172400,114092,114462,113926,114345
1759176000,114335,114486,114200,114319
1759179600,114309,114401,114163,114250
1759183200,114250,114292,114078,114254
1759186800,114254,114445,114254,114379
1759190400,114359,114814,114108,114589
1759194000,114580,114842,114350,114584
1759197600,114581,114663,114441,114530
1759201200,114530,114596,114369,114440
1759204800,114423,114423,114146,114168
1759208400,114146,114260,113900,113962
1759212000,113961,114148,113900,113953
1759215600,113952,114055,113642,113753
1759219200,113750,113797,113409,113505
1759222800,113504,113504,112795,112834
1759226400,112814,113110,112714,112957
1759230000,112958,113184,112850,113107
1759233600,113098,113297,113036,113045
1759237200,113045,113723,112917,113444
1759240800,113441,113651,112957,113632
1759244400,113630,113630,112966,113133
1759248000,113134,113291,112808,112858
1759251600,112856,113529,112830,113259
1759255200,113262,113722,113197,113719
1759258800,113719,114583,113711,114369
1759262400,114369,114721,114135,114642
1759266000,114649,114775,114149,114192
1759269600,114179,114373,113924,113962
1759273200,113960,114065,113787,114065
1759276800,114079,114319,113982,114259
1759280400,114263,114572,114158,114570
1759284000,114570,114572,114088,114297
1759287600,114297,114541,114116,114196
1759291200,114229,114714,114170,114303
1759294800,114306,114747,114282,114587
1759298400,114596,114654,114252,114294
1759302000,114294,114620,114273,114581
1759305600,114581,116593,114520,116137
1759309200,116147,116565,115996,116450
1759312800,116465,116593,116233,116308
1759316400,116324,116839,116316,116839
1759320000,116843,116940,116412,116443
1759323600,116454,116900,116454,116867
1759327200,116862,117492,116762,117392
1759330800,117392,117713,117178,117500
1759334400,117501,118267,117401,117643
1759338000,117631,117770,116786,116837
1759341600,116837,117393,116836,117297
1759345200,117297,117689,117279,117500
1759348800,117434,117617,117227,117607
1759352400,117607,117651,117404,117632
1759356000,117632,118142,117632,117820
1759359600,117819,118708,117763,118668
1759363200,118674,119509,118493,118503
1759366800,118504,118952,118454,118688
1759370400,118689,118848,118555,118812
1759374000,118815,119124,118768,118813
1759377600,118813,118991,118512,118730
1759381200,118731,118746,118355,118444
1759384800,118443,118738,118370,118731
1759388400,118726,118739,118510,118577
1759392000,118579,118752,118430,118746
1759395600,118745,118924,118642,118924
1759399200,118924,118982,118644,118684
1759402800,118684,118965,118614,118838
1759406400,118835,119480,118824,119480
1759410000,119480,119882,119011,119718
1759413600,119718,119888,118782,118911
1759417200,118911,119996,118611,119996
1759420800,119995,120374,119718,119824
1759424400,119824,120046,119454,120006
1759428000,120006,120739,120003,120613
1759431600,120612,121106,120561,120941
1759435200,120932,121012,120404,120741
1759438800,120739,120855,120221,120239
1759442400,120238,120504,120159,120331
1759446000,120346,120760,120346,120612
1759449600,120645,120655,120197,120241
1759453200,120241,120391,119942,119999
1759456800,119987,120371,119969,120261
1759460400,120260,120577,120260,120324
1759464000,120324,120421,120127,120154
1759467600,120153,120182,119870,120017
1759471200,120018,120175,119871,120008
1759474800,120016,120107,119722,119740
1759478400,119741,120163,119353,120140
1759482000,120139,120460,120104,120392
1759485600,120392,120635,120365,120528
1759489200,120526,120568,120231,120420
1759492800,120430,120500,120213,120475
1759496400,120474,120808,120246,120485
1759500000,120469,121099,120009,121011
1759503600,121039,122443,120753,122355
1759507200,122367,123966,122366,122625
1759510800,122621,123179,121696,122159
1759514400,122161,122808,121565,122635
1759518000,122636,123070,122463,122782
1759521600,122782,122825,122150,122536
1759525200,122544,122544,122116,122412
1759528800,122413,122752,122413,122566
1759532400,122565,122566,122275,122308
1759536000,122329,122391,122092,122205
1759539600,122204,122208,121798,121954
1759543200,121959,122130,121786,121925
1759546800,121951,122398,121927,122324
1759550400,122324,122617,122310,122591
1759554000,122572,122885,122510,122619
1759557600,122603,122684,122474,122531
1759561200,122527,122539,122355,122420
1759564800,122409,122612,122282,122345
1759568400,122345,122532,122266,122288
1759572000,122272,122402,122194,122200
1759575600,122194,122295,122047,122061
1759579200,122048,122181,122033,122086
1759582800,122082,122560,122082,122462
1759586400,122463,122536,122092,122092
1759590000,122091,122194,121790,121871
1759593600,121871,122032,121684,121806
1759597200,121804,121988,121739,121824
1759600800,121837,121905,121575,121648
1759604400,121662,122041,121662,122036
1759608000,122052,122152,121955,121955
1759611600,121955,122399,121944,122256
1759615200,122255,122414,122204,122353
1759618800,122353,122472,122282,122441
1759622400,122458,122472,122238,122239
1759626000,122239,122463,122209,122447
1759629600,122447,124383,122414,124107
1759633200,124078,124203,123417,123853
1759636800,123831,125725,123793,125209
1759640400,125211,125459,124922,125135
1759644000,125136,125232,124821,125035
1759647600,125005,125172,124642,124752
1759651200,124745,124865,124592,124615
1759654800,124614,124683,122816,123035
1759658400,123035,123161,122538,123057
1759662000,123056,123550,122877,123491
1759665600,123477,123477,122975,123113
1759669200,123113,123373,123113,123190
1759672800,123190,123364,122826,123079
1759676400,123065,123066,122723,122843
1759680000,122841,123364,122355,123298
1759683600,123298,123491,122959,123103
1759687200,123102,123256,122929,123043
1759690800,123045,123061,122561,122629
1759694400,122629,123076,122518,122778
1759698000,122730,122813,122546,122766
1759701600,122767,123313,122767,123274
1759705200,123272,123579,123253,123519
1759708800,123519,124387,123148,123421
1759712400,123404,124263,123238,124093
1759716000,124089,124278,123550,124195
1759719600,124175,124180,123817,123914
1759723200,123903,124040,123640,123641
1759726800,123639,123758,123358,123621
1759730400,123621,124189,123621,123985
1759734000,123985,124057,123344,123437
1759737600,123436,123905,123436,123884
1759741200,123884,124099,123832,124015
1759744800,124015,124189,123961,124030
1759748400,124022,124517,123787,124269
1759752000,124268,124697,124233,124611
1759755600,124612,125115,124465,125102
1759759200,125102,125389,124444,124590
1759762800,124585,125469,124578,125067
1759766400,125067,125598,124886,125535
1759770000,125528,125899,125203,125370
1759773600,125367,126272,125124,126111
1759777200,126094,126239,125333,125481
1759780800,125468,125608,125096,125278
1759784400,125279,125333,124593,125149
1759788000,125148,125339,124829,125094
1759791600,125094,125158,124727,124728
1759795200,124728,124991,124668,124967
1759798800,124949,125154,124532,124771
1759802400,124771,124778,124258,124341
1759806000,124341,124636,124189,124391
1759809600,124398,124712,124190,124579
1759813200,124579,124694,124324,124464
1759816800,124465,124519,123879,123968
1759820400,123968,124119,123654,123764
1759824000,123759,124082,123417,123952
1759827600,123952,124322,123952,124219
1759831200,124205,124499,124112,124379
1759834800,124378,124607,124282,124545
1759838400,124544,125235,124446,125008
1759842000,125019,125142,123431,123993
1759845600,123988,124084,122693,122834
1759849200,122876,122965,121288,121944
1759852800,121933,122150,120881,121753
1759856400,121764,121906,121161,121200
1759860000,121211,121373,120648,120943
1759863600,120942,122071,120917,121682
1759867200,121701,122268,121701,122011
1759870800,122015,122362,121853,122078
1759874400,122078,122238,121873,122078
1759878000,122078,122085,121311,121395
1759881600,121407,122156,121350,121986
1759885200,121980,122105,121659,122027
1759888800,122026,122282,121883,122108
1759892400,122099,122099,121277,121438
1759896000,121441,121966,121157,121948
1759899600,121948,121948,121216,121394
1759903200,121394,121871,121113,121823
1759906800,121833,121901,121349,121638
1759910400,121650,122899,121568,122437
1759914000,122433,122696,122421,122550
1759917600,122565,123124,122536,122986
1759921200,122992,123239,122789,122920
1759924800,122920,123099,122590,122672
1759928400,122672,122810,121722,122642
1759932000,122645,123372,122164,122350
1759935600,122350,122641,122001,122228
1759939200,122227,123157,122143,123100
1759942800,123099,124204,123003,124069
1759946400,124069,124220,123470,123481
1759950000,123480,123784,123180,123478
1759953600,123474,123762,122857,122889
1759957200,122889,123357,122855,123313
1759960800,123313,123446,123241,123242
1759964400,123236,123550,123085,123345
1759968000,123349,123375,122899,122899
1759971600,122899,122899,122370,122588
1759975200,122587,122587,121522,121651
1759978800,121650,122135,121641,122067
1759982400,122067,122282,121925,122170
1759986000,122170,122227,121854,122138
1759989600,122137,122210,121903,121980
1759993200,121978,122096,121770,121952
1759996800,121951,122005,121194,121290
1760000400,121289,121871,121289,121841
1760004000,121851,122369,121694,122206
1760007600,122220,122870,122220,122787
1760011200,122786,123819,122768,123624
1760014800,123621,123713,122355,122456
1760018400,122455,122634,120838,121384
1760022000,121376,121779,120741,121202
1760025600,121202,121536,119800,119930
1760029200,119883,121112,119736,121058
1760032800,121041,121171,120464,120728
1760036400,120715,121207,120715,121031
1760040000,121071,121262,120922,121178
1760043600,121178,121571,121125,121528
1760047200,121559,121833,121476,121752
1760050800,121752,121752,121418,121695
1760054400,121695,121915,121654,121811
1760058000,121811,121925,121559,121703
1760061600,121705,121718,120992,121126
1760065200,121126,121623,120984,121099
1760068800,121099,121448,121086,121289
1760072400,121284,121638,121055,121637
1760076000,121637,121784,121317,121420
1760079600,121421,121430,120926,120987
1760083200,120990,121697,120981,121665
1760086800,121667,121813,121317,121353
1760090400,121349,121590,121274,121533
1760094000,121533,121700,121467,121612
1760097600,121613,121725,121476,121642
1760101200,121646,122582,121437,121732
1760104800,121730,122106,120534,120556
1760108400,120535,120650,118497,119047
1760112000,119061,119491,118254,118254
1760115600,118251,118453,117608,117649
1760119200,117663,117869,117254,117261
1760122800,117251,117353,115968,116684
1760126400,116680,117246,113054,114296
1760130000,114290,115388,109683,113974
1760133600,113986,115210,112754,114106
1760137200,114006,115165,112952,112996
1760140800,112989,113336,111779,112703
1760144400,112694,112699,111183,111238
1760148000,111227,113398,111214,113332
1760151600,113331,113444,111932,112441
1760155200,112424,113125,111834,113107
1760158800,113114,113114,112165,112522
1760162400,112522,112897,112165,112218
1760166000,112219,112239,110225,110517
1760169600,110518,111624,110235,111445
1760173200,111452,111986,111388,111767
1760176800,111751,112374,111745,112220
1760180400,112220,112454,111796,112395
1760184000,112392,112608,112143,112494
1760187600,112500,112623,112003,112392
1760191200,112411,112484,112013,112116
1760194800,112104,112471,111919,111920
1760198400,111920,112216,111506,111962
1760202000,111961,112282,111819,112134
1760205600,112133,112156,111963,112087
1760209200,112087,112134,110996,111291
1760212800,111300,111463,109818,110375
1760216400,110379,111115,109711,111022
1760220000,111022,111420,110779,111179
1760223600,111179,111246,110760,110764
1760227200,110769,110809,109711,109772
1760230800,109790,110420,109762,110081
1760234400,110046,110805,109711,110222
1760238000,110174,111343,110102,110790
1760241600,110809,112050,110731,111611
1760245200,111622,111908,111293,111800
1760248800,111800,112213,111720,111793
1760252400,111797,112039,111599,111634
1760256000,111634,111906,111373,111373
1760259600,111373,111960,111221,111883
1760263200,111888,112065,111514,111725
1760266800,111726,112147,111535,111897
1760270400,111896,112267,111592,111841
1760274000,111841,111982,111314,111337
1760277600,111362,113022,111240,112368
1760281200,112391,113797,112160,113268
1760284800,113261,114777,113261,114170
1760288400,114170,114570,113656,113897
1760292000,113897,114338,113641,113971
1760295600,113970,114472,113919,114428
1760299200,114435,115548,114432,115014
1760302800,115013,115687,114362,114990
1760306400,115005,115854,114998,115336
1760310000,115336,115471,114846,115090
1760313600,115089,115993,114912,115407
1760317200,115407,115881,115198,115798
1760320800,115824,116035,115134,115437
1760324400,115438,115729,114743,114942
1760328000,114941,115120,114521,114816
1760331600,114816,114918,114619,114705
1760335200,114705,115410,114513,115295
1760338800,115295,115633,115109,115481
1760342400,115480,115527,115237,115359
1760346000,115349,115349,114899,115193
1760349600,115244,115244,114850,114941
1760353200,114917,114917,113751,114289
1760356800,114279,114815,114048,114499
1760360400,114498,115624,114318,115457
1760364000,115475,115586,113951,114145
1760367600,114134,114826,114085,114434
1760371200,114433,115287,114392,114759
1760374800,114759,115145,114319,115145
1760378400,115117,115479,114815,115263
1760382000,115250,115976,115167,115886
1760385600,115887,115972,115492,115805
1760389200,115810,115883,115656,115804
1760392800,115806,115928,115542,115600
1760396400,115600,115600,115107,115265
1760400000,115275,115508,114995,115052
1760403600,115059,115093,114231,114351
1760407200,114360,114377,113708,113708
1760410800,113718,113780,113351,113557
1760414400,113582,113673,112876,113154
1760418000,113130,113746,112484,112567
1760421600,112567,112769,111476,112050
1760425200,112050,112255,111570,111799
1760428800,111816,112201,111599,111917
1760432400,111916,112102,111161,111376
1760436000,111374,111412,110146,110722
1760439600,110719,111704,110718,111412
1760443200,111408,111445,110828,110879
1760446800,110878,111391,109971,111097
1760450400,111097,112279,110998,111461
1760454000,111461,112961,111129,112942
1760457600,112961,113230,112295,112394
1760461200,112378,112989,111798,112860
1760464800,112860,113542,112707,112917
1760468400,112913,113592,112093,112650
1760472000,112664,113039,112281,113039
1760475600,113039,113229,112746,113176
1760479200,113187,113600,112890,113246
1760482800,113266,113555,113055,113078
1760486400,113077,113176,112656,113059
1760490000,113022,113063,112391,112787
1760493600,112791,113655,112720,112876
1760497200,112876,112913,111880,112077
1760500800,112067,112498,111825,112400
1760504400,112398,112700,112249,112491
1760508000,112492,112630,111972,112502
1760511600,112533,112739,112294,112643
1760515200,112628,113584,112607,113019
1760518800,113019,113195,112471,112637
1760522400,112637,112727,112176,112356
1760526000,112355,112693,111838,112003
1760529600,112003,112177,111484,111788
1760533200,111787,112095,110828,111463
1760536800,111463,112308,110904,111145
1760540400,111147,111636,110464,110860
1760544000,110869,111187,110671,110821
1760547600,110830,111243,110217,111243
1760551200,111243,111543,110878,111492
1760554800,111492,111597,111132,111347
1760558400,111334,111597,110574,111149
1760562000,111157,111475,110547,110860
1760565600,110906,111438,110711,110711
1760569200,110711,111049,110639,110804
1760572800,110804,110913,110412,110490
1760576400,110489,111358,110482,111347
1760580000,111348,111600,111071,111564
1760583600,111564,111902,111323,111371
1760587200,111405,111727,110879,111028
1760590800,111029,111503,110783,110991
1760594400,110991,111756,110974,111698
1760598000,111721,111798,110557,110622
1760601600,110612,110923,110432,110854
1760605200,110850,111666,109672,111182
1760608800,111193,111744,111070,111514
1760612400,111491,111607,111076,111444
1760616000,111445,112012,111382,111571
1760619600,111570,111607,110683,110888
1760623200,110898,111469,109778,110545
1760626800,110581,110797,108416,108599
1760630400,108583,109303,107625,109256
1760634000,109285,109295,108261,108303
1760637600,108312,108710,107725,108710
1760641200,108710,108793,107718,108230
1760644800,108245,108476,107450,107851
1760648400,107876,108492,107621,108460
1760652000,108486,108531,107798,107820
1760655600,107819,108430,107776,108206
1760659200,108206,108820,107935,108808
1760662800,108820,109121,108546,108839
1760666400,108859,109089,108429,108998
1760670000,109000,109252,108938,109186
1760673600,109199,109261,108806,108819
1760677200,108819,108943,108332,108386
1760680800,108413,108523,106687,106780
1760684400,106765,106911,105541,105615
1760688000,105615,105711,104490,104889
1760691600,104888,105617,104484,104484
1760695200,104522,104896,103530,104736
1760698800,104736,106585,104666,105706
1760702400,105699,106073,105573,105837
1760706000,105477,106179,104898,105854
1760709600,105855,106016,104529,105171
1760713200,105171,106861,105114,106821
1760716800,106820,107535,106253,106390
1760720400,106407,106769,106094,106474
1760724000,106474,107117,106474,106667
1760727600,106684,106915,106278,106472
1760731200,106472,107215,106369,107038
1760734800,107038,107480,107038,107355
1760738400,107354,107469,106864,107041
1760742000,107041,107041,106444,106476
1760745600,106470,106888,106368,106879
1760749200,106891,107341,106858,107199
1760752800,107211,107340,106542,106630
1760756400,106631,107167,106628,107121
1760760000,107116,107122,106488,106507
1760763600,106522,106888,106522,106863
1760767200,106855,107000,106758,106894
1760770800,106890,107534,106688,106737
1760774400,106730,107007,106675,106777
1760778000,106761,106991,106683,106939
1760781600,106940,107189,106837,106963
1760785200,106966,107262,106817,107260
1760788800,107254,107341,107012,107118
1760792400,107117,107143,106851,106923
1760796000,106923,107158,106802,107075
1760799600,107079,107194,106860,106988
1760803200,106990,107097,106520,106695
1760806800,106695,106981,106606,106914
1760810400,106909,106955,106761,106883
1760814000,106884,107123,106800,107123
1760817600,107119,107354,107033,107065
1760821200,107046,107269,106892,107212
1760824800,107172,107351,107108,107161
1760828400,107161,107238,107050,107220
1760832000,107214,107299,106802,106940
1760835600,106928,107033,106766,107000
1760839200,107001,107037,106846,106879
1760842800,106880,107379,106833,107297
1760846400,107318,107318,107026,107052
1760850000,107052,107207,106840,106910
1760853600,106911,106942,106582,106814
1760857200,106813,106942,106722,106790
1760860800,106808,107219,106303,106463
1760864400,106440,108234,106137,107426
1760868000,107428,107908,107047,107906
1760871600,107907,108260,107667,107807
1760875200,107820,107886,107483,107632
1760878800,107623,108234,107407,108096
1760882400,108108,108532,107909,108446
1760886000,108448,108649,108369,108529
1760889600,108529,108990,108294,108656
1760893200,108656,109462,108652,109170
1760896800,109175,109488,109098,109441
1760900400,109440,109440,108851,108967
1760904000,108956,109046,108869,108893
1760907600,108907,108921,108664,108798
1760911200,108798,109406,108798,109196
1760914800,109189,109189,108521,108684
1760918400,108683,108683,107452,108090
1760922000,108090,108312,107936,108101
1760925600,108107,108990,107898,108811
1760929200,108813,110436,108611,110166
1760932800,110166,110557,110001,110461
1760936400,110461,111139,110323,111059
1760940000,111068,111383,111029,111325
1760943600,111325,111436,111095,111214
1760947200,111218,111673,110992,111123
1760950800,111125,111229,110729,110992
1760954400,111048,111142,110705,110775
1760958000,110786,111060,110677,111051
1760961600,111058,111221,110799,110875
1760965200,110904,111209,110621,111177
1760968800,111187,111385,110752,111227
1760972400,111227,111717,111062,111182
1760976000,111183,111322,110160,110733
1760979600,110722,111100,109877,110324
1760983200,110304,110993,110247,110958
1760986800,110959,111096,110555,110840
1760990400,110832,111304,110680,111133
1760994000,111132,111284,110499,110595
1760997600,110592,110905,110447,110860
1761001200,110820,110864,110562,110580
1761004800,110580,110580,110200,110496
1761008400,110472,110518,109574,109898
1761012000,109898,109947,109357,109534
1761015600,109560,109650,109107,109119
1761019200,109108,109108,107692,107842
1761022800,107823,108009,107460,107561
1761026400,107562,108221,107518,107970
1761030000,107942,108221,107691,108105
1761033600,108103,108124,107522,107738
1761037200,107731,107884,107585,107786
1761040800,107790,108832,107602,108532
1761044400,108529,108650,108195,108610
1761048000,108615,109488,108504,108814
1761051600,108824,108933,107946,108460
1761055200,108456,112326,108436,112220
1761058800,112217,113596,111776,113420
1761062400,113478,114088,112513,112590
1761066000,112596,113052,111911,112071
1761069600,112059,112337,111463,112064
1761073200,112063,112255,111623,111834
1761076800,111834,111862,110642,110868
1761080400,110850,111169,110159,110875
1761084000,110872,110872,108343,109125
1761087600,109119,109483,108125,108372
1761091200,108324,108675,107898,108048
1761094800,108037,108507,108037,108404
1761098400,108426,108734,108260,108260
1761102000,108238,108307,107923,108261
1761105600,108266,108676,108215,108676
1761109200,108676,108698,107961,108245
1761112800,108241,108393,108005,108054
1761116400,108040,108361,107653,108360
1761120000,108363,108402,108136,108281
1761123600,108281,108324,107832,108012
1761127200,108013,108157,107690,107703
1761130800,107705,108260,106101,107604
1761134400,107592,108450,107488,108087
1761138000,108087,109068,107693,108858
1761141600,108844,109022,107548,108940
1761145200,108965,109160,107762,108426
1761148800,108425,108799,107842,108223
1761152400,108222,108351,107579,107792
1761156000,107791,108214,107469,108008
1761159600,108037,108415,107728,107880
1761163200,107877,108074,107525,107674
1761166800,107714,107760,106692,107215
1761170400,107205,107670,106940,107202
1761174000,107201,107956,107171,107595
1761177600,107572,107974,107510,107859
1761181200,107859,108501,107837,108185
1761184800,108185,108427,108088,108427
1761188400,108439,108742,108347,108396
1761192000,108424,108960,108378,108676
1761195600,108676,109003,108650,108977
1761199200,108985,110319,108888,110292
1761202800,110287,110304,109246,109278
1761206400,109277,109921,109271,109541
1761210000,109542,109572,109160,109434
1761213600,109448,109724,109407,109468
1761217200,109467,109685,109143,109302
1761220800,109290,109290,108741,109190
1761224400,109189,109632,108824,109510
1761228000,109534,109849,108769,109629
1761231600,109649,110146,109526,109936
1761235200,109939,110594,109682,110291
1761238800,110299,111336,109686,111277
1761242400,111292,111329,110315,110617
1761246000,110614,110668,110160,110254
1761249600,110234,110234,109387,109587
1761253200,109561,109761,109415,109573
1761256800,109558,110196,109558,109996
1761260400,109996,110142,109879,110111
1761264000,110110,110730,110033,110543
1761267600,110547,110708,110187,110614
1761271200,110614,110863,110382,110634
1761274800,110608,110678,110319,110483
1761278400,110478,111505,110382,111221
1761282000,111218,111356,110969,111292
1761285600,111283,111529,111162,111521
1761289200,111504,111557,110824,111103
1761292800,111102,111249,110731,111122
1761296400,111122,111516,111036,111377
1761300000,111377,111377,111102,111150
1761303600,111150,111303,110650,111100
1761307200,111096,112066,110916,111326
1761310800,111339,111471,110408,110941
1761314400,110948,110948,109731,110196
1761318000,110244,110642,109915,110064
1761321600,110063,110403,109814,110268
1761325200,110275,110596,110207,110250
1761328800,110250,110637,110175,110632
1761332400,110632,110956,110514,110628
1761336000,110623,111020,110484,110905
1761339600,110944,111128,110657,111123
1761343200,111120,111158,110950,111053
1761346800,111052,111152,110911,111039
1761350400,111038,111079,110704,110797
1761354000,110806,111236,110790,111100
1761357600,111100,111152,110985,111056
1761361200,111061,111161,111031,111059
1761364800,111059,111450,111059,111240
1761368400,111240,111441,111112,111404
1761372000,111417,111496,111281,111390
1761375600,111390,111808,111389,111504
1761379200,111508,111811,111508,111810
1761382800,111807,111838,111523,111538
1761386400,111545,111736,111423,111588
1761390000,111589,111698,111516,111591
1761393600,111591,111945,111560,111927
1761397200,111931,111941,111558,111697
1761400800,111697,111771,111557,111607
1761404400,111606,111606,111356,111418
1761408000,111418,111478,111222,111403
1761411600,111404,111473,111322,111396
1761415200,111396,111731,111337,111730
1761418800,111709,111731,111595,111646
1761422400,111646,111671,111409,111450
1761426000,111450,111502,111372,111501
1761429600,111502,111691,111434,111646
1761433200,111646,111691,111548,111668
1761436800,111658,111905,111560,111738
1761440400,111738,111860,111557,111664
1761444000,111637,111709,111437,111476
1761447600,111476,111524,111288,111289
1761451200,111289,111490,111281,111444
1761454800,111445,111650,111385,111625
1761458400,111625,111677,111559,111642
1761462000,111644,111731,111629,111731
1761465600,111731,111865,111731,111800
1761469200,111800,112781,111743,112552
1761472800,112552,112579,112215,112490
1761476400,112510,113406,112449,113279
1761480000,113281,113815,113281,113565
1761483600,113653,113992,113310,113713
1761487200,113725,113891,113551,113570
1761490800,113569,113736,113446,113701
1761494400,113723,113768,113297,113531
1761498000,113509,113758,113450,113461
1761501600,113461,113779,113461,113591
1761505200,113591,113705,113502,113597
1761508800,113596,113596,113325,113330
1761512400,113332,113582,112933,113490
1761516000,113490,115447,113490,114696
1761519600,114685,114953,114403,114551
1761523200,114551,115146,114385,114763
1761526800,114763,115387,114715,115292
1761530400,115304,115461,114834,114892
1761534000,114885,115259,114845,114982
1761537600,115006,115309,114956,115271
1761541200,115270,115618,115270,115561
1761544800,115560,116090,115347,116050
1761548400,116051,116381,115508,115548
1761552000,115548,115605,114912,115015
1761555600,115019,115341,114830,115259
1761559200,115256,115535,115127,115451
1761562800,115452,115521,115147,115359
1761566400,115358,115440,115009,115060
1761570000,115061,115396,114596,115247
1761573600,115249,115347,114492,114822
1761577200,114822,115202,114784,114946
1761580800,114966,115618,114874,115495
1761584400,115495,115701,115317,115701
1761588000,115700,115798,115342,115364
1761591600,115363,115363,114801,114933
1761595200,114936,114936,114414,114496
1761598800,114452,114608,114143,114312
1761602400,114312,114568,114052,114088
1761606000,114095,114189,113856,114101
1761609600,114101,114347,113801,113951
1761613200,113951,114513,113951,114410
1761616800,114417,114466,113573,113944
1761620400,113944,114102,113733,113905
1761624000,113888,114074,113763,113972
1761627600,113956,113988,113487,113596
1761631200,113615,114170,113611,114106
1761634800,114114,114335,114093,114189
1761638400,114185,114457,114109,114420
1761642000,114426,114596,114189,114534
1761645600,114534,114606,114427,114603
1761649200,114603,114651,114300,114351
1761652800,114341,114486,114157,114455
1761656400,114454,115521,114454,115521
1761660000,115521,116077,114280,115063
1761663600,115063,115382,114523,114641
1761667200,114639,115493,114534,115351
1761670800,115351,115576,115227,115286
1761674400,115286,115377,114664,115026
1761678000,115038,115050,113571,113678
1761681600,113671,113692,112349,112808
1761685200,112807,113229,112218,113011
1761688800,113001,113297,112848,113251
1761692400,113247,113247,112793,112925
1761696000,112920,112920,112457,112457
1761699600,112457,112930,112106,112504
1761703200,112515,112792,112430,112681
1761706800,112680,112680,112350,112534
1761710400,112524,112896,112516,112839
1761714000,112831,113371,112831,113069
1761717600,113052,113361,113000,113290
1761721200,113294,113569,113253,113564
1761724800,113565,113641,112966,113081
1761728400,113078,113110,112822,112999
1761732000,112999,113196,112754,112896
1761735600,112892,113249,112760,113142
1761739200,113142,113338,113083,113165
1761742800,113165,113654,112716,112888
1761746400,112886,112914,112228,112487
1761750000,112489,112551,111411,111506
1761753600,111508,111508,110962,111105
1761757200,111105,111917,111008,111852
1761760800,111875,112006,109265,110826
1761764400,110818,111442,110186,110644
1761768000,110671,111530,110426,111439
1761771600,111438,111808,111396,111615
1761775200,111602,111631,110969,111033
1761778800,111016,111081,109758,110038
1761782400,110037,110585,109751,110555
1761786000,110555,110716,110272,110446
1761789600,110447,111006,110347,110982
1761793200,110983,110983,110543,110763
1761796800,110763,110763,107948,108581
1761800400,108578,110435,108427,110273
1761804000,110271,110958,110000,110799
1761807600,110773,111603,110671,111363
1761811200,111363,111434,110680,110713
1761814800,110712,110811,110133,110163
1761818400,110141,110244,109856,110116
1761822000,110116,110145,109685,109721
1761825600,109711,109778,108286,108395
1761829200,108381,108731,107387,107621
1761832800,107628,108347,107612,108267
1761836400,108263,108329,107341,107707
1761840000,107707,108207,107555,108124
1761843600,108124,108133,106516,107468
1761847200,107468,107540,106815,106824
1761850800,106823,107135,106313,106514
1761854400,106495,107612,106303,107496
1761858000,107495,107938,107373,107907
1761861600,107915,107920,107450,107902
1761865200,107905,108324,107584,108306
1761868800,108307,109553,108272,109277
1761872400,109314,109991,109157,109587
1761876000,109588,109667,108546,108837
1761879600,108853,109277,108611,109213
1761883200,109213,110173,109090,110067
1761886800,110052,110052,109669,109860
1761890400,109885,109948,109490,109616
1761894000,109610,109785,109191,109383
1761897600,109385,110054,109186,110043
1761901200,110029,110397,109778,109816
1761904800,109826,110073,109673,109793
1761908400,109793,110463,109448,110381
1761912000,110381,110610,109570,109603
1761915600,109604,110191,109330,110108
1761919200,110109,110935,109540,110687
1761922800,110689,111049,110070,110147
1761926400,110098,110240,108637,108759
1761930000,108773,109346,108572,109234
1761933600,109232,109740,108884,109376
1761937200,109375,110169,109044,109739
1761940800,109729,109755,109373,109419
1761944400,109421,109700,109261,109496
1761948000,109507,109742,109411,109522
1761951600,109512,109634,109458,109554
1761955200,109554,109698,109370,109670
1761958800,109670,109975,109647,109673
1761962400,109650,109790,109422,109715
1761966000,109720,110226,109720,110171
1761969600,110171,110478,110068,110233
1761973200,110233,110317,109990,110072
1761976800,110070,110116,109896,109939
1761980400,109939,110198,109929,110006
1761984000,110017,110209,110012,110183
1761987600,110161,110187,109903,109923
1761991200,109937,110094,109804,110086
1761994800,110093,110151,109950,110068
1761998400,110068,110127,109949,109954
1762002000,109954,109995,109662,109894
1762005600,109886,109939,109687,109879
1762009200,109879,110279,109863,110239
1762012800,110239,110478,110160,110416
1762016400,110414,110438,110152,110175
1762020000,110167,110320,110152,110299
1762023600,110284,110285,110177,110262
1762027200,110260,110468,110258,110362
1762030800,110362,110383,109818,109819
1762034400,109820,110041,109820,110041
1762038000,110041,110079,109915,110047
1762041600,110039,110075,109862,109925
1762045200,109925,110058,109884,109937
1762048800,109915,110212,109851,109993
1762052400,109974,110042,109926,110010
1762056000,110002,110707,109992,110632
1762059600,110641,110662,110252,110462
1762063200,110447,110663,110252,110614
1762066800,110614,110969,110411,110888
1762070400,110863,110968,110679,110800
1762074000,110800,110995,110505,110671
1762077600,110671,110809,110332,110456
1762081200,110461,111102,110461,111102
1762084800,111102,111129,110664,110700
1762088400,110700,110726,110165,110545
1762092000,110523,110623,110200,110403
1762095600,110399,110544,110094,110103
1762099200,110100,110121,109747,110098
1762102800,110098,110239,110017,110179
1762106400,110179,110315,110163,110315
1762110000,110314,110314,109975,110146
1762113600,110146,110186,109883,110076
1762117200,110081,110121,109957,109987
1762120800,109997,110002,109475,109883
1762124400,109883,110716,109883,110530
1762128000,110524,110730,109753,109753
1762131600,109751,109883,109388,109664
1762135200,109674,109751,108676,109026
1762138800,109025,109142,107890,107936
1762142400,107936,107994,107483,107882
1762146000,107887,108019,107402,107588
1762149600,107575,107689,107008,107478
1762153200,107485,107795,107259,107442
1762156800,107412,107683,106986,107561
1762160400,107544,107893,107071,107168
1762164000,107168,107586,106746,106934
1762167600,106938,107884,106938,107770
1762171200,107790,108230,107704,107748
1762174800,107734,108037,107574,107894
1762178400,107894,108306,107355,108036
1762182000,108037,108104,105440,105721
1762185600,105732,106770,105300,106639
1762189200,106651,107707,106513,107459
1762192800,107458,107566,106781,106936
1762196400,106936,107360,106421,107050
1762200000,107053,107136,106242,106623
1762203600,106623,107066,106048,106868
1762207200,106867,106867,105805,106461
1762210800,106461,106726,106021,106548
1762214400,106550,106765,105837,106440
1762218000,106440,107226,106251,107015
1762221600,106997,107197,106445,106454
1762225200,106455,107187,106214,107139
1762228800,107128,107260,106685,106728
1762232400,106727,106727,104158,104178
1762236000,104177,105166,104138,104747
1762239600,104750,104915,104319,104450
1762243200,104449,104556,103732,103994
1762246800,103993,104061,103576,103791
1762250400,103796,104014,103553,103763
1762254000,103764,104648,103721,104560
1762257600,104552,104658,103797,103928
1762261200,103927,104199,103534,103874
1762264800,103879,104642,102876,104463
1762268400,104477,104782,103138,103140
1762272000,103144,103452,102081,102195
1762275600,102193,102193,100740,101055
1762279200,101055,101419,99939,101308
1762282800,101306,101647,100329,100465
1762286400,100463,101042,99533,100701
1762290000,100701,100768,98898,100261
1762293600,100199,101833,100035,101244
1762297200,101266,101687,100886,101466
1762300800,101473,101711,100342,100533
1762304400,100543,100978,98943,100713
1762308000,100736,101882,100736,101651
1762311600,101697,102250,101455,102128
1762315200,102128,102235,101516,101960
1762318800,101985,102329,101601,101804
1762322400,101804,102115,101500,102108
1762326000,102107,102127,101591,101990
1762329600,101959,101959,101183,101695
1762333200,101683,102176,101602,101985
1762336800,101985,101985,101334,101391
1762340400,101396,102078,101377,102077
1762344000,102069,102741,101908,102675
1762347600,102659,103236,102295,102980
1762351200,102980,103433,102201,103189
1762354800,103189,103782,102828,103707
1762358400,103713,104025,103075,103902
1762362000,103902,103991,103369,103904
1762365600,103902,104412,103757,104359
1762369200,104358,104507,103986,104033
1762372800,104009,104532,103670,103850
1762376400,103824,103824,103509,103662
1762380000,103643,103778,103296,103721
1762383600,103744,104069,103654,103865
1762387200,103865,103883,103323,103662
1762390800,103651,103651,102717,103356
1762394400,103350,103546,102864,103317
1762398000,103310,103914,103310,103625
1762401600,103629,104187,103567,104031
1762405200,104031,104031,103078,103121
1762408800,103134,103591,103013,103314
1762412400,103269,103546,102914,103181
1762416000,103162,103429,102972,103185
1762419600,103185,103248,102816,102816
1762423200,102804,103261,102638,103102
1762426800,103102,103273,102730,103205
1762430400,103206,103298,102359,102523
1762434000,102523,103558,102523,103267
1762437600,103268,103530,102005,102064
1762441200,102064,102880,101578,101965
1762444800,101981,102286,100246,100794
1762448400,100806,101870,100707,101747
1762452000,101747,102267,100856,101673
1762455600,101660,101950,101151,101335
1762459200,101335,101576,100614,100837
1762462800,100852,101164,100491,101080
1762466400,101063,101437,100958,101370
1762470000,101369,101489,101086,101284
1762473600,101288,101586,100695,101426
1762477200,101431,101818,100858,101492
1762480800,101513,101858,101201,101857
1762484400,101835,102278,101830,101864
1762488000,101874,102011,101519,101960
1762491600,101965,102463,101965,102392
1762495200,102392,102445,101797,101797
1762498800,101784,101962,101601,101962
1762502400,101961,101989,101399,101437
1762506000,101440,101440,100764,100956
1762509600,100949,101195,100534,100714
1762513200,100713,100731,99765,100361
1762516800,100357,100558,99192,99572
1762520400,99571,100486,99387,100262
1762524000,100253,100812,99467,100721
1762527600,100722,101180,100284,100727
1762531200,100733,101544,100448,101106
1762534800,101107,102647,100891,102334
1762538400,102331,102779,102229,102544
1762542000,102543,103335,102418,103335
1762545600,103340,103861,102903,103758
1762549200,103758,103845,103301,103845
1762552800,103846,104044,103562,103598
1762556400,103594,103724,103265,103275
1762560000,103275,103345,102501,102644
1762563600,102619,103137,102595,102927
1762567200,102927,103261,102717,102797
1762570800,102796,103224,102535,102553
1762574400,102538,102783,102360,102509
1762578000,102492,102679,102237,102244
1762581600,102254,102463,102043,102167
1762585200,102168,102352,101868,102316
1762588800,102299,102623,102115,102394
1762592400,102386,102546,102179,102349
1762596000,102349,102523,102244,102443
1762599600,102401,102588,101700,101829
1762603200,101818,102064,101700,101997
1762606800,102009,102147,101700,101776
1762610400,101764,102032,101435,101809
1762614000,101798,101920,101474,101675
1762617600,101690,101926,101515,101832
1762621200,101833,101968,101564,101967
1762624800,101967,102188,101809,102122
1762628400,102123,102161,101516,101961
1762632000,101963,102127,101933,102038
1762635600,102038,102340,102009,102251
1762639200,102251,102385,102151,102348
1762642800,102339,102446,102254,102286
1762646400,102295,102313,101638,101758
1762650000,101761,102074,101668,101998
1762653600,101993,101993,101566,101612
1762657200,101611,101790,101394,101637
1762660800,101637,102090,101624,101709
1762664400,101709,101991,101665,101892
1762668000,101907,101940,101684,101710
1762671600,101709,101968,101663,101944
1762675200,101945,102044,101813,101955
1762678800,101988,102103,101633,101663
1762682400,101662,101894,101516,101861
1762686000,101867,102274,101867,102215
1762689600,102218,102397,102042,102069
1762693200,102069,102963,102053,102906
1762696800,102895,104007,102766,102978
1762700400,103022,104115,102962,103747
1762704000,103743,103884,103323,103839
1762707600,103839,103946,103317,103615
1762711200,103623,104541,103505,104498
1762714800,104501,104794,104141,104785
1762718400,104796,105022,104403,104624
1762722000,104624,104831,104302,104517
1762725600,104518,104796,104076,104708
1762729200,104735,105425,104521,104705
1762732800,104677,106482,104256,106278
1762736400,106286,106623,105705,105716
1762740000,105705,106042,105580,106000
1762743600,106000,106252,105828,106031
1762747200,106023,106278,105828,106136
1762750800,106136,106444,105986,106082
1762754400,106083,106289,105948,106210
1762758000,106216,106519,106144,106391